hanzi,unicode_codepoint,gif_filename
一,19968,19968.gif
丁,19969,19969.gif
七,19971,19971.gif
万,19975,19975.gif
丈,19976,19976.gif
三,19977,19977.gif
上,19978,19978.gif
下,19979,19979.gif
不,19981,19981.gif
与,19982,19982.gif
丐,19984,19984.gif
丑,19985,19985.gif
专,19987,19987.gif
且,19988,19988.gif
世,19990,19990.gif
丘,19992,19992.gif
丙,19993,19993.gif
业,19994,19994.gif
丛,19995,19995.gif
东,19996,19996.gif
丝,19997,19997.gif
丞,19998,19998.gif
丢,20002,20002.gif
两,20004,20004.gif
严,20005,20005.gif
丧,20007,20007.gif
个,20010,20010.gif
丫,20011,20011.gif
中,20013,20013.gif
丰,20016,20016.gif
串,20018,20018.gif
临,20020,20020.gif
丸,20024,20024.gif
丹,20025,20025.gif
为,20026,20026.gif
主,20027,20027.gif
丽,20029,20029.gif
举,20030,20030.gif
乃,20035,20035.gif
久,20037,20037.gif
么,20040,20040.gif
义,20041,20041.gif
之,20043,20043.gif
乌,20044,20044.gif
乍,20045,20045.gif
乎,20046,20046.gif
乏,20047,20047.gif
乐,20048,20048.gif
乒,20050,20050.gif
乓,20051,20051.gif
乔,20052,20052.gif
乖,20054,20054.gif
乘,20056,20056.gif
乙,20057,20057.gif
九,20061,20061.gif
乞,20062,20062.gif
也,20063,20063.gif
习,20064,20064.gif
乡,20065,20065.gif
书,20070,20070.gif
买,20080,20080.gif
乱,20081,20081.gif
乳,20083,20083.gif
乾,20094,20094.gif
了,20102,20102.gif
予,20104,20104.gif
争,20105,20105.gif
事,20107,20107.gif
二,20108,20108.gif
于,20110,20110.gif
亏,20111,20111.gif
云,20113,20113.gif
互,20114,20114.gif
五,20116,20116.gif
井,20117,20117.gif
亘,20120,20120.gif
亚,20122,20122.gif
些,20123,20123.gif
亟,20127,20127.gif
亡,20129,20129.gif
亢,20130,20130.gif
交,20132,20132.gif
亥,20133,20133.gif
亦,20134,20134.gif
产,20135,20135.gif
亨,20136,20136.gif
亩,20137,20137.gif
享,20139,20139.gif
京,20140,20140.gif
亭,20141,20141.gif
亮,20142,20142.gif
亲,20146,20146.gif
亵,20149,20149.gif
人,20154,20154.gif
亿,20159,20159.gif
什,20160,20160.gif
仁,20161,20161.gif
仃,20163,20163.gif
仄,20164,20164.gif
仅,20165,20165.gif
仆,20166,20166.gif
仇,20167,20167.gif
今,20170,20170.gif
介,20171,20171.gif
仍,20173,20173.gif
从,20174,20174.gif
仑,20177,20177.gif
仓,20179,20179.gif
仔,20180,20180.gif
仕,20181,20181.gif
他,20182,20182.gif
仗,20183,20183.gif
付,20184,20184.gif
仙,20185,20185.gif
仞,20190,20190.gif
仟,20191,20191.gif
仡,20193,20193.gif
代,20195,20195.gif
令,20196,20196.gif
以,20197,20197.gif
仨,20200,20200.gif
仪,20202,20202.gif
们,20204,20204.gif
仰,20208,20208.gif
仲,20210,20210.gif
件,20214,20214.gif
价,20215,20215.gif
任,20219,20219.gif
份,20221,20221.gif
仿,20223,20223.gif
企,20225,20225.gif
伉,20233,20233.gif
伊,20234,20234.gif
伍,20237,20237.gif
伎,20238,20238.gif
伏,20239,20239.gif
伐,20240,20240.gif
休,20241,20241.gif
众,20247,20247.gif
优,20248,20248.gif
伙,20249,20249.gif
会,20250,20250.gif
伞,20254,20254.gif
伟,20255,20255.gif
传,20256,20256.gif
伤,20260,20260.gif
伥,20261,20261.gif
伦,20262,20262.gif
伪,20266,20266.gif
伫,20267,20267.gif
伯,20271,20271.gif
估,20272,20272.gif
伴,20276,20276.gif
伶,20278,20278.gif
伸,20280,20280.gif
伺,20282,20282.gif
似,20284,20284.gif
伽,20285,20285.gif
佃,20291,20291.gif
但,20294,20294.gif
位,20301,20301.gif
低,20302,20302.gif
住,20303,20303.gif
佐,20304,20304.gif
佑,20305,20305.gif
体,20307,20307.gif
何,20309,20309.gif
余,20313,20313.gif
佚,20314,20314.gif
佛,20315,20315.gif
作,20316,20316.gif
佝,20317,20317.gif
佞,20318,20318.gif
你,20320,20320.gif
佣,20323,20323.gif
佩,20329,20329.gif
佬,20332,20332.gif
佯,20335,20335.gif
佰,20336,20336.gif
佳,20339,20339.gif
佶,20342,20342.gif
佻,20347,20347.gif
佼,20348,20348.gif
使,20351,20351.gif
侃,20355,20355.gif
侄,20356,20356.gif
侈,20360,20360.gif
侉,20361,20361.gif
例,20363,20363.gif
侍,20365,20365.gif
侗,20375,20375.gif
供,20379,20379.gif
依,20381,20381.gif
侠,20384,20384.gif
侣,20387,20387.gif
侥,20389,20389.gif
侦,20390,20390.gif
侧,20391,20391.gif
侨,20392,20392.gif
侩,20393,20393.gif
侮,20398,20398.gif
侯,20399,20399.gif
侵,20405,20405.gif
便,20415,20415.gif
促,20419,20419.gif
俄,20420,20420.gif
俊,20426,20426.gif
俎,20430,20430.gif
俏,20431,20431.gif
俐,20432,20432.gif
俑,20433,20433.gif
俗,20439,20439.gif
俘,20440,20440.gif
俚,20442,20442.gif
保,20445,20445.gif
信,20449,20449.gif
俨,20456,20456.gif
俩,20457,20457.gif
俪,20458,20458.gif
俭,20461,20461.gif
修,20462,20462.gif
俯,20463,20463.gif
俱,20465,20465.gif
俳,20467,20467.gif
俸,20472,20472.gif
俺,20474,20474.gif
倌,20492,20492.gif
倍,20493,20493.gif
倏,20495,20495.gif
倒,20498,20498.gif
倔,20500,20500.gif
倘,20504,20504.gif
候,20505,20505.gif
倚,20506,20506.gif
借,20511,20511.gif
倡,20513,20513.gif
倥,20517,20517.gif
倦,20518,20518.gif
倨,20520,20520.gif
倩,20521,20521.gif
倪,20522,20522.gif
倭,20525,20525.gif
债,20538,20538.gif
值,20540,20540.gif
倾,20542,20542.gif
偃,20547,20547.gif
假,20551,20551.gif
偈,20552,20552.gif
偌,20556,20556.gif
偎,20558,20558.gif
偏,20559,20559.gif
偕,20565,20565.gif
做,20570,20570.gif
停,20572,20572.gif
健,20581,20581.gif
偬,20588,20588.gif
偶,20598,20598.gif
偷,20599,20599.gif
偻,20603,20603.gif
偿,20607,20607.gif
傀,20608,20608.gif
傅,20613,20613.gif
傍,20621,20621.gif
傣,20643,20643.gif
傧,20647,20647.gif
储,20648,20648.gif
催,20652,20652.gif
傲,20658,20658.gif
傻,20667,20667.gif
像,20687,20687.gif
僚,20698,20698.gif
僧,20711,20711.gif
僭,20717,20717.gif
僵,20725,20725.gif
僻,20731,20731.gif
儆,20742,20742.gif
儒,20754,20754.gif
儡,20769,20769.gif
儿,20799,20799.gif
兀,20800,20800.gif
允,20801,20801.gif
元,20803,20803.gif
兄,20804,20804.gif
充,20805,20805.gif
兆,20806,20806.gif
先,20808,20808.gif
光,20809,20809.gif
克,20811,20811.gif
免,20813,20813.gif
兑,20817,20817.gif
兔,20820,20820.gif
党,20826,20826.gif
兜,20828,20828.gif
兢,20834,20834.gif
入,20837,20837.gif
全,20840,20840.gif
八,20843,20843.gif
公,20844,20844.gif
六,20845,20845.gif
兮,20846,20846.gif
兰,20848,20848.gif
共,20849,20849.gif
关,20851,20851.gif
兴,20852,20852.gif
兵,20853,20853.gif
其,20854,20854.gif
具,20855,20855.gif
典,20856,20856.gif
兹,20857,20857.gif
养,20859,20859.gif
兼,20860,20860.gif
兽,20861,20861.gif
冀,20864,20864.gif
内,20869,20869.gif
冈,20872,20872.gif
冉,20873,20873.gif
册,20876,20876.gif
再,20877,20877.gif
冒,20882,20882.gif
冕,20885,20885.gif
冗,20887,20887.gif
写,20889,20889.gif
军,20891,20891.gif
农,20892,20892.gif
冠,20896,20896.gif
冢,20898,20898.gif
冤,20900,20900.gif
冥,20901,20901.gif
冬,20908,20908.gif
冯,20911,20911.gif
冰,20912,20912.gif
冲,20914,20914.gif
决,20915,20915.gif
况,20917,20917.gif
冶,20918,20918.gif
冷,20919,20919.gif
冻,20923,20923.gif
冽,20925,20925.gif
净,20928,20928.gif
凄,20932,20932.gif
准,20934,20934.gif
凇,20935,20935.gif
凉,20937,20937.gif
凋,20939,20939.gif
凌,20940,20940.gif
减,20943,20943.gif
凑,20945,20945.gif
凛,20955,20955.gif
凝,20957,20957.gif
几,20960,20960.gif
凡,20961,20961.gif
凤,20964,20964.gif
凫,20971,20971.gif
凭,20973,20973.gif
凯,20975,20975.gif
凰,20976,20976.gif
凳,20979,20979.gif
凶,20982,20982.gif
凸,20984,20984.gif
凹,20985,20985.gif
出,20986,20986.gif
击,20987,20987.gif
函,20989,20989.gif
凿,20991,20991.gif
刀,20992,20992.gif
刁,20993,20993.gif
刃,20995,20995.gif
分,20998,20998.gif
切,20999,20999.gif
刊,21002,21002.gif
刍,21005,21005.gif
刎,21006,21006.gif
刑,21009,21009.gif
划,21010,21010.gif
列,21015,21015.gif
刘,21016,21016.gif
则,21017,21017.gif
刚,21018,21018.gif
创,21019,21019.gif
初,21021,21021.gif
删,21024,21024.gif
判,21028,21028.gif
刨,21032,21032.gif
利,21033,21033.gif
别,21035,21035.gif
刮,21038,21038.gif
到,21040,21040.gif
制,21046,21046.gif
刷,21047,21047.gif
券,21048,21048.gif
刹,21049,21049.gif
刺,21050,21050.gif
刻,21051,21051.gif
刽,21053,21053.gif
剁,21057,21057.gif
剂,21058,21058.gif
剃,21059,21059.gif
削,21066,21066.gif
前,21069,21069.gif
剐,21072,21072.gif
剑,21073,21073.gif
剔,21076,21076.gif
剖,21078,21078.gif
剜,21084,21084.gif
剥,21093,21093.gif
剧,21095,21095.gif
剩,21097,21097.gif
剪,21098,21098.gif
副,21103,21103.gif
割,21106,21106.gif
剽,21117,21117.gif
剿,21119,21119.gif
劁,21121,21121.gif
劈,21128,21128.gif
劐,21136,21136.gif
力,21147,21147.gif
劝,21149,21149.gif
办,21150,21150.gif
功,21151,21151.gif
加,21152,21152.gif
务,21153,21153.gif
劣,21155,21155.gif
动,21160,21160.gif
助,21161,21161.gif
努,21162,21162.gif
劫,21163,21163.gif
劬,21164,21164.gif
劭,21165,21165.gif
励,21169,21169.gif
劲,21170,21170.gif
劳,21171,21171.gif
劾,21182,21182.gif
势,21183,21183.gif
勃,21187,21187.gif
勇,21191,21191.gif
勉,21193,21193.gif
勋,21195,21195.gif
勒,21202,21202.gif
勘,21208,21208.gif
募,21215,21215.gif
勤,21220,21220.gif
勺,21242,21242.gif
勾,21246,21246.gif
勿,21247,21247.gif
匀,21248,21248.gif
包,21253,21253.gif
匆,21254,21254.gif
匈,21256,21256.gif
匕,21269,21269.gif
化,21270,21270.gif
北,21271,21271.gif
匙,21273,21273.gif
匝,21277,21277.gif
匠,21280,21280.gif
匡,21281,21281.gif
匣,21283,21283.gif
匪,21290,21290.gif
匮,21294,21294.gif
匹,21305,21305.gif
区,21306,21306.gif
医,21307,21307.gif
匾,21310,21310.gif
匿,21311,21311.gif
十,21313,21313.gif
千,21315,21315.gif
卅,21317,21317.gif
升,21319,21319.gif
午,21320,21320.gif
卉,21321,21321.gif
半,21322,21322.gif
华,21326,21326.gif
协,21327,21327.gif
卑,21329,21329.gif
卒,21330,21330.gif
卓,21331,21331.gif
单,21333,21333.gif
卖,21334,21334.gif
南,21335,21335.gif
博,21338,21338.gif
卜,21340,21340.gif
占,21344,21344.gif
卡,21345,21345.gif
卢,21346,21346.gif
卤,21348,21348.gif
卦,21350,21350.gif
卧,21351,21351.gif
卫,21355,21355.gif
卯,21359,21359.gif
印,21360,21360.gif
危,21361,21361.gif
即,21363,21363.gif
却,21364,21364.gif
卵,21365,21365.gif
卷,21367,21367.gif
卸,21368,21368.gif
卿,21375,21375.gif
厂,21378,21378.gif
厄,21380,21380.gif
厅,21381,21381.gif
历,21382,21382.gif
厉,21385,21385.gif
压,21387,21387.gif
厌,21388,21388.gif
厕,21397,21397.gif
厘,21400,21400.gif
厚,21402,21402.gif
原,21407,21407.gif
厢,21410,21410.gif
厥,21413,21413.gif
厦,21414,21414.gif
厨,21416,21416.gif
厩,21417,21417.gif
厮,21422,21422.gif
去,21435,21435.gif
县,21439,21439.gif
叁,21441,21441.gif
参,21442,21442.gif
又,21448,21448.gif
叉,21449,21449.gif
及,21450,21450.gif
友,21451,21451.gif
双,21452,21452.gif
反,21453,21453.gif
发,21457,21457.gif
叔,21460,21460.gif
取,21462,21462.gif
受,21463,21463.gif
变,21464,21464.gif
叙,21465,21465.gif
叛,21467,21467.gif
叠,21472,21472.gif
口,21475,21475.gif
古,21476,21476.gif
句,21477,21477.gif
另,21478,21478.gif
叨,21480,21480.gif
叩,21481,21481.gif
只,21482,21482.gif
叫,21483,21483.gif
召,21484,21484.gif
叭,21485,21485.gif
叮,21486,21486.gif
可,21487,21487.gif
台,21488,21488.gif
叱,21489,21489.gif
史,21490,21490.gif
右,21491,21491.gif
叵,21493,21493.gif
叶,21494,21494.gif
号,21495,21495.gif
司,21496,21496.gif
叹,21497,21497.gif
叼,21500,21500.gif
叽,21501,21501.gif
吁,21505,21505.gif
吃,21507,21507.gif
各,21508,21508.gif
吆,21510,21510.gif
合,21512,21512.gif
吉,21513,21513.gif
吊,21514,21514.gif
同,21516,21516.gif
名,21517,21517.gif
后,21518,21518.gif
吏,21519,21519.gif
吐,21520,21520.gif
向,21521,21521.gif
吓,21523,21523.gif
吕,21525,21525.gif
吗,21527,21527.gif
君,21531,21531.gif
吝,21533,21533.gif
吞,21534,21534.gif
吟,21535,21535.gif
吠,21536,21536.gif
否,21542,21542.gif
吧,21543,21543.gif
吨,21544,21544.gif
吩,21545,21545.gif
含,21547,21547.gif
听,21548,21548.gif
吭,21549,21549.gif
吮,21550,21550.gif
启,21551,21551.gif
吱,21553,21553.gif
吴,21556,21556.gif
吵,21557,21557.gif
吸,21560,21560.gif
吹,21561,21561.gif
吻,21563,21563.gif
吼,21564,21564.gif
吾,21566,21566.gif
呀,21568,21568.gif
呆,21574,21574.gif
呈,21576,21576.gif
告,21578,21578.gif
呐,21584,21584.gif
呓,21587,21587.gif
呕,21589,21589.gif
员,21592,21592.gif
呛,21595,21595.gif
呜,21596,21596.gif
呢,21602,21602.gif
呦,21606,21606.gif
周,21608,21608.gif
呱,21617,21617.gif
味,21619,21619.gif
呵,21621,21621.gif
呸,21624,21624.gif
呻,21627,21627.gif
呼,21628,21628.gif
命,21629,21629.gif
咀,21632,21632.gif
咂,21634,21634.gif
咄,21636,21636.gif
咆,21638,21638.gif
咋,21643,21643.gif
和,21644,21644.gif
咎,21646,21646.gif
咏,21647,21647.gif
咐,21648,21648.gif
咒,21650,21650.gif
咔,21652,21652.gif
咕,21653,21653.gif
咖,21654,21654.gif
咙,21657,21657.gif
咚,21658,21658.gif
咛,21659,21659.gif
咝,21661,21661.gif
咣,21667,21667.gif
咤,21668,21668.gif
咦,21670,21670.gif
咧,21671,21671.gif
咨,21672,21672.gif
咩,21673,21673.gif
咪,21674,21674.gif
咫,21675,21675.gif
咬,21676,21676.gif
咯,21679,21679.gif
咱,21681,21681.gif
咳,21683,21683.gif
咸,21688,21688.gif
咻,21691,21691.gif
咽,21693,21693.gif
咿,21695,21695.gif
哀,21696,21696.gif
品,21697,21697.gif
哂,21698,21698.gif
哄,21700,21700.gif
哆,21702,21702.gif
哇,21703,21703.gif
哈,21704,21704.gif
哉,21705,21705.gif
响,21709,21709.gif
哎,21710,21710.gif
哏,21711,21711.gif
哐,21712,21712.gif
哑,21713,21713.gif
哗,21719,21719.gif
哝,21725,21725.gif
哞,21726,21726.gif
哟,21727,21727.gif
哥,21733,21733.gif
哦,21734,21734.gif
哧,21735,21735.gif
哨,21736,21736.gif
哩,21737,21737.gif
哪,21738,21738.gif
哭,21741,21741.gif
哮,21742,21742.gif
哲,21746,21746.gif
哺,21754,21754.gif
哼,21756,21756.gif
哽,21757,21757.gif
唁,21761,21761.gif
唆,21766,21766.gif
唇,21767,21767.gif
唉,21769,21769.gif
唏,21775,21775.gif
唐,21776,21776.gif
唠,21792,21792.gif
唤,21796,21796.gif
唧,21799,21799.gif
唬,21804,21804.gif
售,21806,21806.gif
唯,21807,21807.gif
唱,21809,21809.gif
唳,21811,21811.gif
唾,21822,21822.gif
啃,21827,21827.gif
啄,21828,21828.gif
商,21830,21830.gif
啊,21834,21834.gif
啐,21840,21840.gif
啕,21845,21845.gif
啜,21852,21852.gif
啡,21857,21857.gif
啤,21860,21860.gif
啥,21861,21861.gif
啦,21862,21862.gif
啧,21863,21863.gif
啪,21866,21866.gif
啬,21868,21868.gif
啭,21869,21869.gif
啰,21872,21872.gif
啵,21877,21877.gif
啷,21879,21879.gif
啸,21880,21880.gif
啻,21883,21883.gif
啼,21884,21884.gif
啾,21886,21886.gif
喀,21888,21888.gif
喁,21889,21889.gif
喂,21890,21890.gif
喃,21891,21891.gif
善,21892,21892.gif
喇,21895,21895.gif
喉,21897,21897.gif
喊,21898,21898.gif
喑,21905,21905.gif
喘,21912,21912.gif
喙,21913,21913.gif
喜,21916,21916.gif
喝,21917,21917.gif
喟,21919,21919.gif
喧,21927,21927.gif
喳,21939,21939.gif
喵,21941,21941.gif
喷,21943,21943.gif
喻,21947,21947.gif
嗅,21957,21957.gif
嗉,21961,21961.gif
嗑,21969,21969.gif
嗒,21970,21970.gif
嗓,21971,21971.gif
嗔,21972,21972.gif
嗜,21980,21980.gif
嗝,21981,21981.gif
嗟,21983,21983.gif
嗡,21985,21985.gif
嗣,21987,21987.gif
嗤,21988,21988.gif
嗥,21989,21989.gif
嗦,21990,21990.gif
嗨,21992,21992.gif
嗬,21996,21996.gif
嗯,21999,21999.gif
嗲,22002,22002.gif
嗳,22003,22003.gif
嗵,22005,22005.gif
嗷,22007,22007.gif
嗽,22013,22013.gif
嗾,22014,22014.gif
嘀,22016,22016.gif
嘁,22017,22017.gif
嘈,22024,22024.gif
嘉,22025,22025.gif
嘎,22030,22030.gif
嘘,22040,22040.gif
嘛,22043,22043.gif
嘞,22046,22046.gif
嘟,22047,22047.gif
嘣,22051,22051.gif
嘬,22060,22060.gif
嘭,22061,22061.gif
嘱,22065,22065.gif
嘲,22066,22066.gif
嘴,22068,22068.gif
嘶,22070,22070.gif
嘹,22073,22073.gif
嘻,22075,22075.gif
嘿,22079,22079.gif
噌,22092,22092.gif
噎,22094,22094.gif
噔,22100,22100.gif
噗,22103,22103.gif
噙,22105,22105.gif
噜,22108,22108.gif
噢,22114,22114.gif
噤,22116,22116.gif
器,22120,22120.gif
噩,22121,22121.gif
噪,22122,22122.gif
噫,22123,22123.gif
噬,22124,22124.gif
噱,22129,22129.gif
噼,22140,22140.gif
嚅,22149,22149.gif
嚎,22158,22158.gif
嚏,22159,22159.gif
嚓,22163,22163.gif
嚣,22179,22179.gif
嚯,22191,22191.gif
嚷,22199,22199.gif
嚼,22204,22204.gif
囊,22218,22218.gif
囔,22228,22228.gif
囚,22234,22234.gif
四,22235,22235.gif
回,22238,22238.gif
因,22240,22240.gif
团,22242,22242.gif
囤,22244,22244.gif
囫,22251,22251.gif
园,22253,22253.gif
困,22256,22256.gif
囱,22257,22257.gif
围,22260,22260.gif
囵,22261,22261.gif
固,22266,22266.gif
国,22269,22269.gif
图,22270,22270.gif
囿,22271,22271.gif
圃,22275,22275.gif
圆,22278,22278.gif
圈,22280,22280.gif
圜,22300,22300.gif
土,22303,22303.gif
圣,22307,22307.gif
在,22312,22312.gif
圩,22313,22313.gif
地,22320,22320.gif
场,22330,22330.gif
圾,22334,22334.gif
址,22336,22336.gif
均,22343,22343.gif
坊,22346,22346.gif
坍,22349,22349.gif
坎,22350,22350.gif
坏,22351,22351.gif
坐,22352,22352.gif
坑,22353,22353.gif
块,22359,22359.gif
坚,22362,22362.gif
坛,22363,22363.gif
坝,22365,22365.gif
坞,22366,22366.gif
坟,22367,22367.gif
坠,22368,22368.gif
坡,22369,22369.gif
坤,22372,22372.gif
坦,22374,22374.gif
坨,22376,22376.gif
坩,22377,22377.gif
坪,22378,22378.gif
坯,22383,22383.gif
坳,22387,22387.gif
坷,22391,22391.gif
垂,22402,22402.gif
垃,22403,22403.gif
垄,22404,22404.gif
型,22411,22411.gif
垒,22418,22418.gif
垛,22427,22427.gif
垠,22432,22432.gif
垢,22434,22434.gif
垣,22435,22435.gif
垦,22438,22438.gif
垧,22439,22439.gif
垩,22441,22441.gif
垫,22443,22443.gif
垮,22446,22446.gif
埂,22466,22466.gif
埃,22467,22467.gif
埋,22475,22475.gif
城,22478,22478.gif
埚,22490,22490.gif
埝,22493,22493.gif
域,22495,22495.gif
埠,22496,22496.gif
埯,22511,22511.gif
培,22521,22521.gif
基,22522,22522.gif
堂,22530,22530.gif
堆,22534,22534.gif
堑,22545,22545.gif
堕,22549,22549.gif
堡,22561,22561.gif
堤,22564,22564.gif
堪,22570,22570.gif
堰,22576,22576.gif
堵,22581,22581.gif
塌,22604,22604.gif
塑,22609,22609.gif
塔,22612,22612.gif
塘,22616,22616.gif
塞,22622,22622.gif
填,22635,22635.gif
塬,22636,22636.gif
塾,22654,22654.gif
境,22659,22659.gif
墅,22661,22661.gif
墒,22674,22674.gif
墓,22675,22675.gif
墙,22681,22681.gif
增,22686,22686.gif
墟,22687,22687.gif
墨,22696,22696.gif
墩,22697,22697.gif
壁,22721,22721.gif
壅,22725,22725.gif
壑,22737,22737.gif
壕,22741,22741.gif
壤,22756,22756.gif
士,22763,22763.gif
壬,22764,22764.gif
壮,22766,22766.gif
声,22768,22768.gif
壳,22771,22771.gif
壶,22774,22774.gif
壹,22777,22777.gif
处,22788,22788.gif
备,22791,22791.gif
复,22797,22797.gif
夏,22799,22799.gif
夕,22805,22805.gif
外,22806,22806.gif
夙,22809,22809.gif
多,22810,22810.gif
夜,22812,22812.gif
够,22815,22815.gif
大,22823,22823.gif
天,22825,22825.gif
太,22826,22826.gif
夫,22827,22827.gif
夭,22829,22829.gif
央,22830,22830.gif
夯,22831,22831.gif
失,22833,22833.gif
头,22836,22836.gif
夷,22839,22839.gif
夸,22840,22840.gif
夹,22841,22841.gif
夺,22842,22842.gif
奁,22849,22849.gif
奂,22850,22850.gif
奄,22852,22852.gif
奇,22855,22855.gif
奈,22856,22856.gif
奉,22857,22857.gif
奋,22859,22859.gif
奎,22862,22862.gif
奏,22863,22863.gif
契,22865,22865.gif
奔,22868,22868.gif
奕,22869,22869.gif
奖,22870,22870.gif
套,22871,22871.gif
奚,22874,22874.gif
奠,22880,22880.gif
奢,22882,22882.gif
奥,22885,22885.gif
女,22899,22899.gif
奴,22900,22900.gif
奶,22902,22902.gif
奸,22904,22904.gif
她,22905,22905.gif
好,22909,22909.gif
妁,22913,22913.gif
如,22914,22914.gif
妃,22915,22915.gif
妄,22916,22916.gif
妆,22918,22918.gif
妇,22919,22919.gif
妈,22920,22920.gif
妊,22922,22922.gif
妍,22925,22925.gif
妒,22930,22930.gif
妓,22931,22931.gif
妖,22934,22934.gif
妙,22937,22937.gif
妞,22942,22942.gif
妣,22947,22947.gif
妥,22949,22949.gif
妨,22952,22952.gif
妪,22954,22954.gif
妮,22958,22958.gif
妹,22969,22969.gif
妻,22971,22971.gif
妾,22974,22974.gif
姆,22982,22982.gif
姊,22986,22986.gif
始,22987,22987.gif
姐,22992,22992.gif
姑,22993,22993.gif
姓,22995,22995.gif
委,22996,22996.gif
姘,23000,23000.gif
姜,23004,23004.gif
姣,23011,23011.gif
姥,23013,23013.gif
姨,23016,23016.gif
姹,23033,23033.gif
姻,23035,23035.gif
姿,23039,23039.gif
威,23041,23041.gif
娃,23043,23043.gif
娄,23044,23044.gif
娆,23046,23046.gif
娇,23047,23047.gif
娑,23057,23057.gif
娘,23064,23064.gif
娜,23068,23068.gif
娟,23071,23071.gif
娠,23072,23072.gif
娥,23077,23077.gif
娩,23081,23081.gif
娱,23089,23089.gif
娲,23090,23090.gif
娴,23092,23092.gif
娶,23094,23094.gif
娼,23100,23100.gif
婆,23110,23110.gif
婉,23113,23113.gif
婚,23130,23130.gif
婢,23138,23138.gif
婪,23146,23146.gif
婴,23156,23156.gif
婵,23157,23157.gif
婶,23158,23158.gif
婷,23159,23159.gif
婺,23162,23162.gif
婿,23167,23167.gif
媒,23186,23186.gif
媚,23194,23194.gif
媲,23218,23218.gif
媳,23219,23219.gif
媾,23230,23230.gif
嫁,23233,23233.gif
嫂,23234,23234.gif
嫉,23241,23241.gif
嫌,23244,23244.gif
嫔,23252,23252.gif
嫖,23254,23254.gif
嫡,23265,23265.gif
嫣,23267,23267.gif
嫩,23273,23273.gif
嬉,23305,23305.gif
嬗,23319,23319.gif
孀,23360,23360.gif
子,23376,23376.gif
孑,23377,23377.gif
孔,23380,23380.gif
孕,23381,23381.gif
字,23383,23383.gif
存,23384,23384.gif
孙,23385,23385.gif
孚,23386,23386.gif
孜,23388,23388.gif
孝,23389,23389.gif
孟,23391,23391.gif
孢,23394,23394.gif
季,23395,23395.gif
孤,23396,23396.gif
学,23398,23398.gif
孩,23401,23401.gif
孪,23402,23402.gif
孬,23404,23404.gif
孱,23409,23409.gif
孳,23411,23411.gif
孵,23413,23413.gif
孺,23418,23418.gif
孽,23421,23421.gif
宁,23425,23425.gif
它,23427,23427.gif
宅,23429,23429.gif
宇,23431,23431.gif
守,23432,23432.gif
安,23433,23433.gif
宋,23435,23435.gif
完,23436,23436.gif
宏,23439,23439.gif
宕,23445,23445.gif
宗,23447,23447.gif
官,23448,23448.gif
宙,23449,23449.gif
定,23450,23450.gif
宛,23451,23451.gif
宜,23452,23452.gif
宝,23453,23453.gif
实,23454,23454.gif
宠,23456,23456.gif
审,23457,23457.gif
客,23458,23458.gif
宣,23459,23459.gif
室,23460,23460.gif
宥,23461,23461.gif
宦,23462,23462.gif
宪,23466,23466.gif
宫,23467,23467.gif
宰,23472,23472.gif
害,23475,23475.gif
宴,23476,23476.gif
宵,23477,23477.gif
家,23478,23478.gif
容,23481,23481.gif
宽,23485,23485.gif
宾,23486,23486.gif
宿,23487,23487.gif
寂,23490,23490.gif
寄,23492,23492.gif
寅,23493,23493.gif
密,23494,23494.gif
寇,23495,23495.gif
富,23500,23500.gif
寐,23504,23504.gif
寒,23506,23506.gif
寓,23507,23507.gif
寝,23517,23517.gif
寞,23518,23518.gif
察,23519,23519.gif
寡,23521,23521.gif
寥,23525,23525.gif
寨,23528,23528.gif
寰,23536,23536.gif
寸,23544,23544.gif
对,23545,23545.gif
寺,23546,23546.gif
寻,23547,23547.gif
导,23548,23548.gif
寿,23551,23551.gif
封,23553,23553.gif
射,23556,23556.gif
将,23558,23558.gif
尉,23561,23561.gif
尊,23562,23562.gif
小,23567,23567.gif
少,23569,23569.gif
尔,23572,23572.gif
尖,23574,23574.gif
尘,23576,23576.gif
尚,23578,23578.gif
尝,23581,23581.gif
尤,23588,23588.gif
尧,23591,23591.gif
尬,23596,23596.gif
就,23601,23601.gif
尴,23604,23604.gif
尸,23608,23608.gif
尺,23610,23610.gif
尼,23612,23612.gif
尽,23613,23613.gif
尾,23614,23614.gif
尿,23615,23615.gif
局,23616,23616.gif
屁,23617,23617.gif
层,23618,23618.gif
居,23621,23621.gif
屈,23624,23624.gif
屉,23625,23625.gif
届,23626,23626.gif
屋,23627,23627.gif
屎,23630,23630.gif
屏,23631,23631.gif
屐,23632,23632.gif
屑,23633,23633.gif
展,23637,23637.gif
屙,23641,23641.gif
属,23646,23646.gif
屠,23648,23648.gif
屡,23649,23649.gif
履,23653,23653.gif
屯,23663,23663.gif
山,23665,23665.gif
屹,23673,23673.gif
屿,23679,23679.gif
岁,23681,23681.gif
岂,23682,23682.gif
岌,23692,23692.gif
岔,23700,23700.gif
岖,23702,23702.gif
岗,23703,23703.gif
岚,23706,23706.gif
岛,23707,23707.gif
岩,23721,23721.gif
岬,23724,23724.gif
岭,23725,23725.gif
岳,23731,23731.gif
岸,23736,23736.gif
岿,23743,23743.gif
峋,23755,23755.gif
峙,23769,23769.gif
峡,23777,23777.gif
峥,23781,23781.gif
峦,23782,23782.gif
峨,23784,23784.gif
峭,23789,23789.gif
峰,23792,23792.gif
峻,23803,23803.gif
崇,23815,23815.gif
崎,23822,23822.gif
崔,23828,23828.gif
崖,23830,23830.gif
崛,23835,23835.gif
崩,23849,23849.gif
崭,23853,23853.gif
崽,23869,23869.gif
嵌,23884,23884.gif
嵘,23896,23896.gif
嵬,23916,23916.gif
嶂,23938,23938.gif
嶙,23961,23961.gif
巅,24005,24005.gif
巍,24013,24013.gif
川,24029,24029.gif
州,24030,24030.gif
巡,24033,24033.gif
巢,24034,24034.gif
工,24037,24037.gif
左,24038,24038.gif
巧,24039,24039.gif
巨,24040,24040.gif
巩,24041,24041.gif
巫,24043,24043.gif
差,24046,24046.gif
己,24049,24049.gif
已,24050,24050.gif
巳,24051,24051.gif
巴,24052,24052.gif
巷,24055,24055.gif
巾,24062,24062.gif
币,24065,24065.gif
市,24066,24066.gif
布,24067,24067.gif
帅,24069,24069.gif
帆,24070,24070.gif
师,24072,24072.gif
希,24076,24076.gif
帐,24080,24080.gif
帕,24085,24085.gif
帖,24086,24086.gif
帘,24088,24088.gif
帚,24090,24090.gif
帛,24091,24091.gif
帜,24092,24092.gif
帝,24093,24093.gif
带,24102,24102.gif
帧,24103,24103.gif
席,24109,24109.gif
帮,24110,24110.gif
帷,24119,24119.gif
常,24120,24120.gif
帼,24124,24124.gif
帽,24125,24125.gif
幂,24130,24130.gif
幄,24132,24132.gif
幅,24133,24133.gif
幌,24140,24140.gif
幔,24148,24148.gif
幕,24149,24149.gif
幛,24155,24155.gif
幡,24161,24161.gif
幢,24162,24162.gif
干,24178,24178.gif
平,24179,24179.gif
年,24180,24180.gif
并,24182,24182.gif
幸,24184,24184.gif
幺,24186,24186.gif
幻,24187,24187.gif
幼,24188,24188.gif
幽,24189,24189.gif
广,24191,24191.gif
庄,24196,24196.gif
庆,24198,24198.gif
庇,24199,24199.gif
床,24202,24202.gif
序,24207,24207.gif
庐,24208,24208.gif
库,24211,24211.gif
应,24212,24212.gif
底,24213,24213.gif
庖,24214,24214.gif
店,24215,24215.gif
庙,24217,24217.gif
庚,24218,24218.gif
府,24220,24220.gif
庞,24222,24222.gif
废,24223,24223.gif
度,24230,24230.gif
座,24231,24231.gif
庭,24237,24237.gif
庵,24245,24245.gif
庶,24246,24246.gif
康,24247,24247.gif
庸,24248,24248.gif
廉,24265,24265.gif
廊,24266,24266.gif
廓,24275,24275.gif
延,24310,24310.gif
廷,24311,24311.gif
建,24314,24314.gif
廿,24319,24319.gif
开,24320,24320.gif
弁,24321,24321.gif
异,24322,24322.gif
弃,24323,24323.gif
弄,24324,24324.gif
弈,24328,24328.gif
弊,24330,24330.gif
弋,24331,24331.gif
式,24335,24335.gif
弓,24339,24339.gif
引,24341,24341.gif
弗,24343,24343.gif
弘,24344,24344.gif
弛,24347,24347.gif
弟,24351,24351.gif
张,24352,24352.gif
弥,24357,24357.gif
弦,24358,24358.gif
弧,24359,24359.gif
弩,24361,24361.gif
弭,24365,24365.gif
弯,24367,24367.gif
弱,24369,24369.gif
弹,24377,24377.gif
强,24378,24378.gif
彀,24384,24384.gif
归,24402,24402.gif
当,24403,24403.gif
录,24405,24405.gif
彗,24407,24407.gif
彝,24413,24413.gif
形,24418,24418.gif
彤,24420,24420.gif
彩,24425,24425.gif
彪,24426,24426.gif
彬,24428,24428.gif
彰,24432,24432.gif
影,24433,24433.gif
役,24441,24441.gif
彻,24443,24443.gif
彼,24444,24444.gif
往,24448,24448.gif
征,24449,24449.gif
径,24452,24452.gif
待,24453,24453.gif
徇,24455,24455.gif
很,24456,24456.gif
律,24459,24459.gif
徐,24464,24464.gif
徒,24466,24466.gif
徕,24469,24469.gif
得,24471,24471.gif
徘,24472,24472.gif
徙,24473,24473.gif
御,24481,24481.gif
循,24490,24490.gif
徭,24493,24493.gif
微,24494,24494.gif
德,24503,24503.gif
徽,24509,24509.gif
心,24515,24515.gif
必,24517,24517.gif
忆,24518,24518.gif
忌,24524,24524.gif
忍,24525,24525.gif
忏,24527,24527.gif
忖,24534,24534.gif
志,24535,24535.gif
忘,24536,24536.gif
忙,24537,24537.gif
忠,24544,24544.gif
忡,24545,24545.gif
忤,24548,24548.gif
忧,24551,24551.gif
忪,24554,24554.gif
快,24555,24555.gif
忱,24561,24561.gif
念,24565,24565.gif
忽,24573,24573.gif
忾,24574,24574.gif
忿,24575,24575.gif
怀,24576,24576.gif
态,24577,24577.gif
怃,24579,24579.gif
怄,24580,24580.gif
怅,24581,24581.gif
怆,24582,24582.gif
怎,24590,24590.gif
怏,24591,24591.gif
怒,24594,24594.gif
怔,24596,24596.gif
怕,24597,24597.gif
怖,24598,24598.gif
怙,24601,24601.gif
怜,24604,24604.gif
思,24605,24605.gif
怠,24608,24608.gif
怡,24609,24609.gif
急,24613,24613.gif
怦,24614,24614.gif
性,24615,24615.gif
怨,24616,24616.gif
怪,24618,24618.gif
怫,24619,24619.gif
怯,24623,24623.gif
怵,24629,24629.gif
总,24635,24635.gif
恃,24643,24643.gif
恋,24651,24651.gif
恍,24653,24653.gif
恐,24656,24656.gif
恒,24658,24658.gif
恕,24661,24661.gif
恙,24665,24665.gif
恢,24674,24674.gif
恣,24675,24675.gif
恤,24676,24676.gif
恨,24680,24680.gif
恩,24681,24681.gif
恪,24682,24682.gif
恫,24683,24683.gif
恬,24684,24684.gif
恭,24685,24685.gif
息,24687,24687.gif
恰,24688,24688.gif
恳,24691,24691.gif
恶,24694,24694.gif
恸,24696,24696.gif
恹,24697,24697.gif
恻,24699,24699.gif
恼,24700,24700.gif
悄,24708,24708.gif
悉,24713,24713.gif
悌,24716,24716.gif
悍,24717,24717.gif
悔,24724,24724.gif
悖,24726,24726.gif
悚,24730,24730.gif
悛,24731,24731.gif
悟,24735,24735.gif
悠,24736,24736.gif
患,24739,24739.gif
悦,24742,24742.gif
您,24744,24744.gif
悬,24748,24748.gif
悭,24749,24749.gif
悯,24751,24751.gif
悱,24753,24753.gif
悲,24754,24754.gif
悸,24760,24760.gif
悻,24763,24763.gif
悼,24764,24764.gif
情,24773,24773.gif
惆,24774,24774.gif
惊,24778,24778.gif
惋,24779,24779.gif
惑,24785,24785.gif
惕,24789,24789.gif
惘,24792,24792.gif
惚,24794,24794.gif
惜,24796,24796.gif
惟,24799,24799.gif
惠,24800,24800.gif
惦,24806,24806.gif
惧,24807,24807.gif
惨,24808,24808.gif
惩,24809,24809.gif
惫,24811,24811.gif
惬,24812,24812.gif
惭,24813,24813.gif
惮,24814,24814.gif
惯,24815,24815.gif
惰,24816,24816.gif
想,24819,24819.gif
惴,24820,24820.gif
惶,24822,24822.gif
惹,24825,24825.gif
惺,24826,24826.gif
愁,24833,24833.gif
愈,24840,24840.gif
愉,24841,24841.gif
愎,24846,24846.gif
意,24847,24847.gif
愕,24853,24853.gif
愚,24858,24858.gif
感,24863,24863.gif
愠,24864,24864.gif
愣,24867,24867.gif
愤,24868,24868.gif
愧,24871,24871.gif
愫,24875,24875.gif
愿,24895,24895.gif
慈,24904,24904.gif
慌,24908,24908.gif
慎,24910,24910.gif
慑,24913,24913.gif
慕,24917,24917.gif
慢,24930,24930.gif
慧,24935,24935.gif
慨,24936,24936.gif
慰,24944,24944.gif
慵,24949,24949.gif
慷,24951,24951.gif
憋,24971,24971.gif
憎,24974,24974.gif
憔,24980,24980.gif
憧,24999,24999.gif
憨,25000,25000.gif
憩,25001,25001.gif
憬,25004,25004.gif
憾,25022,25022.gif
懂,25026,25026.gif
懈,25032,25032.gif
懊,25034,25034.gif
懑,25041,25041.gif
懒,25042,25042.gif
懦,25062,25062.gif
懵,25077,25077.gif
戈,25096,25096.gif
戊,25098,25098.gif
戌,25100,25100.gif
戍,25101,25101.gif
戎,25102,25102.gif
戏,25103,25103.gif
成,25104,25104.gif
我,25105,25105.gif
戒,25106,25106.gif
戕,25109,25109.gif
或,25110,25110.gif
戗,25111,25111.gif
战,25112,25112.gif
戚,25114,25114.gif
戛,25115,25115.gif
戟,25119,25119.gif
戡,25121,25121.gif
截,25130,25130.gif
戮,25134,25134.gif
戳,25139,25139.gif
戴,25140,25140.gif
户,25143,25143.gif
戾,25150,25150.gif
房,25151,25151.gif
所,25152,25152.gif
扁,25153,25153.gif
扇,25159,25159.gif
扈,25160,25160.gif
扉,25161,25161.gif
手,25163,25163.gif
才,25165,25165.gif
扎,25166,25166.gif
扑,25169,25169.gif
扒,25170,25170.gif
打,25171,25171.gif
扔,25172,25172.gif
托,25176,25176.gif
扛,25179,25179.gif
扣,25187,25187.gif
扦,25190,25190.gif
执,25191,25191.gif
扩,25193,25193.gif
扪,25194,25194.gif
扫,25195,25195.gif
扬,25196,25196.gif
扭,25197,25197.gif
扮,25198,25198.gif
扯,25199,25199.gif
扰,25200,25200.gif
扳,25203,25203.gif
扶,25206,25206.gif
批,25209,25209.gif
扼,25212,25212.gif
找,25214,25214.gif
承,25215,25215.gif
技,25216,25216.gif
抄,25220,25220.gif
抉,25225,25225.gif
把,25226,25226.gif
抑,25233,25233.gif
抒,25234,25234.gif
抓,25235,25235.gif
投,25237,25237.gif
抖,25238,25238.gif
抗,25239,25239.gif
折,25240,25240.gif
抚,25242,25242.gif
抛,25243,25243.gif
抠,25248,25248.gif
抡,25249,25249.gif
抢,25250,25250.gif
护,25252,25252.gif
报,25253,25253.gif
抨,25256,25256.gif
披,25259,25259.gif
抬,25260,25260.gif
抱,25265,25265.gif
抵,25269,25269.gif
抹,25273,25273.gif
抻,25275,25275.gif
押,25276,25276.gif
抽,25277,25277.gif
抿,25279,25279.gif
拂,25282,25282.gif
拄,25284,25284.gif
担,25285,25285.gif
拆,25286,25286.gif
拇,25287,25287.gif
拈,25288,25288.gif
拉,25289,25289.gif
拌,25292,25292.gif
拍,25293,25293.gif
拎,25294,25294.gif
拐,25296,25296.gif
拒,25298,25298.gif
拓,25299,25299.gif
拔,25300,25300.gif
拖,25302,25302.gif
拗,25303,25303.gif
拘,25304,25304.gif
拙,25305,25305.gif
招,25307,25307.gif
拜,25308,25308.gif
拟,25311,25311.gif
拢,25314,25314.gif
拣,25315,25315.gif
拥,25317,25317.gif
拦,25318,25318.gif
拧,25319,25319.gif
拨,25320,25320.gif
择,25321,25321.gif
括,25324,25324.gif
拭,25325,25325.gif
拯,25327,25327.gif
拱,25329,25329.gif
拳,25331,25331.gif
拴,25332,25332.gif
拷,25335,25335.gif
拼,25340,25340.gif
拽,25341,25341.gif
拾,25342,25342.gif
拿,25343,25343.gif
持,25345,25345.gif
挂,25346,25346.gif
指,25351,25351.gif
挈,25352,25352.gif
按,25353,25353.gif
挎,25358,25358.gif
挑,25361,25361.gif
挖,25366,25366.gif
挚,25370,25370.gif
挛,25371,25371.gif
挞,25374,25374.gif
挟,25375,25375.gif
挠,25376,25376.gif
挡,25377,25377.gif
挣,25379,25379.gif
挤,25380,25380.gif
挥,25381,25381.gif
挨,25384,25384.gif
挪,25386,25386.gif
挫,25387,25387.gif
振,25391,25391.gif
挲,25394,25394.gif
挺,25402,25402.gif
挽,25405,25405.gif
捂,25410,25410.gif
捅,25413,25413.gif
捆,25414,25414.gif
捉,25417,25417.gif
捋,25419,25419.gif
捌,25420,25420.gif
捍,25421,25421.gif
捎,25422,25422.gif
捏,25423,25423.gif
捐,25424,25424.gif
捕,25429,25429.gif
捞,25438,25438.gif
损,25439,25439.gif
捡,25441,25441.gif
换,25442,25442.gif
捣,25443,25443.gif
捧,25447,25447.gif
捭,25453,25453.gif
据,25454,25454.gif
捯,25455,25455.gif
捶,25462,25462.gif
捷,25463,25463.gif
捺,25466,25466.gif
捻,25467,25467.gif
掀,25472,25472.gif
掂,25474,25474.gif
掇,25479,25479.gif
授,25480,25480.gif
掉,25481,25481.gif
掌,25484,25484.gif
掏,25487,25487.gif
掐,25488,25488.gif
排,25490,25490.gif
掖,25494,25494.gif
掘,25496,25496.gif
掠,25504,25504.gif
探,25506,25506.gif
掣,25507,25507.gif
接,25509,25509.gif
控,25511,25511.gif
推,25512,25512.gif
掩,25513,25513.gif
措,25514,25514.gif
掬,25516,25516.gif
掮,25518,25518.gif
掰,25520,25520.gif
掳,25523,25523.gif
掴,25524,25524.gif
掷,25527,25527.gif
掸,25528,25528.gif
掺,25530,25530.gif
掼,25532,25532.gif
揉,25545,25545.gif
揍,25549,25549.gif
描,25551,25551.gif
提,25552,25552.gif
插,25554,25554.gif
揖,25558,25558.gif
揠,25568,25568.gif
握,25569,25569.gif
揣,25571,25571.gif
揩,25577,25577.gif
揪,25578,25578.gif
揭,25581,25581.gif
援,25588,25588.gif
揽,25597,25597.gif
搀,25600,25600.gif
搁,25601,25601.gif
搂,25602,25602.gif
搅,25605,25605.gif
搌,25612,25612.gif
搏,25615,25615.gif
搐,25616,25616.gif
搓,25619,25619.gif
搔,25620,25620.gif
搜,25628,25628.gif
搞,25630,25630.gif
搡,25633,25633.gif
搪,25642,25642.gif
搬,25644,25644.gif
搭,25645,25645.gif
携,25658,25658.gif
搽,25661,25661.gif
摁,25665,25665.gif
摄,25668,25668.gif
摆,25670,25670.gif
摇,25671,25671.gif
摈,25672,25672.gif
摊,25674,25674.gif
摒,25682,25682.gif
摔,25684,25684.gif
摘,25688,25688.gif
摞,25694,25694.gif
摧,25703,25703.gif
摩,25705,25705.gif
摸,25720,25720.gif
摹,25721,25721.gif
摽,25725,25725.gif
撂,25730,25730.gif
撅,25733,25733.gif
撇,25735,25735.gif
撑,25745,25745.gif
撒,25746,25746.gif
撕,25749,25749.gif
撞,25758,25758.gif
撤,25764,25764.gif
撩,25769,25769.gif
撬,25772,25772.gif
播,25773,25773.gif
撮,25774,25774.gif
撰,25776,25776.gif
撵,25781,25781.gif
撷,25783,25783.gif
撸,25784,25784.gif
撺,25786,25786.gif
撼,25788,25788.gif
擀,25792,25792.gif
擂,25794,25794.gif
擅,25797,25797.gif
操,25805,25805.gif
擎,25806,25806.gif
擒,25810,25810.gif
擘,25816,25816.gif
擞,25822,25822.gif
擢,25826,25826.gif
擤,25828,25828.gif
擦,25830,25830.gif
攀,25856,25856.gif
攉,25865,25865.gif
攒,25874,25874.gif
攘,25880,25880.gif
攥,25893,25893.gif
攫,25899,25899.gif
攮,25902,25902.gif
支,25903,25903.gif
收,25910,25910.gif
攸,25912,25912.gif
改,25913,25913.gif
攻,25915,25915.gif
放,25918,25918.gif
政,25919,25919.gif
故,25925,25925.gif
效,25928,25928.gif
敌,25932,25932.gif
敏,25935,25935.gif
救,25937,25937.gif
敕,25941,25941.gif
敖,25942,25942.gif
教,25945,25945.gif
敛,25947,25947.gif
敝,25949,25949.gif
敞,25950,25950.gif
敢,25954,25954.gif
散,25955,25955.gif
敦,25958,25958.gif
敬,25964,25964.gif
数,25968,25968.gif
敲,25970,25970.gif
整,25972,25972.gif
敷,25975,25975.gif
文,25991,25991.gif
斋,25995,25995.gif
斐,26000,26000.gif
斑,26001,26001.gif
斓,26003,26003.gif
斗,26007,26007.gif
料,26009,26009.gif
斜,26012,26012.gif
斟,26015,26015.gif
斡,26017,26017.gif
斤,26020,26020.gif
斥,26021,26021.gif
斧,26023,26023.gif
斩,26025,26025.gif
断,26029,26029.gif
斯,26031,26031.gif
新,26032,26032.gif
方,26041,26041.gif
施,26045,26045.gif
旁,26049,26049.gif
旅,26053,26053.gif
旋,26059,26059.gif
旌,26060,26060.gif
族,26063,26063.gif
旗,26071,26071.gif
无,26080,26080.gif
既,26082,26082.gif
日,26085,26085.gif
旦,26086,26086.gif
旧,26087,26087.gif
旨,26088,26088.gif
早,26089,26089.gif
旬,26092,26092.gif
旭,26093,26093.gif
旮,26094,26094.gif
旯,26095,26095.gif
旰,26096,26096.gif
旱,26097,26097.gif
时,26102,26102.gif
旷,26103,26103.gif
旺,26106,26106.gif
昂,26114,26114.gif
昆,26118,26118.gif
昌,26124,26124.gif
明,26126,26126.gif
昏,26127,26127.gif
易,26131,26131.gif
昔,26132,26132.gif
昙,26137,26137.gif
星,26143,26143.gif
映,26144,26144.gif
春,26149,26149.gif
昧,26151,26151.gif
昨,26152,26152.gif
昭,26157,26157.gif
是,26159,26159.gif
昵,26165,26165.gif
昼,26172,26172.gif
显,26174,26174.gif
晃,26179,26179.gif
晋,26187,26187.gif
晌,26188,26188.gif
晏,26191,26191.gif
晒,26194,26194.gif
晓,26195,26195.gif
晕,26197,26197.gif
晖,26198,26198.gif
晚,26202,26202.gif
晤,26212,26212.gif
晦,26214,26214.gif
晨,26216,26216.gif
普,26222,26222.gif
景,26223,26223.gif
晰,26224,26224.gif
晴,26228,26228.gif
晶,26230,26230.gif
智,26234,26234.gif
晾,26238,26238.gif
暂,26242,26242.gif
暄,26244,26244.gif
暇,26247,26247.gif
暑,26257,26257.gif
暖,26262,26262.gif
暗,26263,26263.gif
暮,26286,26286.gif
暴,26292,26292.gif
曙,26329,26329.gif
曝,26333,26333.gif
曦,26342,26342.gif
曰,26352,26352.gif
曲,26354,26354.gif
曳,26355,26355.gif
更,26356,26356.gif
曹,26361,26361.gif
曼,26364,26364.gif
曾,26366,26366.gif
替,26367,26367.gif
最,26368,26368.gif
月,26376,26376.gif
有,26377,26377.gif
朋,26379,26379.gif
服,26381,26381.gif
朔,26388,26388.gif
朗,26391,26391.gif
望,26395,26395.gif
朝,26397,26397.gif
期,26399,26399.gif
朦,26406,26406.gif
木,26408,26408.gif
未,26410,26410.gif
末,26411,26411.gif
本,26412,26412.gif
札,26413,26413.gif
术,26415,26415.gif
朱,26417,26417.gif
朴,26420,26420.gif
朵,26421,26421.gif
机,26426,26426.gif
朽,26429,26429.gif
杀,26432,26432.gif
杂,26434,26434.gif
权,26435,26435.gif
杆,26438,26438.gif
杈,26440,26440.gif
杉,26441,26441.gif
李,26446,26446.gif
杏,26447,26447.gif
材,26448,26448.gif
村,26449,26449.gif
杖,26454,26454.gif
杜,26460,26460.gif
杞,26462,26462.gif
束,26463,26463.gif
杠,26464,26464.gif
条,26465,26465.gif
来,26469,26469.gif
杨,26472,26472.gif
杭,26477,26477.gif
杯,26479,26479.gif
杰,26480,26480.gif
杳,26483,26483.gif
杼,26492,26492.gif
松,26494,26494.gif
板,26495,26495.gif
极,26497,26497.gif
构,26500,26500.gif
枉,26505,26505.gif
析,26512,26512.gif
枕,26517,26517.gif
林,26519,26519.gif
枚,26522,26522.gif
果,26524,26524.gif
枝,26525,26525.gif
枢,26530,26530.gif
枣,26531,26531.gif
枥,26533,26533.gif
枪,26538,26538.gif
枫,26539,26539.gif
枭,26541,26541.gif
枯,26543,26543.gif
架,26550,26550.gif
枷,26551,26551.gif
柄,26564,26564.gif
柏,26575,26575.gif
某,26576,26576.gif
柑,26577,26577.gif
柒,26578,26578.gif
染,26579,26579.gif
柔,26580,26580.gif
柚,26586,26586.gif
柜,26588,26588.gif
柞,26590,26590.gif
柠,26592,26592.gif
查,26597,26597.gif
柩,26601,26601.gif
柬,26604,26604.gif
柯,26607,26607.gif
柱,26609,26609.gif
柳,26611,26611.gif
柴,26612,26612.gif
柿,26623,26623.gif
栅,26629,26629.gif
标,26631,26631.gif
栈,26632,26632.gif
栉,26633,26633.gif
栋,26635,26635.gif
栏,26639,26639.gif
树,26641,26641.gif
栓,26643,26643.gif
栖,26646,26646.gif
栗,26647,26647.gif
校,26657,26657.gif
栩,26665,26665.gif
株,26666,26666.gif
样,26679,26679.gif
核,26680,26680.gif
根,26681,26681.gif
格,26684,26684.gif
栽,26685,26685.gif
桀,26688,26688.gif
桁,26689,26689.gif
桂,26690,26690.gif
桃,26691,26691.gif
桅,26693,26693.gif
框,26694,26694.gif
案,26696,26696.gif
桌,26700,26700.gif
桎,26702,26702.gif
桐,26704,26704.gif
桑,26705,26705.gif
桓,26707,26707.gif
桔,26708,26708.gif
桕,26709,26709.gif
档,26723,26723.gif
桥,26725,26725.gif
桦,26726,26726.gif
桨,26728,26728.gif
桩,26729,26729.gif
桶,26742,26742.gif
梁,26753,26753.gif
梅,26757,26757.gif
梆,26758,26758.gif
梏,26767,26767.gif
梓,26771,26771.gif
梗,26775,26775.gif
梢,26786,26786.gif
梦,26790,26790.gif
梧,26791,26791.gif
梨,26792,26792.gif
梭,26797,26797.gif
梯,26799,26799.gif
械,26800,26800.gif
梳,26803,26803.gif
梵,26805,26805.gif
检,26816,26816.gif
棂,26818,26818.gif
棉,26825,26825.gif
棋,26827,26827.gif
棍,26829,26829.gif
棒,26834,26834.gif
棕,26837,26837.gif
棘,26840,26840.gif
棚,26842,26842.gif
棠,26848,26848.gif
棣,26851,26851.gif
森,26862,26862.gif
棱,26865,26865.gif
棵,26869,26869.gif
棺,26874,26874.gif
椁,26881,26881.gif
椅,26885,26885.gif
植,26893,26893.gif
椎,26894,26894.gif
椒,26898,26898.gif
椟,26911,26911.gif
椭,26925,26925.gif
椰,26928,26928.gif
椽,26941,26941.gif
椿,26943,26943.gif
楂,26946,26946.gif
楔,26964,26964.gif
楚,26970,26970.gif
楞,26974,26974.gif
楣,26979,26979.gif
楫,26987,26987.gif
楷,26999,26999.gif
楹,27001,27001.gif
楼,27004,27004.gif
概,27010,27010.gif
榄,27012,27012.gif
榆,27014,27014.gif
榈,27016,27016.gif
榉,27017,27017.gif
榔,27028,27028.gif
榕,27029,27029.gif
榛,27035,27035.gif
榜,27036,27036.gif
榧,27047,27047.gif
榨,27048,27048.gif
榫,27051,27051.gif
榭,27053,27053.gif
榴,27060,27060.gif
榷,27063,27063.gif
榻,27067,27067.gif
槁,27073,27073.gif
槃,27075,27075.gif
槌,27084,27084.gif
槐,27088,27088.gif
槛,27099,27099.gif
槟,27103,27103.gif
槽,27133,27133.gif
槿,27135,27135.gif
樊,27146,27146.gif
樟,27167,27167.gif
模,27169,27169.gif
樨,27176,27176.gif
横,27178,27178.gif
樱,27185,27185.gif
樵,27189,27189.gif
樽,27197,27197.gif
橄,27204,27204.gif
橇,27207,27207.gif
橘,27224,27224.gif
橙,27225,27225.gif
橛,27227,27227.gif
橡,27233,27233.gif
橱,27249,27249.gif
橹,27257,27257.gif
檀,27264,27264.gif
檄,27268,27268.gif
檐,27280,27280.gif
檬,27308,27308.gif
欠,27424,27424.gif
次,27425,27425.gif
欢,27426,27426.gif
欣,27427,27427.gif
欧,27431,27431.gif
欲,27442,27442.gif
欺,27450,27450.gif
款,27454,27454.gif
歃,27459,27459.gif
歇,27463,27463.gif
歉,27465,27465.gif
歌,27468,27468.gif
止,27490,27490.gif
正,27491,27491.gif
此,27492,27492.gif
步,27493,27493.gif
武,27494,27494.gif
歧,27495,27495.gif
歪,27498,27498.gif
歹,27513,27513.gif
死,27515,27515.gif
歼,27516,27516.gif
殃,27523,27523.gif
殄,27524,27524.gif
殆,27526,27526.gif
殉,27529,27529.gif
殊,27530,27530.gif
残,27531,27531.gif
殍,27533,27533.gif
殒,27538,27538.gif
殓,27539,27539.gif
殖,27542,27542.gif
殚,27546,27546.gif
殡,27553,27553.gif
殴,27572,27572.gif
段,27573,27573.gif
殷,27575,27575.gif
殿,27583,27583.gif
毁,27585,27585.gif
毂,27586,27586.gif
毅,27589,27589.gif
毋,27595,27595.gif
母,27597,27597.gif
每,27599,27599.gif
毒,27602,27602.gif
毓,27603,27603.gif
比,27604,27604.gif
毕,27605,27605.gif
毖,27606,27606.gif
毗,27607,27607.gif
毙,27609,27609.gif
毛,27611,27611.gif
毡,27617,27617.gif
毫,27627,27627.gif
毯,27631,27631.gif
毽,27645,27645.gif
氅,27653,27653.gif
氏,27663,27663.gif
民,27665,27665.gif
氓,27667,27667.gif
气,27668,27668.gif
氖,27670,27670.gif
氛,27675,27675.gif
氟,27679,27679.gif
氡,27681,27681.gif
氢,27682,27682.gif
氦,27686,27686.gif
氧,27687,27687.gif
氨,27688,27688.gif
氩,27689,27689.gif
氮,27694,27694.gif
氯,27695,27695.gif
水,27700,27700.gif
永,27704,27704.gif
汁,27713,27713.gif
求,27714,27714.gif
汆,27718,27718.gif
汇,27719,27719.gif
汉,27721,27721.gif
汊,27722,27722.gif
汐,27728,27728.gif
汗,27735,27735.gif
汛,27739,27739.gif
汝,27741,27741.gif
汞,27742,27742.gif
江,27743,27743.gif
池,27744,27744.gif
污,27745,27745.gif
汤,27748,27748.gif
汪,27754,27754.gif
汰,27760,27760.gif
汲,27762,27762.gif
汹,27769,27769.gif
汽,27773,27773.gif
沁,27777,27777.gif
沃,27779,27779.gif
沆,27782,27782.gif
沈,27784,27784.gif
沉,27785,27785.gif
沌,27788,27788.gif
沏,27791,27791.gif
沐,27792,27792.gif
沓,27795,27795.gif
沙,27801,27801.gif
沛,27803,27803.gif
沟,27807,27807.gif
没,27809,27809.gif
沤,27812,27812.gif
沥,27813,27813.gif
沦,27814,27814.gif
沧,27815,27815.gif
沪,27818,27818.gif
沫,27819,27819.gif
沮,27822,27822.gif
沱,27825,27825.gif
河,27827,27827.gif
沸,27832,27832.gif
油,27833,27833.gif
治,27835,27835.gif
沼,27836,27836.gif
沽,27837,27837.gif
沾,27838,27838.gif
沿,27839,27839.gif
泄,27844,27844.gif
泅,27845,27845.gif
泉,27849,27849.gif
泊,27850,27850.gif
泌,27852,27852.gif
泓,27859,27859.gif
泔,27860,27860.gif
法,27861,27861.gif
泛,27867,27867.gif
泞,27870,27870.gif
泡,27873,27873.gif
波,27874,27874.gif
泣,27875,27875.gif
泥,27877,27877.gif
注,27880,27880.gif
泪,27882,27882.gif
泫,27883,27883.gif
泯,27887,27887.gif
泰,27888,27888.gif
泳,27891,27891.gif
泵,27893,27893.gif
泻,27899,27899.gif
泼,27900,27900.gif
泽,27901,27901.gif
泾,27902,27902.gif
洁,27905,27905.gif
洄,27908,27908.gif
洋,27915,27915.gif
洌,27916,27916.gif
洒,27922,27922.gif
洗,27927,27927.gif
洛,27931,27931.gif
洞,27934,27934.gif
津,27941,27941.gif
洪,27946,27946.gif
洱,27953,27953.gif
洲,27954,27954.gif
活,27963,27963.gif
洼,27964,27964.gif
洽,27965,27965.gif
派,27966,27966.gif
流,27969,27969.gif
浃,27971,27971.gif
浅,27973,27973.gif
浆,27974,27974.gif
浇,27975,27975.gif
浊,27978,27978.gif
测,27979,27979.gif
济,27982,27982.gif
浏,27983,27983.gif
浑,27985,27985.gif
浓,27987,27987.gif
浙,27993,27993.gif
浚,27994,27994.gif
浜,27996,27996.gif
浦,28006,28006.gif
浩,28009,28009.gif
浪,28010,28010.gif
浮,28014,28014.gif
浴,28020,28020.gif
海,28023,28023.gif
浸,28024,28024.gif
涂,28034,28034.gif
涅,28037,28037.gif
消,28040,28040.gif
涉,28041,28041.gif
涌,28044,28044.gif
涎,28046,28046.gif
涓,28051,28051.gif
涔,28052,28052.gif
涕,28053,28053.gif
涛,28059,28059.gif
涝,28061,28061.gif
涟,28063,28063.gif
涡,28065,28065.gif
涣,28067,28067.gif
涤,28068,28068.gif
润,28070,28070.gif
涧,28071,28071.gif
涨,28072,28072.gif
涩,28073,28073.gif
涮,28078,28078.gif
涯,28079,28079.gif
液,28082,28082.gif
涵,28085,28085.gif
涸,28088,28088.gif
淀,28096,28096.gif
淅,28101,28101.gif
淆,28102,28102.gif
淋,28107,28107.gif
淌,28108,28108.gif
淑,28113,28113.gif
淖,28118,28118.gif
淘,28120,28120.gif
淡,28129,28129.gif
淤,28132,28132.gif
淫,28139,28139.gif
淬,28140,28140.gif
淮,28142,28142.gif
深,28145,28145.gif
淳,28147,28147.gif
混,28151,28151.gif
淹,28153,28153.gif
添,28155,28155.gif
清,28165,28165.gif
渊,28170,28170.gif
渍,28173,28173.gif
渎,28174,28174.gif
渐,28176,28176.gif
渔,28180,28180.gif
渗,28183,28183.gif
渝,28189,28189.gif
渠,28192,28192.gif
渡,28193,28193.gif
渣,28195,28195.gif
渤,28196,28196.gif
温,28201,28201.gif
渭,28205,28205.gif
港,28207,28207.gif
渲,28210,28210.gif
渴,28212,28212.gif
游,28216,28216.gif
渺,28218,28218.gif
湃,28227,28227.gif
湍,28237,28237.gif
湎,28238,28238.gif
湖,28246,28246.gif
湘,28248,28248.gif
湛,28251,28251.gif
湮,28270,28270.gif
湾,28286,28286.gif
湿,28287,28287.gif
溃,28291,28291.gif
溅,28293,28293.gif
溉,28297,28297.gif
源,28304,28304.gif
溘,28312,28312.gif
溜,28316,28316.gif
溢,28322,28322.gif
溪,28330,28330.gif
溯,28335,28335.gif
溶,28342,28342.gif
溺,28346,28346.gif
溽,28349,28349.gif
滂,28354,28354.gif
滇,28359,28359.gif
滋,28363,28363.gif
滑,28369,28369.gif
滓,28371,28371.gif
滔,28372,28372.gif
滕,28373,28373.gif
滗,28375,28375.gif
滚,28378,28378.gif
滞,28382,28382.gif
满,28385,28385.gif
滤,28388,28388.gif
滥,28389,28389.gif
滨,28392,28392.gif
滩,28393,28393.gif
滴,28404,28404.gif
漂,28418,28418.gif
漆,28422,28422.gif
漉,28425,28425.gif
漏,28431,28431.gif
漓,28435,28435.gif
演,28436,28436.gif
漠,28448,28448.gif
漩,28457,28457.gif
漪,28458,28458.gif
漫,28459,28459.gif
漱,28465,28465.gif
漾,28478,28478.gif
潇,28487,28487.gif
潜,28508,28508.gif
潢,28514,28514.gif
潦,28518,28518.gif
潭,28525,28525.gif
潮,28526,28526.gif
潴,28532,28532.gif
潸,28536,28536.gif
潺,28538,28538.gif
澄,28548,28548.gif
澈,28552,28552.gif
澎,28558,28558.gif
澜,28572,28572.gif
澡,28577,28577.gif
澳,28595,28595.gif
激,28608,28608.gif
濒,28626,28626.gif
濡,28641,28641.gif
濯,28655,28655.gif
瀑,28689,28689.gif
瀚,28698,28698.gif
瀛,28699,28699.gif
瀣,28707,28707.gif
灌,28748,28748.gif
火,28779,28779.gif
灭,28781,28781.gif
灯,28783,28783.gif
灰,28784,28784.gif
灵,28789,28789.gif
灶,28790,28790.gif
灸,28792,28792.gif
灼,28796,28796.gif
灾,28798,28798.gif
灿,28799,28799.gif
炉,28809,28809.gif
炊,28810,28810.gif
炎,28814,28814.gif
炒,28818,28818.gif
炔,28820,28820.gif
炕,28821,28821.gif
炖,28822,28822.gif
炙,28825,28825.gif
炝,28829,28829.gif
炫,28843,28843.gif
炬,28844,28844.gif
炭,28845,28845.gif
炮,28846,28846.gif
炯,28847,28847.gif
炷,28855,28855.gif
炸,28856,28856.gif
点,28857,28857.gif
炼,28860,28860.gif
炽,28861,28861.gif
烁,28865,28865.gif
烂,28866,28866.gif
烈,28872,28872.gif
烊,28874,28874.gif
烘,28888,28888.gif
烙,28889,28889.gif
烛,28891,28891.gif
烟,28895,28895.gif
烤,28900,28900.gif
烦,28902,28902.gif
烧,28903,28903.gif
烩,28905,28905.gif
烫,28907,28907.gif
烬,28908,28908.gif
热,28909,28909.gif
烯,28911,28911.gif
烷,28919,28919.gif
烹,28921,28921.gif
烽,28925,28925.gif
焉,28937,28937.gif
焊,28938,28938.gif
焐,28944,28944.gif
焕,28949,28949.gif
焖,28950,28950.gif
焗,28951,28951.gif
焙,28953,28953.gif
焚,28954,28954.gif
焦,28966,28966.gif
焰,28976,28976.gif
然,28982,28982.gif
煅,28997,28997.gif
煌,29004,29004.gif
煎,29006,29006.gif
煞,29022,29022.gif
煤,29028,29028.gif
煦,29030,29030.gif
照,29031,29031.gif
煨,29032,29032.gif
煮,29038,29038.gif
煲,29042,29042.gif
煳,29043,29043.gif
煸,29048,29048.gif
煺,29050,29050.gif
煽,29053,29053.gif
熄,29060,29060.gif
熊,29066,29066.gif
熏,29071,29071.gif
熔,29076,29076.gif
熘,29080,29080.gif
熙,29081,29081.gif
熟,29087,29087.gif
熠,29088,29088.gif
熨,29096,29096.gif
熬,29100,29100.gif
熹,29113,29113.gif
燃,29123,29123.gif
燎,29134,29134.gif
燕,29141,29141.gif
燥,29157,29157.gif
燧,29159,29159.gif
爆,29190,29190.gif
爪,29226,29226.gif
爬,29228,29228.gif
爱,29233,29233.gif
爵,29237,29237.gif
父,29238,29238.gif
爷,29239,29239.gif
爸,29240,29240.gif
爹,29241,29241.gif
爽,29245,29245.gif
片,29255,29255.gif
版,29256,29256.gif
牌,29260,29260.gif
牍,29261,29261.gif
牒,29266,29266.gif
牙,29273,29273.gif
牛,29275,29275.gif
牝,29277,29277.gif
牟,29279,29279.gif
牡,29281,29281.gif
牢,29282,29282.gif
牧,29287,29287.gif
物,29289,29289.gif
牯,29295,29295.gif
牲,29298,29298.gif
牵,29301,29301.gif
特,29305,29305.gif
牺,29306,29306.gif
牾,29310,29310.gif
犀,29312,29312.gif
犁,29313,29313.gif
犄,29316,29316.gif
犊,29322,29322.gif
犋,29323,29323.gif
犍,29325,29325.gif
犒,29330,29330.gif
犟,29343,29343.gif
犬,29356,29356.gif
犯,29359,29359.gif
状,29366,29366.gif
犷,29367,29367.gif
犹,29369,29369.gif
狂,29378,29378.gif
狄,29380,29380.gif
狈,29384,29384.gif
狍,29389,29389.gif
狎,29390,29390.gif
狐,29392,29392.gif
狗,29399,29399.gif
狙,29401,29401.gif
狞,29406,29406.gif
狠,29408,29408.gif
狡,29409,29409.gif
狩,29417,29417.gif
独,29420,29420.gif
狭,29421,29421.gif
狮,29422,29422.gif
狯,29423,29423.gif
狰,29424,29424.gif
狱,29425,29425.gif
狲,29426,29426.gif
狸,29432,29432.gif
狼,29436,29436.gif
猎,29454,29454.gif
猕,29461,29461.gif
猖,29462,29462.gif
猛,29467,29467.gif
猜,29468,29468.gif
猝,29469,29469.gif
猡,29473,29473.gif
猢,29474,29474.gif
猥,29477,29477.gif
猩,29481,29481.gif
猪,29482,29482.gif
猫,29483,29483.gif
猬,29484,29484.gif
献,29486,29486.gif
猴,29492,29492.gif
猾,29502,29502.gif
猿,29503,29503.gif
獐,29520,29520.gif
獒,29522,29522.gif
獗,29527,29527.gif
獠,29536,29536.gif
獭,29549,29549.gif
獾,29566,29566.gif
玄,29572,29572.gif
率,29575,29575.gif
玉,29577,29577.gif
王,29579,29579.gif
玑,29585,29585.gif
玖,29590,29590.gif
玛,29595,29595.gif
玩,29609,29609.gif
玫,29611,29611.gif
环,29615,29615.gif
现,29616,29616.gif
玲,29618,29618.gif
玳,29619,29619.gif
玷,29623,29623.gif
玺,29626,29626.gif
玻,29627,29627.gif
珂,29634,29634.gif
珊,29642,29642.gif
珍,29645,29645.gif
珐,29648,29648.gif
珑,29649,29649.gif
珙,29657,29657.gif
珞,29662,29662.gif
珠,29664,29664.gif
班,29677,29677.gif
球,29699,29699.gif
琅,29701,29701.gif
理,29702,29702.gif
琉,29705,29705.gif
琐,29712,29712.gif
琢,29730,29730.gif
琪,29738,29738.gif
琳,29747,29747.gif
琴,29748,29748.gif
琼,29756,29756.gif
瑁,29761,29761.gif
瑕,29781,29781.gif
瑙,29785,29785.gif
瑚,29786,29786.gif
瑜,29788,29788.gif
瑞,29790,29790.gif
瑟,29791,29791.gif
瑰,29808,29808.gif
瑶,29814,29814.gif
璃,29827,29827.gif
璎,29838,29838.gif
璐,29840,29840.gif
璞,29854,29854.gif
璧,29863,29863.gif
瓜,29916,29916.gif
瓢,29922,29922.gif
瓣,29923,29923.gif
瓤,29924,29924.gif
瓦,29926,29926.gif
瓮,29934,29934.gif
瓯,29935,29935.gif
瓴,29940,29940.gif
瓶,29942,29942.gif
瓷,29943,29943.gif
甄,29956,29956.gif
甘,29976,29976.gif
甚,29978,29978.gif
甜,29980,29980.gif
生,29983,29983.gif
甥,29989,29989.gif
用,29992,29992.gif
甩,29993,29993.gif
甫,29995,29995.gif
甬,29996,29996.gif
甭,29997,29997.gif
田,30000,30000.gif
由,30001,30001.gif
甲,30002,30002.gif
申,30003,30003.gif
电,30005,30005.gif
男,30007,30007.gif
甸,30008,30008.gif
画,30011,30011.gif
畀,30016,30016.gif
畅,30021,30021.gif
界,30028,30028.gif
畏,30031,30031.gif
畔,30036,30036.gif
留,30041,30041.gif
畜,30044,30044.gif
略,30053,30053.gif
畦,30054,30054.gif
番,30058,30058.gif
畲,30066,30066.gif
畴,30068,30068.gif
畸,30072,30072.gif
畿,30079,30079.gif
疃,30083,30083.gif
疆,30086,30086.gif
疏,30095,30095.gif
疑,30097,30097.gif
疔,30100,30100.gif
疖,30102,30102.gif
疗,30103,30103.gif
疙,30105,30105.gif
疚,30106,30106.gif
疝,30109,30109.gif
疟,30111,30111.gif
疠,30112,30112.gif
疡,30113,30113.gif
疣,30115,30115.gif
疤,30116,30116.gif
疥,30117,30117.gif
疫,30123,30123.gif
疮,30126,30126.gif
疯,30127,30127.gif
疱,30129,30129.gif
疲,30130,30130.gif
疴,30132,30132.gif
疵,30133,30133.gif
疹,30137,30137.gif
疼,30140,30140.gif
疽,30141,30141.gif
疾,30142,30142.gif
痂,30146,30146.gif
病,30149,30149.gif
症,30151,30151.gif
痈,30152,30152.gif
痊,30154,30154.gif
痍,30157,30157.gif
痒,30162,30162.gif
痔,30164,30164.gif
痕,30165,30165.gif
痘,30168,30168.gif
痛,30171,30171.gif
痞,30174,30174.gif
痢,30178,30178.gif
痣,30179,30179.gif
痧,30183,30183.gif
痨,30184,30184.gif
痪,30186,30186.gif
痫,30187,30187.gif
痰,30192,30192.gif
痱,30193,30193.gif
痴,30196,30196.gif
痹,30201,30201.gif
痼,30204,30204.gif
痿,30207,30207.gif
瘀,30208,30208.gif
瘁,30209,30209.gif
瘊,30218,30218.gif
瘙,30233,30233.gif
瘟,30239,30239.gif
瘠,30240,30240.gif
瘢,30242,30242.gif
瘤,30244,30244.gif
瘦,30246,30246.gif
瘩,30249,30249.gif
瘪,30250,30250.gif
瘫,30251,30251.gif
瘴,30260,30260.gif
瘸,30264,30264.gif
瘾,30270,30270.gif
癌,30284,30284.gif
癍,30285,30285.gif
癖,30294,30294.gif
癜,30300,30300.gif
癞,30302,30302.gif
癣,30307,30307.gif
癫,30315,30315.gif
癯,30319,30319.gif
癸,30328,30328.gif
登,30331,30331.gif
白,30333,30333.gif
百,30334,30334.gif
皂,30338,30338.gif
的,30340,30340.gif
皆,30342,30342.gif
皇,30343,30343.gif
皎,30350,30350.gif
皑,30353,30353.gif
皓,30355,30355.gif
皖,30358,30358.gif
皙,30361,30361.gif
皮,30382,30382.gif
皱,30385,30385.gif
皲,30386,30386.gif
皴,30388,30388.gif
皿,30399,30399.gif
盂,30402,30402.gif
盅,30405,30405.gif
盆,30406,30406.gif
盈,30408,30408.gif
益,30410,30410.gif
盎,30414,30414.gif
盏,30415,30415.gif
盐,30416,30416.gif
监,30417,30417.gif
盒,30418,30418.gif
盔,30420,30420.gif
盖,30422,30422.gif
盗,30423,30423.gif
盘,30424,30424.gif
盛,30427,30427.gif
盟,30431,30431.gif
盥,30437,30437.gif
目,30446,30446.gif
盯,30447,30447.gif
盲,30450,30450.gif
直,30452,30452.gif
相,30456,30456.gif
盹,30457,30457.gif
盼,30460,30460.gif
盾,30462,30462.gif
省,30465,30465.gif
眈,30472,30472.gif
眉,30473,30473.gif
看,30475,30475.gif
眍,30477,30477.gif
真,30495,30495.gif
眠,30496,30496.gif
眨,30504,30504.gif
眩,30505,30505.gif
眯,30511,30511.gif
眶,30518,30518.gif
眷,30519,30519.gif
眸,30520,30520.gif
眺,30522,30522.gif
眼,30524,30524.gif
着,30528,30528.gif
睁,30529,30529.gif
睐,30544,30544.gif
睑,30545,30545.gif
睛,30555,30555.gif
睡,30561,30561.gif
睢,30562,30562.gif
督,30563,30563.gif
睦,30566,30566.gif
睨,30568,30568.gif
睫,30571,30571.gif
睬,30572,30572.gif
睹,30585,30585.gif
睽,30589,30589.gif
睾,30590,30590.gif
睿,30591,30591.gif
瞄,30596,30596.gif
瞅,30597,30597.gif
瞌,30604,30604.gif
瞎,30606,30606.gif
瞑,30609,30609.gif
瞒,30610,30610.gif
瞟,30623,30623.gif
瞠,30624,30624.gif
瞥,30629,30629.gif
瞧,30631,30631.gif
瞩,30633,30633.gif
瞪,30634,30634.gif
瞬,30636,30636.gif
瞭,30637,30637.gif
瞰,30640,30640.gif
瞳,30643,30643.gif
瞻,30651,30651.gif
矍,30669,30669.gif
矗,30679,30679.gif
矛,30683,30683.gif
矜,30684,30684.gif
矢,30690,30690.gif
矣,30691,30691.gif
知,30693,30693.gif
矩,30697,30697.gif
矫,30699,30699.gif
矬,30700,30700.gif
短,30701,30701.gif
矮,30702,30702.gif
石,30707,30707.gif
矸,30712,30712.gif
矽,30717,30717.gif
矾,30718,30718.gif
矿,30719,30719.gif
码,30721,30721.gif
砂,30722,30722.gif
砌,30732,30732.gif
砍,30733,30733.gif
砒,30738,30738.gif
研,30740,30740.gif
砖,30742,30742.gif
砘,30744,30744.gif
砚,30746,30746.gif
砣,30755,30755.gif
砥,30757,30757.gif
砧,30759,30759.gif
砭,30765,30765.gif
砰,30768,30768.gif
破,30772,30772.gif
砸,30776,30776.gif
砺,30778,30778.gif
砾,30782,30782.gif
础,30784,30784.gif
硅,30789,30789.gif
硌,30796,30796.gif
硒,30802,30802.gif
硕,30805,30805.gif
硝,30813,30813.gif
硫,30827,30827.gif
硬,30828,30828.gif
确,30830,30830.gif
硼,30844,30844.gif
碇,30855,30855.gif
碉,30857,30857.gif
碌,30860,30860.gif
碍,30861,30861.gif
碎,30862,30862.gif
碑,30865,30865.gif
碓,30867,30867.gif
碗,30871,30871.gif
碘,30872,30872.gif
碛,30875,30875.gif
碜,30876,30876.gif
碟,30879,30879.gif
碣,30883,30883.gif
碧,30887,30887.gif
碰,30896,30896.gif
碱,30897,30897.gif
碳,30899,30899.gif
碴,30900,30900.gif
碾,30910,30910.gif
磁,30913,30913.gif
磅,30917,30917.gif
磊,30922,30922.gif
磋,30923,30923.gif
磐,30928,30928.gif
磕,30933,30933.gif
磙,30937,30937.gif
磨,30952,30952.gif
磷,30967,30967.gif
磺,30970,30970.gif
礁,30977,30977.gif
礅,30981,30981.gif
礴,31028,31028.gif
示,31034,31034.gif
礼,31036,31036.gif
社,31038,31038.gif
祀,31040,31040.gif
祁,31041,31041.gif
祈,31048,31048.gif
祉,31049,31049.gif
祖,31062,31062.gif
祛,31067,31067.gif
祜,31068,31068.gif
祝,31069,31069.gif
神,31070,31070.gif
祟,31071,31071.gif
祠,31072,31072.gif
祥,31077,31077.gif
票,31080,31080.gif
祭,31085,31085.gif
祷,31095,31095.gif
祸,31096,31096.gif
禀,31104,31104.gif
禁,31105,31105.gif
禄,31108,31108.gif
禅,31109,31109.gif
福,31119,31119.gif
禧,31143,31143.gif
离,31163,31163.gif
禽,31165,31165.gif
禾,31166,31166.gif
秀,31168,31168.gif
私,31169,31169.gif
秃,31171,31171.gif
秆,31174,31174.gif
秉,31177,31177.gif
秋,31179,31179.gif
种,31181,31181.gif
科,31185,31185.gif
秒,31186,31186.gif
秕,31189,31189.gif
秘,31192,31192.gif
租,31199,31199.gif
秣,31203,31203.gif
秤,31204,31204.gif
秦,31206,31206.gif
秧,31207,31207.gif
秩,31209,31209.gif
秫,31211,31211.gif
积,31215,31215.gif
称,31216,31216.gif
秸,31224,31224.gif
移,31227,31227.gif
秽,31229,31229.gif
稀,31232,31232.gif
程,31243,31243.gif
稍,31245,31245.gif
税,31246,31246.gif
稔,31252,31252.gif
稗,31255,31255.gif
稚,31258,31258.gif
稞,31262,31262.gif
稠,31264,31264.gif
稣,31267,31267.gif
稳,31283,31283.gif
稷,31287,31287.gif
稻,31291,31291.gif
稼,31292,31292.gif
稽,31293,31293.gif
稿,31295,31295.gif
穆,31302,31302.gif
穑,31313,31313.gif
穗,31319,31319.gif
穴,31348,31348.gif
究,31350,31350.gif
穷,31351,31351.gif
穹,31353,31353.gif
空,31354,31354.gif
穿,31359,31359.gif
突,31361,31361.gif
窃,31363,31363.gif
窄,31364,31364.gif
窍,31373,31373.gif
窑,31377,31377.gif
窒,31378,31378.gif
窖,31382,31382.gif
窗,31383,31383.gif
窘,31384,31384.gif
窜,31388,31388.gif
窝,31389,31389.gif
窟,31391,31391.gif
窠,31392,31392.gif
窥,31397,31397.gif
窦,31398,31398.gif
窿,31423,31423.gif
立,31435,31435.gif
竖,31446,31446.gif
站,31449,31449.gif
竞,31454,31454.gif
竟,31455,31455.gif
章,31456,31456.gif
竣,31459,31459.gif
童,31461,31461.gif
竭,31469,31469.gif
端,31471,31471.gif
竹,31481,31481.gif
竺,31482,31482.gif
竽,31485,31485.gif
竿,31487,31487.gif
笃,31491,31491.gif
笆,31494,31494.gif
笋,31499,31499.gif
笑,31505,31505.gif
笔,31508,31508.gif
笙,31513,31513.gif
笛,31515,31515.gif
笞,31518,31518.gif
笠,31520,31520.gif
符,31526,31526.gif
笨,31528,31528.gif
第,31532,31532.gif
笳,31539,31539.gif
笺,31546,31546.gif
笼,31548,31548.gif
等,31561,31561.gif
筋,31563,31563.gif
筏,31567,31567.gif
筐,31568,31568.gif
筑,31569,31569.gif
筒,31570,31570.gif
答,31572,31572.gif
策,31574,31574.gif
筚,31578,31578.gif
筛,31579,31579.gif
筝,31581,31581.gif
筮,31598,31598.gif
筲,31602,31602.gif
筵,31605,31605.gif
筷,31607,31607.gif
筹,31609,31609.gif
签,31614,31614.gif
简,31616,31616.gif
箅,31621,31621.gif
箍,31629,31629.gif
箔,31636,31636.gif
箕,31637,31637.gif
算,31639,31639.gif
管,31649,31649.gif
箩,31657,31657.gif
箫,31659,31659.gif
箬,31660,31660.gif
箭,31661,31661.gif
箱,31665,31665.gif
箴,31668,31668.gif
箸,31672,31672.gif
篆,31686,31686.gif
篇,31687,31687.gif
篑,31697,31697.gif
篓,31699,31699.gif
篙,31705,31705.gif
篝,31709,31709.gif
篡,31713,31713.gif
篦,31718,31718.gif
篮,31726,31726.gif
篱,31729,31729.gif
篷,31735,31735.gif
篼,31740,31740.gif
篾,31742,31742.gif
簇,31751,31751.gif
簌,31756,31756.gif
簧,31783,31783.gif
簪,31786,31786.gif
簸,31800,31800.gif
簿,31807,31807.gif
籁,31809,31809.gif
籍,31821,31821.gif
米,31859,31859.gif
籴,31860,31860.gif
类,31867,31867.gif
籼,31868,31868.gif
籽,31869,31869.gif
粉,31881,31881.gif
粒,31890,31890.gif
粕,31893,31893.gif
粗,31895,31895.gif
粘,31896,31896.gif
粝,31901,31901.gif
粟,31903,31903.gif
粤,31908,31908.gif
粥,31909,31909.gif
粪,31914,31914.gif
粮,31918,31918.gif
粱,31921,31921.gif
粲,31922,31922.gif
粳,31923,31923.gif
粹,31929,31929.gif
粽,31933,31933.gif
精,31934,31934.gif
糅,31941,31941.gif
糊,31946,31946.gif
糕,31957,31957.gif
糖,31958,31958.gif
糙,31961,31961.gif
糜,31964,31964.gif
糟,31967,31967.gif
糠,31968,31968.gif
糨,31976,31976.gif
糯,31983,31983.gif
系,31995,31995.gif
紊,32010,32010.gif
素,32032,32032.gif
索,32034,32034.gif
紧,32039,32039.gif
紫,32043,32043.gif
累,32047,32047.gif
絮,32110,32110.gif
繁,32321,32321.gif
纂,32386,32386.gif
纠,32416,32416.gif
红,32418,32418.gif
纣,32419,32419.gif
纤,32420,32420.gif
纥,32421,32421.gif
约,32422,32422.gif
级,32423,32423.gif
纨,32424,32424.gif
纪,32426,32426.gif
纫,32427,32427.gif
纬,32428,32428.gif
纭,32429,32429.gif
纯,32431,32431.gif
纰,32432,32432.gif
纱,32433,32433.gif
纲,32434,32434.gif
纳,32435,32435.gif
纵,32437,32437.gif
纶,32438,32438.gif
纷,32439,32439.gif
纸,32440,32440.gif
纹,32441,32441.gif
纺,32442,32442.gif
纽,32445,32445.gif
纾,32446,32446.gif
线,32447,32447.gif
练,32451,32451.gif
组,32452,32452.gif
绅,32453,32453.gif
细,32454,32454.gif
织,32455,32455.gif
终,32456,32456.gif
绉,32457,32457.gif
绊,32458,32458.gif
绌,32460,32460.gif
绍,32461,32461.gif
绎,32462,32462.gif
经,32463,32463.gif
绑,32465,32465.gif
绒,32466,32466.gif
结,32467,32467.gif
绔,32468,32468.gif
绕,32469,32469.gif
绗,32471,32471.gif
绘,32472,32472.gif
给,32473,32473.gif
绚,32474,32474.gif
绛,32475,32475.gif
络,32476,32476.gif
绝,32477,32477.gif
绞,32478,32478.gif
统,32479,32479.gif
绢,32482,32482.gif
绣,32483,32483.gif
绦,32486,32486.gif
继,32487,32487.gif
绩,32489,32489.gif
绪,32490,32490.gif
绫,32491,32491.gif
续,32493,32493.gif
绮,32494,32494.gif
绯,32495,32495.gif
绰,32496,32496.gif
绲,32498,32498.gif
绳,32499,32499.gif
维,32500,32500.gif
绵,32501,32501.gif
绶,32502,32502.gif
绷,32503,32503.gif
绸,32504,32504.gif
绺,32506,32506.gif
综,32508,32508.gif
绽,32509,32509.gif
绾,32510,32510.gif
绿,32511,32511.gif
缀,32512,32512.gif
缄,32516,32516.gif
缅,32517,32517.gif
缆,32518,32518.gif
缈,32520,32520.gif
缉,32521,32521.gif
缎,32526,32526.gif
缓,32531,32531.gif
缔,32532,32532.gif
缕,32533,32533.gif
编,32534,32534.gif
缘,32536,32536.gif
缙,32537,32537.gif
缚,32538,32538.gif
缛,32539,32539.gif
缜,32540,32540.gif
缝,32541,32541.gif
缠,32544,32544.gif
缢,32546,32546.gif
缣,32547,32547.gif
缤,32548,32548.gif
缥,32549,32549.gif
缨,32552,32552.gif
缩,32553,32553.gif
缪,32554,32554.gif
缫,32555,32555.gif
缭,32557,32557.gif
缮,32558,32558.gif
缰,32560,32560.gif
缴,32564,32564.gif
缸,32568,32568.gif
缺,32570,32570.gif
罂,32578,32578.gif
罄,32580,32580.gif
罅,32581,32581.gif
罐,32592,32592.gif
网,32593,32593.gif
罔,32596,32596.gif
罕,32597,32597.gif
罗,32599,32599.gif
罚,32602,32602.gif
罢,32610,32610.gif
罩,32617,32617.gif
罪,32618,32618.gif
置,32622,32622.gif
署,32626,32626.gif
罴,32628,32628.gif
罹,32633,32633.gif
羁,32641,32641.gif
羊,32650,32650.gif
羌,32652,32652.gif
美,32654,32654.gif
羔,32660,32660.gif
羚,32666,32666.gif
羞,32670,32670.gif
羡,32673,32673.gif
群,32676,32676.gif
羲,32690,32690.gif
羸,32696,32696.gif
羹,32697,32697.gif
羼,32700,32700.gif
羽,32701,32701.gif
翁,32705,32705.gif
翅,32709,32709.gif
翌,32716,32716.gif
翎,32718,32718.gif
翔,32724,32724.gif
翕,32725,32725.gif
翘,32728,32728.gif
翠,32736,32736.gif
翩,32745,32745.gif
翰,32752,32752.gif
翱,32753,32753.gif
翳,32755,32755.gif
翻,32763,32763.gif
翼,32764,32764.gif
耀,32768,32768.gif
老,32769,32769.gif
考,32771,32771.gif
耄,32772,32772.gif
者,32773,32773.gif
耆,32774,32774.gif
耋,32779,32779.gif
而,32780,32780.gif
耍,32781,32781.gif
耐,32784,32784.gif
耕,32789,32789.gif
耗,32791,32791.gif
耘,32792,32792.gif
耙,32793,32793.gif
耦,32806,32806.gif
耧,32807,32807.gif
耪,32810,32810.gif
耳,32819,32819.gif
耶,32822,32822.gif
耷,32823,32823.gif
耸,32824,32824.gif
耻,32827,32827.gif
耽,32829,32829.gif
耿,32831,32831.gif
聆,32838,32838.gif
聊,32842,32842.gif
聋,32843,32843.gif
职,32844,32844.gif
聒,32850,32850.gif
联,32852,32852.gif
聘,32856,32856.gif
聚,32858,32858.gif
聩,32873,32873.gif
聪,32874,32874.gif
聱,32881,32881.gif
肃,32899,32899.gif
肄,32900,32900.gif
肆,32902,32902.gif
肇,32903,32903.gif
肉,32905,32905.gif
肋,32907,32907.gif
肌,32908,32908.gif
肓,32915,32915.gif
肖,32918,32918.gif
肘,32920,32920.gif
肚,32922,32922.gif
肛,32923,32923.gif
肝,32925,32925.gif
肠,32928,32928.gif
股,32929,32929.gif
肢,32930,32930.gif
肤,32932,32932.gif
肥,32933,32933.gif
肩,32937,32937.gif
肪,32938,32938.gif
肫,32939,32939.gif
肮,32942,32942.gif
肯,32943,32943.gif
肱,32945,32945.gif
育,32946,32946.gif
肴,32948,32948.gif
肺,32954,32954.gif
肾,32958,32958.gif
肿,32959,32959.gif
胀,32960,32960.gif
胁,32961,32961.gif
胃,32963,32963.gif
胄,32964,32964.gif
胆,32966,32966.gif
背,32972,32972.gif
胎,32974,32974.gif
胖,32982,32982.gif
胚,32986,32986.gif
胛,32987,32987.gif
胜,32988,32988.gif
胝,32989,32989.gif
胞,32990,32990.gif
胡,32993,32993.gif
胧,32999,32999.gif
胫,33003,33003.gif
胭,33005,33005.gif
胯,33007,33007.gif
胰,33008,33008.gif
胳,33011,33011.gif
胴,33012,33012.gif
胶,33014,33014.gif
胸,33016,33016.gif
胺,33018,33018.gif
胼,33020,33020.gif
能,33021,33021.gif
脂,33026,33026.gif
脆,33030,33030.gif
脉,33033,33033.gif
脊,33034,33034.gif
脍,33037,33037.gif
脏,33039,33039.gif
脐,33040,33040.gif
脑,33041,33041.gif
脓,33043,33043.gif
脖,33046,33046.gif
脚,33050,33050.gif
脯,33071,33071.gif
脱,33073,33073.gif
脸,33080,33080.gif
脾,33086,33086.gif
腊,33098,33098.gif
腋,33099,33099.gif
腌,33100,33100.gif
腐,33104,33104.gif
腑,33105,33105.gif
腓,33107,33107.gif
腔,33108,33108.gif
腕,33109,33109.gif
腥,33125,33125.gif
腭,33133,33133.gif
腮,33134,33134.gif
腰,33136,33136.gif
腱,33137,33137.gif
腴,33140,33140.gif
腹,33145,33145.gif
腺,33146,33146.gif
腻,33147,33147.gif
腾,33150,33150.gif
腿,33151,33151.gif
膀,33152,33152.gif
膂,33154,33154.gif
膈,33160,33160.gif
膊,33162,33162.gif
膏,33167,33167.gif
膘,33176,33176.gif
膛,33179,33179.gif
膜,33180,33180.gif
膝,33181,33181.gif
膨,33192,33192.gif
膳,33203,33203.gif
膺,33210,33210.gif
膻,33211,33211.gif
臀,33216,33216.gif
臂,33218,33218.gif
臆,33222,33222.gif
臊,33226,33226.gif
臣,33251,33251.gif
臧,33255,33255.gif
自,33258,33258.gif
臭,33261,33261.gif
至,33267,33267.gif
致,33268,33268.gif
臻,33275,33275.gif
臼,33276,33276.gif
臾,33278,33278.gif
舀,33280,33280.gif
舂,33282,33282.gif
舅,33285,33285.gif
舆,33286,33286.gif
舌,33292,33292.gif
舍,33293,33293.gif
舒,33298,33298.gif
舔,33300,33300.gif
舛,33307,33307.gif
舜,33308,33308.gif
舞,33310,33310.gif
舟,33311,33311.gif
航,33322,33322.gif
舫,33323,33323.gif
般,33324,33324.gif
舰,33328,33328.gif
舱,33329,33329.gif
舵,33333,33333.gif
舶,33334,33334.gif
舷,33335,33335.gif
船,33337,33337.gif
艄,33348,33348.gif
艇,33351,33351.gif
艘,33368,33368.gif
良,33391,33391.gif
艰,33392,33392.gif
色,33394,33394.gif
艳,33395,33395.gif
艺,33402,33402.gif
艾,33406,33406.gif
节,33410,33410.gif
芊,33418,33418.gif
芋,33419,33419.gif
芍,33421,33421.gif
芎,33422,33422.gif
芒,33426,33426.gif
芙,33433,33433.gif
芜,33436,33436.gif
芝,33437,33437.gif
芡,33441,33441.gif
芥,33445,33445.gif
芦,33446,33446.gif
芨,33448,33448.gif
芩,33449,33449.gif
芪,33450,33450.gif
芬,33452,33452.gif
芭,33453,33453.gif
芯,33455,33455.gif
花,33457,33457.gif
芳,33459,33459.gif
芷,33463,33463.gif
芸,33464,33464.gif
芹,33465,33465.gif
芽,33469,33469.gif
苇,33479,33479.gif
苋,33483,33483.gif
苍,33485,33485.gif
苏,33487,33487.gif
苑,33489,33489.gif
苒,33490,33490.gif
苔,33492,33492.gif
苗,33495,33495.gif
苛,33499,33499.gif
苜,33500,33500.gif
苞,33502,33502.gif
苟,33503,33503.gif
苣,33507,33507.gif
若,33509,33509.gif
苦,33510,33510.gif
苫,33515,33515.gif
英,33521,33521.gif
苹,33529,33529.gif
茁,33537,33537.gif
茂,33538,33538.gif
范,33539,33539.gif
茄,33540,33540.gif
茅,33541,33541.gif
茉,33545,33545.gif
茎,33550,33550.gif
茏,33551,33551.gif
茔,33556,33556.gif
茕,33557,33557.gif
茗,33559,33559.gif
茜,33564,33564.gif
茧,33575,33575.gif
茫,33579,33579.gif
茬,33580,33580.gif
茭,33581,33581.gif
茴,33588,33588.gif
茵,33589,33589.gif
茶,33590,33590.gif
茸,33592,33592.gif
茹,33593,33593.gif
荆,33606,33606.gif
草,33609,33609.gif
荏,33615,33615.gif
荐,33616,33616.gif
荒,33618,33618.gif
荔,33620,33620.gif
荚,33626,33626.gif
荞,33630,33630.gif
荟,33631,33631.gif
荠,33632,33632.gif
荡,33633,33633.gif
荣,33635,33635.gif
荤,33636,33636.gif
荧,33639,33639.gif
荫,33643,33643.gif
药,33647,33647.gif
荷,33655,33655.gif
荻,33659,33659.gif
荼,33660,33660.gif
莅,33669,33669.gif
莓,33683,33683.gif
莠,33696,33696.gif
莫,33707,33707.gif
莱,33713,33713.gif
莲,33714,33714.gif
莴,33716,33716.gif
获,33719,33719.gif
莹,33721,33721.gif
莺,33722,33722.gif
莽,33725,33725.gif
菁,33729,33729.gif
菅,33733,33733.gif
菇,33735,33735.gif
菊,33738,33738.gif
菌,33740,33740.gif
菜,33756,33756.gif
菠,33760,33760.gif
菩,33769,33769.gif
菱,33777,33777.gif
菲,33778,33778.gif
萃,33795,33795.gif
萄,33796,33796.gif
萌,33804,33804.gif
萍,33805,33805.gif
萎,33806,33806.gif
萝,33821,33821.gif
萤,33828,33828.gif
营,33829,33829.gif
萦,33830,33830.gif
萧,33831,33831.gif
萨,33832,33832.gif
萼,33852,33852.gif
落,33853,33853.gif
葆,33862,33862.gif
著,33879,33879.gif
葚,33882,33882.gif
葛,33883,33883.gif
葡,33889,33889.gif
董,33891,33891.gif
葩,33897,33897.gif
葫,33899,33899.gif
葬,33900,33900.gif
葱,33905,33905.gif
葵,33909,33909.gif
葺,33914,33914.gif
蒂,33922,33922.gif
蒙,33945,33945.gif
蒜,33948,33948.gif
蒡,33953,33953.gif
蒲,33970,33970.gif
蒸,33976,33976.gif
蒺,33978,33978.gif
蒿,33983,33983.gif
蓄,33988,33988.gif
蓉,33993,33993.gif
蓊,33994,33994.gif
蓑,34001,34001.gif
蓝,34013,34013.gif
蓦,34022,34022.gif
蓬,34028,34028.gif
蓿,34047,34047.gif
蔑,34065,34065.gif
蔓,34067,34067.gif
蔗,34071,34071.gif
蔚,34074,34074.gif
蔡,34081,34081.gif
蔫,34091,34091.gif
蔬,34092,34092.gif
蔷,34103,34103.gif
蔻,34107,34107.gif
蔼,34108,34108.gif
蔽,34109,34109.gif
蕃,34115,34115.gif
蕉,34121,34121.gif
蕊,34122,34122.gif
蕖,34134,34134.gif
蕴,34164,34164.gif
蕻,34171,34171.gif
蕾,34174,34174.gif
薄,34180,34180.gif
薅,34181,34181.gif
薇,34183,34183.gif
薏,34191,34191.gif
薪,34218,34218.gif
薮,34222,34222.gif
薯,34223,34223.gif
薰,34224,34224.gif
薹,34233,34233.gif
藉,34249,34249.gif
藏,34255,34255.gif
藐,34256,34256.gif
藕,34261,34261.gif
藜,34268,34268.gif
藤,34276,34276.gif
藩,34281,34281.gif
藻,34299,34299.gif
藿,34303,34303.gif
蘑,34321,34321.gif
蘖,34326,34326.gif
蘸,34360,34360.gif
虎,34382,34382.gif
虏,34383,34383.gif
虐,34384,34384.gif
虑,34385,34385.gif
虔,34388,34388.gif
虚,34394,34394.gif
虞,34398,34398.gif
虫,34411,34411.gif
虱,34417,34417.gif
虹,34425,34425.gif
虻,34427,34427.gif
虽,34429,34429.gif
虾,34430,34430.gif
蚀,34432,34432.gif
蚁,34433,34433.gif
蚂,34434,34434.gif
蚊,34442,34442.gif
蚌,34444,34444.gif
蚍,34445,34445.gif
蚓,34451,34451.gif
蚕,34453,34453.gif
蚜,34460,34460.gif
蚝,34461,34461.gif
蚤,34468,34468.gif
蚧,34471,34471.gif
蚯,34479,34479.gif
蚶,34486,34486.gif
蛀,34496,34496.gif
蛄,34500,34500.gif
蛆,34502,34502.gif
蛇,34503,34503.gif
蛉,34505,34505.gif
蛊,34506,34506.gif
蛋,34507,34507.gif
蛎,34510,34510.gif
蛏,34511,34511.gif
蛐,34512,34512.gif
蛙,34521,34521.gif
蛛,34523,34523.gif
蛟,34527,34527.gif
蛤,34532,34532.gif
蛭,34541,34541.gif
蛮,34542,34542.gif
蛰,34544,34544.gif
蛳,34547,34547.gif
蛹,34553,34553.gif
蛾,34558,34558.gif
蜀,34560,34560.gif
蜂,34562,34562.gif
蜃,34563,34563.gif
蜇,34567,34567.gif
蜈,34568,34568.gif
蜉,34569,34569.gif
蜊,34570,34570.gif
蜍,34573,34573.gif
蜒,34578,34578.gif
蜓,34579,34579.gif
蜕,34581,34581.gif
蜗,34583,34583.gif
蜘,34584,34584.gif
蜚,34586,34586.gif
蜜,34588,34588.gif
蜡,34593,34593.gif
蜮,34606,34606.gif
蜷,34615,34615.gif
蜻,34619,34619.gif
蝇,34631,34631.gif
蝉,34633,34633.gif
蝌,34636,34636.gif
蝎,34638,34638.gif
蝗,34647,34647.gif
蝙,34649,34649.gif
蝠,34656,34656.gif
蝣,34659,34659.gif
蝥,34661,34661.gif
蝴,34676,34676.gif
蝶,34678,34678.gif
蝼,34684,34684.gif
螂,34690,34690.gif
螃,34691,34691.gif
融,34701,34701.gif
螟,34719,34719.gif
螨,34728,34728.gif
螯,34735,34735.gif
螳,34739,34739.gif
螺,34746,34746.gif
蟆,34758,34758.gif
蟋,34763,34763.gif
蟒,34770,34770.gif
蟠,34784,34784.gif
蟥,34789,34789.gif
蟹,34809,34809.gif
蟾,34814,34814.gif
蠕,34837,34837.gif
蠖,34838,34838.gif
蠢,34850,34850.gif
蠹,34873,34873.gif
血,34880,34880.gif
衅,34885,34885.gif
行,34892,34892.gif
衍,34893,34893.gif
衔,34900,34900.gif
街,34903,34903.gif
衙,34905,34905.gif
衡,34913,34913.gif
衢,34914,34914.gif
衣,34915,34915.gif
补,34917,34917.gif
表,34920,34920.gif
衫,34923,34923.gif
衬,34924,34924.gif
衰,34928,34928.gif
衷,34935,34935.gif
袂,34946,34946.gif
袄,34948,34948.gif
袅,34949,34949.gif
袋,34955,34955.gif
袍,34957,34957.gif
袒,34962,34962.gif
袖,34966,34966.gif
袜,34972,34972.gif
袤,34980,34980.gif
被,34987,34987.gif
袭,34989,34989.gif
袱,34993,34993.gif
裁,35009,35009.gif
裂,35010,35010.gif
装,35013,35013.gif
裆,35014,35014.gif
裔,35028,35028.gif
裕,35029,35029.gif
裘,35032,35032.gif
裙,35033,35033.gif
裢,35042,35042.gif
裤,35044,35044.gif
裨,35048,35048.gif
裱,35057,35057.gif
裳,35059,35059.gif
裸,35064,35064.gif
裹,35065,35065.gif
褂,35074,35074.gif
褐,35088,35088.gif
褒,35090,35090.gif
褓,35091,35091.gif
褙,35097,35097.gif
褡,35105,35105.gif
褥,35109,35109.gif
褪,35114,35114.gif
褫,35115,35115.gif
褶,35126,35126.gif
襁,35137,35137.gif
襄,35140,35140.gif
襟,35167,35167.gif
西,35199,35199.gif
要,35201,35201.gif
覃,35203,35203.gif
覆,35206,35206.gif
见,35265,35265.gif
观,35266,35266.gif
规,35268,35268.gif
觅,35269,35269.gif
视,35270,35270.gif
览,35272,35272.gif
觉,35273,35273.gif
觊,35274,35274.gif
觎,35278,35278.gif
觐,35280,35280.gif
觑,35281,35281.gif
角,35282,35282.gif
觞,35294,35294.gif
解,35299,35299.gif
觥,35301,35301.gif
触,35302,35302.gif
言,35328,35328.gif
訇,35335,35335.gif
誉,35465,35465.gif
誊,35466,35466.gif
誓,35475,35475.gif
警,35686,35686.gif
譬,35692,35692.gif
计,35745,35745.gif
订,35746,35746.gif
讣,35747,35747.gif
认,35748,35748.gif
讥,35749,35749.gif
讧,35751,35751.gif
讨,35752,35752.gif
让,35753,35753.gif
讪,35754,35754.gif
讫,35755,35755.gif
训,35757,35757.gif
议,35758,35758.gif
讯,35759,35759.gif
记,35760,35760.gif
讲,35762,35762.gif
讳,35763,35763.gif
讴,35764,35764.gif
讶,35766,35766.gif
讷,35767,35767.gif
许,35768,35768.gif
讹,35769,35769.gif
论,35770,35770.gif
讼,35772,35772.gif
讽,35773,35773.gif
设,35774,35774.gif
访,35775,35775.gif
诀,35776,35776.gif
证,35777,35777.gif
诂,35778,35778.gif
评,35780,35780.gif
诅,35781,35781.gif
识,35782,35782.gif
诈,35784,35784.gif
诉,35785,35785.gif
诊,35786,35786.gif
诋,35787,35787.gif
诌,35788,35788.gif
词,35789,35789.gif
诏,35791,35791.gif
译,35793,35793.gif
诓,35795,35795.gif
试,35797,35797.gif
诗,35799,35799.gif
诘,35800,35800.gif
诙,35801,35801.gif
诚,35802,35802.gif
诛,35803,35803.gif
话,35805,35805.gif
诞,35806,35806.gif
诟,35807,35807.gif
诠,35808,35808.gif
诡,35809,35809.gif
询,35810,35810.gif
诣,35811,35811.gif
诤,35812,35812.gif
该,35813,35813.gif
详,35814,35814.gif
诧,35815,35815.gif
诨,35816,35816.gif
诩,35817,35817.gif
诫,35819,35819.gif
诬,35820,35820.gif
语,35821,35821.gif
诮,35822,35822.gif
误,35823,35823.gif
诱,35825,35825.gif
诲,35826,35826.gif
诳,35827,35827.gif
说,35828,35828.gif
诵,35829,35829.gif
请,35831,35831.gif
诸,35832,35832.gif
诺,35834,35834.gif
读,35835,35835.gif
诽,35837,35837.gif
课,35838,35838.gif
诿,35839,35839.gif
谀,35840,35840.gif
谁,35841,35841.gif
调,35843,35843.gif
谄,35844,35844.gif
谅,35845,35845.gif
谆,35846,35846.gif
谈,35848,35848.gif
谊,35850,35850.gif
谋,35851,35851.gif
谍,35853,35853.gif
谎,35854,35854.gif
谏,35855,35855.gif
谐,35856,35856.gif
谑,35857,35857.gif
谒,35858,35858.gif
谓,35859,35859.gif
谕,35861,35861.gif
谗,35863,35863.gif
谙,35865,35865.gif
谚,35866,35866.gif
谛,35867,35867.gif
谜,35868,35868.gif
谢,35874,35874.gif
谣,35875,35875.gif
谤,35876,35876.gif
谦,35878,35878.gif
谧,35879,35879.gif
谨,35880,35880.gif
谩,35881,35881.gif
谪,35882,35882.gif
谬,35884,35884.gif
谭,35885,35885.gif
谰,35888,35888.gif
谱,35889,35889.gif
谲,35890,35890.gif
谴,35892,35892.gif
谵,35893,35893.gif
谶,35894,35894.gif
谷,35895,35895.gif
豁,35905,35905.gif
豆,35910,35910.gif
豉,35913,35913.gif
豌,35916,35916.gif
豕,35925,35925.gif
豚,35930,35930.gif
象,35937,35937.gif
豢,35938,35938.gif
豪,35946,35946.gif
豫,35947,35947.gif
豹,35961,35961.gif
豺,35962,35962.gif
貂,35970,35970.gif
貉,35977,35977.gif
貌,35980,35980.gif
贝,36125,36125.gif
贞,36126,36126.gif
负,36127,36127.gif
贡,36129,36129.gif
财,36130,36130.gif
责,36131,36131.gif
贤,36132,36132.gif
败,36133,36133.gif
账,36134,36134.gif
货,36135,36135.gif
质,36136,36136.gif
贩,36137,36137.gif
贪,36138,36138.gif
贫,36139,36139.gif
贬,36140,36140.gif
购,36141,36141.gif
贮,36142,36142.gif
贯,36143,36143.gif
贰,36144,36144.gif
贱,36145,36145.gif
贲,36146,36146.gif
贴,36148,36148.gif
贵,36149,36149.gif
贷,36151,36151.gif
贸,36152,36152.gif
费,36153,36153.gif
贺,36154,36154.gif
贻,36155,36155.gif
贼,36156,36156.gif
贾,36158,36158.gif
贿,36159,36159.gif
赁,36161,36161.gif
赂,36162,36162.gif
赃,36163,36163.gif
资,36164,36164.gif
赅,36165,36165.gif
赈,36168,36168.gif
赊,36170,36170.gif
赋,36171,36171.gif
赌,36172,36172.gif
赎,36174,36174.gif
赏,36175,36175.gif
赐,36176,36176.gif
赔,36180,36180.gif
赖,36182,36182.gif
赘,36184,36184.gif
赚,36186,36186.gif
赛,36187,36187.gif
赝,36189,36189.gif
赞,36190,36190.gif
赠,36192,36192.gif
赡,36193,36193.gif
赢,36194,36194.gif
赣,36195,36195.gif
赤,36196,36196.gif
赦,36198,36198.gif
赧,36199,36199.gif
赫,36203,36203.gif
赭,36205,36205.gif
走,36208,36208.gif
赳,36211,36211.gif
赴,36212,36212.gif
赵,36213,36213.gif
赶,36214,36214.gif
起,36215,36215.gif
趁,36225,36225.gif
超,36229,36229.gif
越,36234,36234.gif
趋,36235,36235.gif
趟,36255,36255.gif
趣,36259,36259.gif
足,36275,36275.gif
趴,36276,36276.gif
趸,36280,36280.gif
趾,36286,36286.gif
趿,36287,36287.gif
跃,36291,36291.gif
跆,36294,36294.gif
跋,36299,36299.gif
跌,36300,36300.gif
跎,36302,36302.gif
跑,36305,36305.gif
跛,36315,36315.gif
距,36317,36317.gif
跟,36319,36319.gif
跤,36324,36324.gif
跨,36328,36328.gif
跪,36330,36330.gif
路,36335,36335.gif
跳,36339,36339.gif
践,36341,36341.gif
跷,36343,36343.gif
跹,36345,36345.gif
跺,36346,36346.gif
跻,36347,36347.gif
踊,36362,36362.gif
踌,36364,36364.gif
踏,36367,36367.gif
踝,36381,36381.gif
踞,36382,36382.gif
踟,36383,36383.gif
踢,36386,36386.gif
踩,36393,36393.gif
踪,36394,36394.gif
踮,36398,36398.gif
踱,36401,36401.gif
踵,36405,36405.gif
踹,36409,36409.gif
蹀,36416,36416.gif
蹁,36417,36417.gif
蹂,36418,36418.gif
蹄,36420,36420.gif
蹈,36424,36424.gif
蹉,36425,36425.gif
蹊,36426,36426.gif
蹋,36427,36427.gif
蹑,36433,36433.gif
蹙,36441,36441.gif
蹦,36454,36454.gif
蹩,36457,36457.gif
蹬,36460,36460.gif
蹭,36461,36461.gif
蹰,36464,36464.gif
蹲,36466,36466.gif
蹴,36468,36468.gif
蹶,36470,36470.gif
蹼,36476,36476.gif
蹿,36479,36479.gif
躁,36481,36481.gif
躇,36487,36487.gif
躏,36495,36495.gif
躞,36510,36510.gif
身,36523,36523.gif
躬,36524,36524.gif
躯,36527,36527.gif
躲,36530,36530.gif
躺,36538,36538.gif
车,36710,36710.gif
轧,36711,36711.gif
轨,36712,36712.gif
轩,36713,36713.gif
轫,36715,36715.gif
转,36716,36716.gif
轮,36718,36718.gif
软,36719,36719.gif
轰,36720,36720.gif
轱,36721,36721.gif
轳,36723,36723.gif
轴,36724,36724.gif
轶,36726,36726.gif
轻,36731,36731.gif
载,36733,36733.gif
轿,36735,36735.gif
较,36739,36739.gif
辄,36740,36740.gif
辅,36741,36741.gif
辆,36742,36742.gif
辈,36744,36744.gif
辉,36745,36745.gif
辊,36746,36746.gif
辍,36749,36749.gif
辎,36750,36750.gif
辐,36752,36752.gif
辑,36753,36753.gif
输,36755,36755.gif
辔,36756,36756.gif
辕,36757,36757.gif
辖,36758,36758.gif
辗,36759,36759.gif
辘,36760,36760.gif
辙,36761,36761.gif
辛,36763,36763.gif
辜,36764,36764.gif
辞,36766,36766.gif
辟,36767,36767.gif
辣,36771,36771.gif
辨,36776,36776.gif
辩,36777,36777.gif
辫,36779,36779.gif
辰,36784,36784.gif
辱,36785,36785.gif
边,36793,36793.gif
辽,36797,36797.gif
达,36798,36798.gif
迁,36801,36801.gif
迂,36802,36802.gif
迄,36804,36804.gif
迅,36805,36805.gif
过,36807,36807.gif
迈,36808,36808.gif
迎,36814,36814.gif
运,36816,36816.gif
近,36817,36817.gif
迓,36819,36819.gif
返,36820,36820.gif
还,36824,36824.gif
这,36825,36825.gif
进,36827,36827.gif
远,36828,36828.gif
违,36829,36829.gif
连,36830,36830.gif
迟,36831,36831.gif
迢,36834,36834.gif
迤,36836,36836.gif
迥,36837,36837.gif
迦,36838,36838.gif
迩,36841,36841.gif
迪,36842,36842.gif
迫,36843,36843.gif
迭,36845,36845.gif
述,36848,36848.gif
迷,36855,36855.gif
迸,36856,36856.gif
迹,36857,36857.gif
追,36861,36861.gif
退,36864,36864.gif
送,36865,36865.gif
适,36866,36866.gif
逃,36867,36867.gif
逆,36870,36870.gif
选,36873,36873.gif
逊,36874,36874.gif
逍,36877,36877.gif
透,36879,36879.gif
逐,36880,36880.gif
递,36882,36882.gif
途,36884,36884.gif
逗,36887,36887.gif
通,36890,36890.gif
逛,36891,36891.gif
逝,36893,36893.gif
逞,36894,36894.gif
速,36895,36895.gif
造,36896,36896.gif
逡,36897,36897.gif
逢,36898,36898.gif
逦,36902,36902.gif
逮,36910,36910.gif
逸,36920,36920.gif
逻,36923,36923.gif
逼,36924,36924.gif
逾,36926,36926.gif
遁,36929,36929.gif
遂,36930,36930.gif
遇,36935,36935.gif
遍,36941,36941.gif
遏,36943,36943.gif
遐,36944,36944.gif
遑,36945,36945.gif
遒,36946,36946.gif
道,36947,36947.gif
遗,36951,36951.gif
遛,36955,36955.gif
遣,36963,36963.gif
遥,36965,36965.gif
遨,36968,36968.gif
遭,36973,36973.gif
遮,36974,36974.gif
遴,36980,36980.gif
遵,36981,36981.gif
遽,36989,36989.gif
避,36991,36991.gif
邀,36992,36992.gif
邃,36995,36995.gif
邈,37000,37000.gif
邑,37009,37009.gif
邓,37011,37011.gif
那,37027,37027.gif
邦,37030,37030.gif
邪,37034,37034.gif
邮,37038,37038.gif
邯,37039,37039.gif
邸,37048,37048.gif
邻,37051,37051.gif
郁,37057,37057.gif
郊,37066,37066.gif
郎,37070,37070.gif
郑,37073,37073.gif
部,37096,37096.gif
郭,37101,37101.gif
郸,37112,37112.gif
都,37117,37117.gif
鄂,37122,37122.gif
鄙,37145,37145.gif
酉,37193,37193.gif
酊,37194,37194.gif
酋,37195,37195.gif
酌,37196,37196.gif
配,37197,37197.gif
酒,37202,37202.gif
酗,37207,37207.gif
酝,37213,37213.gif
酢,37218,37218.gif
酣,37219,37219.gif
酥,37221,37221.gif
酪,37226,37226.gif
酬,37228,37228.gif
酱,37233,37233.gif
酵,37237,37237.gif
酶,37238,37238.gif
酷,37239,37239.gif
酸,37240,37240.gif
酽,37245,37245.gif
酿,37247,37247.gif
醇,37255,37255.gif
醉,37257,37257.gif
醋,37259,37259.gif
醍,37261,37261.gif
醐,37264,37264.gif
醒,37266,37266.gif
醚,37274,37274.gif
醛,37275,37275.gif
醪,37290,37290.gif
醭,37293,37293.gif
醺,37306,37306.gif
采,37319,37319.gif
釉,37321,37321.gif
释,37322,37322.gif
里,37324,37324.gif
重,37325,37325.gif
野,37326,37326.gif
量,37327,37327.gif
金,37329,37329.gif
釜,37340,37340.gif
鉴,37492,37492.gif
銮,37550,37550.gif
鎏,37775,37775.gif
鏖,37846,37846.gif
针,38024,38024.gif
钉,38025,38025.gif
钎,38030,38030.gif
钓,38035,38035.gif
钗,38039,38039.gif
钙,38041,38041.gif
钛,38043,38043.gif
钝,38045,38045.gif
钞,38046,38046.gif
钟,38047,38047.gif
钠,38048,38048.gif
钡,38049,38049.gif
钢,38050,38050.gif
钥,38053,38053.gif
钦,38054,38054.gif
钧,38055,38055.gif
钨,38056,38056.gif
钩,38057,38057.gif
钮,38062,38062.gif
钱,38065,38065.gif
钳,38067,38067.gif
钵,38069,38069.gif
钹,38073,38073.gif
钻,38075,38075.gif
钾,38078,38078.gif
铀,38080,38080.gif
铁,38081,38081.gif
铃,38083,38083.gif
铄,38084,38084.gif
铅,38085,38085.gif
铆,38086,38086.gif
铐,38096,38096.gif
铙,38105,38105.gif
铛,38107,38107.gif
铜,38108,38108.gif
铝,38109,38109.gif
铠,38112,38112.gif
铡,38113,38113.gif
铢,38114,38114.gif
铣,38115,38115.gif
铤,38116,38116.gif
铧,38119,38119.gif
铭,38125,38125.gif
铮,38126,38126.gif
铰,38128,38128.gif
铱,38129,38129.gif
铲,38130,38130.gif
铳,38131,38131.gif
银,38134,38134.gif
铸,38136,38136.gif
铺,38138,38138.gif
链,38142,38142.gif
铿,38143,38143.gif
销,38144,38144.gif
锁,38145,38145.gif
锃,38147,38147.gif
锄,38148,38148.gif
锅,38149,38149.gif
锈,38152,38152.gif
锉,38153,38153.gif
锋,38155,38155.gif
锌,38156,38156.gif
锏,38159,38159.gif
锐,38160,38160.gif
锑,38161,38161.gif
锔,38164,38164.gif
错,38169,38169.gif
锚,38170,38170.gif
锛,38171,38171.gif
锡,38177,38177.gif
锢,38178,38178.gif
锣,38179,38179.gif
锤,38180,38180.gif
锥,38181,38181.gif
锦,38182,38182.gif
锨,38184,38184.gif
锭,38189,38189.gif
键,38190,38190.gif
锯,38191,38191.gif
锰,38192,38192.gif
锱,38193,38193.gif
锲,38194,38194.gif
锵,38197,38197.gif
锹,38201,38201.gif
锻,38203,38203.gif
镀,38208,38208.gif
镁,38209,38209.gif
镂,38210,38210.gif
镇,38215,38215.gif
镊,38218,38218.gif
镌,38220,38220.gif
镍,38221,38221.gif
镐,38224,38224.gif
镑,38225,38225.gif
镖,38230,38230.gif
镜,38236,38236.gif
镞,38238,38238.gif
镢,38242,38242.gif
镣,38243,38243.gif
镫,38251,38251.gif
镭,38253,38253.gif
镯,38255,38255.gif
镰,38256,38256.gif
镳,38259,38259.gif
镶,38262,38262.gif
长,38271,38271.gif
门,38376,38376.gif
闩,38377,38377.gif
闪,38378,38378.gif
闭,38381,38381.gif
问,38382,38382.gif
闯,38383,38383.gif
闰,38384,38384.gif
闲,38386,38386.gif
间,38388,38388.gif
闷,38391,38391.gif
闸,38392,38392.gif
闹,38393,38393.gif
闺,38394,38394.gif
闻,38395,38395.gif
闽,38397,38397.gif
闾,38398,38398.gif
阀,38400,38400.gif
阁,38401,38401.gif
阂,38402,38402.gif
阄,38404,38404.gif
阅,38405,38405.gif
阉,38409,38409.gif
阋,38411,38411.gif
阎,38414,38414.gif
阐,38416,38416.gif
阑,38417,38417.gif
阔,38420,38420.gif
阖,38422,38422.gif
阙,38425,38425.gif
阜,38428,38428.gif
队,38431,38431.gif
阡,38433,38433.gif
阱,38449,38449.gif
防,38450,38450.gif
阳,38451,38451.gif
阴,38452,38452.gif
阵,38453,38453.gif
阶,38454,38454.gif
阻,38459,38459.gif
阿,38463,38463.gif
陀,38464,38464.gif
附,38468,38468.gif
际,38469,38469.gif
陆,38470,38470.gif
陇,38471,38471.gif
陈,38472,38472.gif
陋,38475,38475.gif
陌,38476,38476.gif
降,38477,38477.gif
限,38480,38480.gif
陕,38485,38485.gif
陛,38491,38491.gif
陡,38497,38497.gif
院,38498,38498.gif
除,38500,38500.gif
陨,38504,38504.gif
险,38505,38505.gif
陪,38506,38506.gif
陲,38514,38514.gif
陵,38517,38517.gif
陶,38518,38518.gif
陷,38519,38519.gif
隅,38533,38533.gif
隆,38534,38534.gif
隋,38539,38539.gif
隍,38541,38541.gif
随,38543,38543.gif
隐,38544,38544.gif
隔,38548,38548.gif
隘,38552,38552.gif
隙,38553,38553.gif
障,38556,38556.gif
隧,38567,38567.gif
隶,38582,38582.gif
隼,38588,38588.gif
隽,38589,38589.gif
难,38590,38590.gif
雀,38592,38592.gif
雁,38593,38593.gif
雄,38596,38596.gif
雅,38597,38597.gif
集,38598,38598.gif
雇,38599,38599.gif
雉,38601,38601.gif
雌,38604,38604.gif
雍,38605,38605.gif
雏,38607,38607.gif
雕,38613,38613.gif
雨,38632,38632.gif
雪,38634,38634.gif
雳,38643,38643.gif
零,38646,38646.gif
雷,38647,38647.gif
雹,38649,38649.gif
雾,38654,38654.gif
需,38656,38656.gif
霄,38660,38660.gif
霆,38662,38662.gif
震,38663,38663.gif
霉,38665,38665.gif
霍,38669,38669.gif
霎,38670,38670.gif
霏,38671,38671.gif
霓,38675,38675.gif
霖,38678,38678.gif
霜,38684,38684.gif
霞,38686,38686.gif
霭,38701,38701.gif
露,38706,38706.gif
霸,38712,38712.gif
霹,38713,38713.gif
霾,38718,38718.gif
青,38738,38738.gif
靓,38739,38739.gif
靖,38742,38742.gif
静,38745,38745.gif
靛,38747,38747.gif
非,38750,38750.gif
靠,38752,38752.gif
靡,38753,38753.gif
面,38754,38754.gif
靥,38757,38757.gif
革,38761,38761.gif
靴,38772,38772.gif
靶,38774,38774.gif
鞋,38795,38795.gif
鞍,38797,38797.gif
鞘,38808,38808.gif
鞠,38816,38816.gif
鞣,38819,38819.gif
鞭,38829,38829.gif
韦,38886,38886.gif
韧,38887,38887.gif
韩,38889,38889.gif
韬,38892,38892.gif
韭,38893,38893.gif
音,38899,38899.gif
韵,38901,38901.gif
韶,38902,38902.gif
页,39029,39029.gif
顶,39030,39030.gif
顷,39031,39031.gif
项,39033,39033.gif
顺,39034,39034.gif
须,39035,39035.gif
顽,39037,39037.gif
顾,39038,39038.gif
顿,39039,39039.gif
颀,39040,39040.gif
颁,39041,39041.gif
颂,39042,39042.gif
预,39044,39044.gif
颅,39045,39045.gif
领,39046,39046.gif
颇,39047,39047.gif
颈,39048,39048.gif
颊,39050,39050.gif
颌,39052,39052.gif
颏,39055,39055.gif
颐,39056,39056.gif
频,39057,39057.gif
颓,39059,39059.gif
颔,39060,39060.gif
颖,39062,39062.gif
颗,39063,39063.gif
题,39064,39064.gif
颚,39066,39066.gif
颜,39068,39068.gif
额,39069,39069.gif
颠,39072,39072.gif
颤,39076,39076.gif
颦,39078,39078.gif
风,39118,39118.gif
飒,39122,39122.gif
飕,39125,39125.gif
飘,39128,39128.gif
飙,39129,39129.gif
飞,39134,39134.gif
食,39135,39135.gif
餐,39184,39184.gif
饥,39269,39269.gif
饪,39274,39274.gif
饬,39276,39276.gif
饭,39277,39277.gif
饮,39278,39278.gif
饯,39279,39279.gif
饰,39280,39280.gif
饱,39281,39281.gif
饲,39282,39282.gif
饴,39284,39284.gif
饵,39285,39285.gif
饶,39286,39286.gif
饷,39287,39287.gif
饺,39290,39290.gif
饼,39292,39292.gif
饿,39295,39295.gif
馁,39297,39297.gif
馅,39301,39301.gif
馆,39302,39302.gif
馈,39304,39304.gif
馊,39306,39306.gif
馋,39307,39307.gif
馍,39309,39309.gif
馏,39311,39311.gif
馐,39312,39312.gif
馑,39313,39313.gif
馒,39314,39314.gif
馕,39317,39317.gif
首,39318,39318.gif
馗,39319,39319.gif
香,39321,39321.gif
馥,39333,39333.gif
馨,39336,39336.gif
马,39532,39532.gif
驭,39533,39533.gif
驮,39534,39534.gif
驯,39535,39535.gif
驰,39536,39536.gif
驱,39537,39537.gif
驳,39539,39539.gif
驴,39540,39540.gif
驶,39542,39542.gif
驸,39544,39544.gif
驹,39545,39545.gif
驻,39547,39547.gif
驼,39548,39548.gif
驽,39549,39549.gif
驾,39550,39550.gif
驿,39551,39551.gif
骁,39553,39553.gif
骂,39554,39554.gif
骄,39556,39556.gif
骆,39558,39558.gif
骇,39559,39559.gif
骈,39560,39560.gif
骋,39563,39563.gif
验,39564,39564.gif
骏,39567,39567.gif
骑,39569,39569.gif
骒,39570,39570.gif
骗,39575,39575.gif
骚,39578,39578.gif
骛,39579,39579.gif
骜,39580,39580.gif
骟,39583,39583.gif
骡,39585,39585.gif
骤,39588,39588.gif
骥,39589,39589.gif
骨,39592,39592.gif
骶,39606,39606.gif
骸,39608,39608.gif
骼,39612,39612.gif
髋,39627,39627.gif
髌,39628,39628.gif
髓,39635,39635.gif
高,39640,39640.gif
髦,39654,39654.gif
髫,39659,39659.gif
髻,39675,39675.gif
鬃,39683,39683.gif
鬓,39699,39699.gif
鬣,39715,39715.gif
鬻,39739,39739.gif
鬼,39740,39740.gif
魁,39745,39745.gif
魂,39746,39746.gif
魄,39748,39748.gif
魅,39749,39749.gif
魇,39751,39751.gif
魈,39752,39752.gif
魉,39753,39753.gif
魍,39757,39757.gif
魏,39759,39759.gif
魑,39761,39761.gif
魔,39764,39764.gif
鱼,40060,40060.gif
鱿,40063,40063.gif
鲁,40065,40065.gif
鲋,40075,40075.gif
鲍,40077,40077.gif
鲜,40092,40092.gif
鲟,40095,40095.gif
鲠,40096,40096.gif
鲡,40097,40097.gif
鲢,40098,40098.gif
鲤,40100,40100.gif
鲨,40104,40104.gif
鲫,40107,40107.gif
鲲,40114,40114.gif
鲵,40117,40117.gif
鲸,40120,40120.gif
鳃,40131,40131.gif
鳄,40132,40132.gif
鳅,40133,40133.gif
鳌,40140,40140.gif
鳍,40141,40141.gif
鳏,40143,40143.gif
鳔,40148,40148.gif
鳖,40150,40150.gif
鳗,40151,40151.gif
鳝,40157,40157.gif
鳞,40158,40158.gif
鸟,40479,40479.gif
鸠,40480,40480.gif
鸡,40481,40481.gif
鸢,40482,40482.gif
鸣,40483,40483.gif
鸥,40485,40485.gif
鸦,40486,40486.gif
鸨,40488,40488.gif
鸩,40489,40489.gif
鸪,40490,40490.gif
鸭,40493,40493.gif
鸯,40495,40495.gif
鸳,40499,40499.gif
鸵,40501,40501.gif
鸶,40502,40502.gif
鸷,40503,40503.gif
鸹,40505,40505.gif
鸽,40509,40509.gif
鸿,40511,40511.gif
鹁,40513,40513.gif
鹃,40515,40515.gif
鹄,40516,40516.gif
鹅,40517,40517.gif
鹉,40521,40521.gif
鹊,40522,40522.gif
鹏,40527,40527.gif
鹜,40540,40540.gif
鹞,40542,40542.gif
鹤,40548,40548.gif
鹦,40550,40550.gif
鹫,40555,40555.gif
鹬,40556,40556.gif
鹭,40557,40557.gif
鹰,40560,40560.gif
鹳,40563,40563.gif
鹿,40575,40575.gif
麂,40578,40578.gif
麋,40587,40587.gif
麓,40595,40595.gif
麝,40605,40605.gif
麟,40607,40607.gif
麦,40614,40614.gif
麸,40632,40632.gif
麻,40635,40635.gif
麾,40638,40638.gif
黄,40644,40644.gif
黍,40653,40653.gif
黎,40654,40654.gif
黏,40655,40655.gif
黑,40657,40657.gif
黔,40660,40660.gif
默,40664,40664.gif
黛,40667,40667.gif
黜,40668,40668.gif
黝,40669,40669.gif
黠,40672,40672.gif
黢,40674,40674.gif
黧,40679,40679.gif
黩,40681,40681.gif
黯,40687,40687.gif
鼎,40718,40718.gif
鼓,40723,40723.gif
鼠,40736,40736.gif
鼬,40748,40748.gif
鼹,40761,40761.gif
鼻,40763,40763.gif
鼾,40766,40766.gif
齐,40784,40784.gif
齑,40785,40785.gif
齿,40831,40831.gif
龄,40836,40836.gif
龇,40839,40839.gif
龈,40840,40840.gif
龋,40843,40843.gif
龙,40857,40857.gif
龛,40859,40859.gif
龟,40863,40863.gif
