hanzi_id,hanzi,frequency_rank,pinyin_id,pinyin,pinyin_sn
1,的,1,1,de,1
1,的,1,2,dí,2
1,的,1,3,dì,3
1,的,1,4,dī,4
2,了,2,5,le,1
2,了,2,6,liǎo,2
3,是,3,7,shì,1
4,一,4,8,yī,1
5,在,5,9,zài,1
6,不,6,10,bù,1
7,我,7,11,wǒ,1
8,有,8,12,yǒu,1
9,人,9,13,rén,1
10,这,10,14,zhè,1
11,个,11,15,gè,1
12,他,12,16,tā,1
13,和,13,17,hé,1
13,和,13,18,huò,2
13,和,13,19,huó,3
13,和,13,20,hè,4
13,和,13,21,hú,5
14,中,14,22,zhōng,1
14,中,14,23,zhòng,2
15,来,15,24,lái,1
16,国,16,25,guó,1
17,上,17,26,shàng,1
17,上,17,27,shang,2
17,上,17,28,shǎng,3
18,大,18,29,dà,1
19,们,19,30,men,1
19,们,19,31,mén,2
20,要,20,32,yào,1
20,要,20,33,yāo,2
21,会,21,34,huì,1
21,会,21,35,kuài,2
22,为,22,36,wéi,1
22,为,22,37,wèi,2
23,就,23,38,jiù,1
24,到,24,39,dào,1
25,说,25,40,shuō,1
25,说,25,41,shuì,2
26,年,26,42,nián,1
27,你,27,43,nǐ,1
28,也,28,44,yě,1
29,以,29,45,yǐ,1
30,地,30,46,de,1
30,地,30,47,dì,2
31,生,31,48,shēng,1
32,时,32,49,shí,1
33,对,33,50,duì,1
34,出,34,51,chū,1
35,好,35,52,hǎo,1
35,好,35,53,hào,2
36,能,36,54,néng,1
37,发,37,55,fā,1
37,发,37,56,fà,2
38,可,38,57,kě,1
38,可,38,58,kè,2
39,都,39,59,dōu,1
39,都,39,60,dū,2
40,子,40,61,zǐ,1
40,子,40,62,zi,2
41,着,41,63,zhe,1
41,着,41,64,zháo,2
41,着,41,65,zhuó,3
41,着,41,66,zhāo,4
42,过,42,67,guò,1
42,过,42,68,guo,2
43,得,43,69,de,1
43,得,43,70,dé,2
43,得,43,71,děi,3
44,去,44,72,qù,1
45,家,45,73,jiā,1
45,家,45,74,jia,2
46,下,46,75,xià,1
46,下,46,76,xia,2
47,还,47,77,hái,1
47,还,47,78,huán,2
47,还,47,79,xuán,3
48,多,48,80,duō,1
49,那,49,81,nà,1
50,里,50,82,lǐ,1
50,里,50,83,li,2
51,学,51,84,xué,1
52,作,52,85,zuò,1
52,作,52,86,zuō,2
53,日,53,87,rì,1
54,看,54,88,kàn,1
54,看,54,89,kān,2
55,经,55,90,jīng,1
55,经,55,91,jìng,2
56,后,56,92,hòu,1
57,道,57,93,dào,1
58,行,58,94,xíng,1
58,行,58,95,háng,2
59,成,59,96,chéng,1
60,现,60,97,xiàn,1
61,没,61,98,méi,1
61,没,61,99,mò,2
62,自,62,100,zì,1
63,事,63,101,shì,1
64,天,64,102,tiān,1
65,开,65,103,kāi,1
66,么,66,104,me,1
67,用,67,105,yòng,1
68,小,68,106,xiǎo,1
69,工,69,107,gōng,1
70,而,70,108,ér,1
71,她,71,109,tā,1
72,于,72,110,yú,1
73,想,73,111,xiǎng,1
74,很,74,112,hěn,1
75,起,75,113,qǐ,1
76,第,76,114,dì,1
77,点,77,115,diǎn,1
78,业,78,116,yè,1
79,方,79,117,fāng,1
80,进,80,118,jìn,1
81,主,81,119,zhǔ,1
82,动,82,120,dòng,1
83,与,83,121,yǔ,1
83,与,83,122,yù,2
84,样,84,123,yàng,1
85,月,85,124,yuè,1
86,法,86,125,fǎ,1
87,民,87,126,mín,1
88,等,88,127,děng,1
89,同,89,128,tóng,1
90,把,90,129,bǎ,1
90,把,90,130,bà,2
91,面,91,131,miàn,1
92,但,92,132,dàn,1
93,实,93,133,shí,1
94,分,94,134,fēn,1
94,分,94,135,fèn,2
95,所,95,136,suǒ,1
96,心,96,137,xīn,1
97,新,97,138,xīn,1
98,定,98,139,dìng,1
99,部,99,140,bù,1
100,本,100,141,běn,1
101,如,101,142,rú,1
102,之,102,143,zhī,1
103,理,103,144,lǐ,1
104,全,104,145,quán,1
105,然,105,146,rán,1
106,前,106,147,qián,1
107,从,107,148,cóng,1
108,长,108,149,cháng,1
108,长,108,150,zhǎng,2
109,给,109,151,gěi,1
109,给,109,152,jǐ,2
110,些,110,153,xiē,1
111,当,111,154,dāng,1
111,当,111,155,dàng,2
112,两,112,156,liǎng,1
113,只,113,157,zhǐ,1
113,只,113,158,zhī,2
114,意,114,159,yì,1
115,高,115,160,gāo,1
116,种,116,161,zhòng,1
116,种,116,162,zhǒng,2
117,关,117,163,guān,1
118,力,118,164,lì,1
119,将,119,165,jiāng,1
119,将,119,166,jiàng,2
119,将,119,167,qiāng,3
120,者,120,168,zhě,1
121,公,121,169,gōng,1
122,重,122,170,zhòng,1
122,重,122,171,chóng,2
123,最,123,172,zuì,1
124,三,124,173,sān,1
125,产,125,174,chǎn,1
126,做,126,175,zuò,1
127,知,127,176,zhī,1
128,市,128,177,shì,1
129,十,129,178,shí,1
130,明,130,179,míng,1
131,问,131,180,wèn,1
132,情,132,181,qíng,1
133,被,133,182,bèi,1
134,电,134,183,diàn,1
135,因,135,184,yīn,1
136,加,136,185,jiā,1
137,其,137,186,qí,1
137,其,137,187,jī,2
138,体,138,188,tǐ,1
138,体,138,189,tī,2
139,文,139,190,wén,1
140,又,140,191,yòu,1
141,次,141,192,cì,1
142,机,142,193,jī,1
143,真,143,194,zhēn,1
145,间,145,195,jiān,1
145,间,145,196,jiàn,2
146,回,146,197,huí,1
147,政,147,198,zhèng,1
148,外,148,199,wài,1
149,话,149,200,huà,1
150,合,150,201,hé,1
150,合,150,202,gě,2
151,已,151,203,yǐ,1
152,手,152,204,shǒu,1
153,化,153,205,huà,1
154,正,154,206,zhèng,1
154,正,154,207,zhēng,2
155,展,155,208,zhǎn,1
156,建,156,209,jiàn,1
157,别,157,210,bié,1
157,别,157,211,biè,2
158,果,158,212,guǒ,1
159,儿,159,213,ér,1
160,老,160,214,lǎo,1
161,见,161,215,jiàn,1
161,见,161,216,xiàn,2
162,表,162,217,biǎo,1
163,美,163,218,měi,1
164,名,164,219,míng,1
165,社,165,220,shè,1
166,让,166,221,ràng,1
167,无,167,222,wú,1
168,二,168,223,èr,1
169,制,169,224,zhì,1
170,西,170,225,xī,1
171,内,171,226,nèi,1
172,场,172,227,chǎng,1
172,场,172,228,cháng,2
173,员,173,229,yuán,1
173,员,173,230,yún,2
174,报,174,231,bào,1
175,水,175,232,shuǐ,1
176,元,176,233,yuán,1
177,应,177,234,yīng,1
177,应,177,235,yìng,2
178,走,178,236,zǒu,1
179,向,179,237,xiàng,1
180,女,180,238,nǚ,1
181,头,181,239,tóu,1
181,头,181,240,tou,2
182,性,182,241,xìng,1
183,比,183,242,bǐ,1
184,相,184,243,xiāng,1
184,相,184,244,xiàng,2
185,再,185,245,zài,1
186,利,186,246,lì,1
187,教,187,247,jiāo,1
187,教,187,248,jiào,2
188,活,188,249,huó,1
189,打,189,250,dǎ,1
189,打,189,251,dá,2
190,位,190,252,wèi,1
191,并,191,253,bìng,1
191,并,191,254,bīng,2
192,它,192,255,tā,1
193,特,193,256,tè,1
194,车,194,257,chē,1
194,车,194,258,jū,2
195,各,195,259,gè,1
195,各,195,260,gě,2
196,先,196,261,xiān,1
197,使,197,262,shǐ,1
198,己,198,263,jǐ,1
199,题,199,264,tí,1
200,由,200,265,yóu,1
201,代,201,266,dài,1
202,该,202,267,gāi,1
203,记,203,268,jì,1
204,系,204,269,jì,1
204,系,204,270,xì,2
205,太,205,271,tài,1
206,物,206,272,wù,1
207,总,207,273,zǒng,1
208,区,208,274,qū,1
209,度,209,275,dù,1
209,度,209,276,duó,2
210,提,210,277,tí,1
211,通,211,278,tōng,1
211,通,211,279,tòng,2
212,东,212,280,dōng,1
213,平,213,281,píng,1
214,常,214,282,cháng,1
215,信,215,283,xìn,1
216,此,216,284,cǐ,1
217,感,217,285,gǎn,1
218,今,218,286,jīn,1
219,门,219,287,mén,1
220,爱,220,288,ài,1
221,解,221,289,jiě,1
221,解,221,290,jiè,2
221,解,221,291,xiè,3
222,入,222,292,rù,1
223,安,223,293,ān,1
224,资,224,294,zī,1
225,保,225,295,bǎo,1
226,干,226,296,gān,1
226,干,226,297,gàn,2
227,万,227,298,wàn,1
228,认,228,299,rèn,1
229,结,229,300,jié,1
229,结,229,301,jiē,2
230,及,230,302,jí,1
231,身,231,303,shēn,1
232,更,232,304,gèng,1
232,更,232,305,gēng,2
233,义,233,306,yì,1
234,任,234,307,rèn,1
234,任,234,308,rén,2
235,放,235,309,fàng,1
236,北,236,310,běi,1
237,才,237,311,cái,1
238,目,238,312,mù,1
239,务,239,313,wù,1
240,几,240,314,jǐ,1
240,几,240,315,jī,2
241,海,241,316,hǎi,1
242,四,242,317,sì,1
243,品,243,318,pǐn,1
244,世,244,319,shì,1
245,快,245,320,kuài,1
246,斯,246,321,sī,1
247,立,247,322,lì,1
248,济,248,323,jì,1
248,济,248,324,jǐ,2
249,气,249,325,qì,1
250,听,250,326,tīng,1
251,期,251,327,qī,1
252,设,252,328,shè,1
253,路,253,329,lù,1
254,科,254,330,kē,1
255,强,255,331,qiáng,1
255,强,255,332,qiǎng,2
255,强,255,333,jiàng,3
256,或,256,334,huò,1
257,少,257,335,shǎo,1
257,少,257,336,shào,2
258,管,258,337,guǎn,1
259,告,259,338,gào,1
260,原,260,339,yuán,1
261,量,261,340,liàng,1
261,量,261,341,liáng,2
262,思,262,342,sī,1
263,队,263,343,duì,1
264,金,264,344,jīn,1
265,受,265,345,shòu,1
266,口,266,346,kǒu,1
267,接,267,347,jiē,1
268,基,268,348,jī,1
269,像,269,349,xiàng,1
270,啊,270,350,a,1
270,啊,270,351,à,2
270,啊,270,352,ā,3
270,啊,270,353,á,4
270,啊,270,354,ǎ,5
271,军,271,355,jūn,1
272,处,272,356,chǔ,1
272,处,272,357,chù,2
273,件,273,358,jiàn,1
274,计,274,359,jì,1
275,直,275,360,zhí,1
276,变,276,361,biàn,1
277,论,277,362,lùn,1
277,论,277,363,lún,2
278,吧,278,364,ba,1
278,吧,278,365,bā,2
279,呢,279,366,ne,1
279,呢,279,367,ní,2
279,呢,279,368,nī,3
280,候,280,369,hòu,1
281,书,281,370,shū,1
282,决,282,371,jué,1
283,农,283,372,nóng,1
284,组,284,373,zǔ,1
285,觉,285,374,jiào,1
285,觉,285,375,jué,2
286,改,286,376,gǎi,1
287,克,287,377,kè,1
288,党,288,378,dǎng,1
289,交,289,379,jiāo,1
290,术,290,380,shù,1
291,山,291,381,shān,1
292,五,292,382,wǔ,1
293,吃,293,383,chī,1
294,带,294,384,dài,1
295,办,295,385,bàn,1
296,战,296,386,zhàn,1
297,条,297,387,tiáo,1
298,统,298,388,tǒng,1
299,死,299,389,sǐ,1
300,华,300,390,huá,1
300,华,300,391,huà,2
301,非,301,392,fēi,1
302,完,302,393,wán,1
303,程,303,394,chéng,1
304,马,304,395,mǎ,1
305,导,305,396,dǎo,1
306,界,306,397,jiè,1
307,难,307,398,nán,1
307,难,307,399,nàn,2
308,白,308,400,bái,1
309,共,309,401,gòng,1
310,许,310,402,xǔ,1
311,求,311,403,qiú,1
312,治,312,404,zhì,1
313,据,313,405,jù,1
314,收,314,406,shōu,1
315,每,315,407,měi,1
316,形,316,408,xíng,1
317,象,317,409,xiàng,1
318,数,318,410,shǔ,1
318,数,318,411,shù,2
318,数,318,412,shuò,3
318,数,318,413,cù,4
319,张,319,414,zhāng,1
320,领,320,415,lǐng,1
321,至,321,416,zhì,1
322,持,322,417,chí,1
323,指,323,418,zhǐ,1
324,边,324,419,biān,1
325,院,325,420,yuàn,1
326,反,326,421,fǎn,1
327,住,327,422,zhù,1
328,色,328,423,sè,1
329,叫,329,424,jiào,1
330,达,330,425,dá,1
331,联,331,426,lián,1
332,需,332,427,xū,1
333,南,333,428,nán,1
334,找,334,429,zhǎo,1
335,声,335,430,shēng,1
336,委,336,431,wěi,1
336,委,336,432,wēi,2
337,运,337,433,yùn,1
338,吗,338,434,ma,1
338,吗,338,435,má,2
338,吗,338,436,mǎ,3
339,神,339,437,shén,1
340,京,340,438,jīng,1
341,何,341,439,hé,1
342,司,342,440,sī,1
343,尔,343,441,ěr,1
344,式,344,442,shì,1
345,级,345,443,jí,1
346,议,346,444,yì,1
347,拉,347,445,lā,1
347,拉,347,446,lá,2
347,拉,347,447,là,3
348,望,348,448,wàng,1
349,风,349,449,fēng,1
350,亲,350,450,qīn,1
351,必,351,451,bì,1
352,调,352,452,diào,1
352,调,352,453,tiáo,2
353,怎,353,454,zěn,1
354,技,354,455,jì,1
355,跟,355,456,gēn,1
356,光,356,457,guāng,1
357,友,357,458,yǒu,1
358,服,358,459,fú,1
358,服,358,460,fù,2
359,企,359,461,qǐ,1
360,近,360,462,jìn,1
361,取,361,463,qǔ,1
362,却,362,464,què,1
363,命,363,465,mìng,1
364,确,364,466,què,1
365,流,365,467,liú,1
366,师,366,468,shī,1
367,始,367,469,shǐ,1
368,商,368,470,shāng,1
369,观,369,471,guān,1
369,观,369,472,guàn,2
370,请,370,473,qǐng,1
371,质,371,474,zhì,1
372,德,372,475,dé,1
373,规,373,476,guī,1
374,步,374,477,bù,1
375,格,375,478,gé,1
376,钱,376,479,qián,1
377,清,377,480,qīng,1
378,百,378,481,bǎi,1
379,识,379,482,shí,1
379,识,379,483,zhì,2
380,传,380,484,chuán,1
380,传,380,485,zhuàn,2
381,眼,381,486,yǎn,1
382,城,382,487,chéng,1
383,证,383,488,zhèng,1
384,造,384,489,zào,1
385,育,385,490,yù,1
386,省,386,491,shěng,1
386,省,386,492,xǐng,2
387,广,387,493,guǎng,1
388,单,388,494,dān,1
388,单,388,495,chán,2
389,台,389,496,tái,1
389,台,389,497,tāi,2
390,影,390,498,yǐng,1
391,则,391,499,zé,1
392,转,392,500,zhuǎn,1
392,转,392,501,zhuàn,2
392,转,392,502,zhuǎi,3
393,笑,393,503,xiào,1
394,际,394,504,jì,1
395,选,395,505,xuǎn,1
396,增,396,506,zēng,1
397,深,397,507,shēn,1
398,准,398,508,zhǔn,1
399,精,399,509,jīng,1
400,乐,400,510,lè,1
400,乐,400,511,yuè,2
401,谈,401,512,tán,1
402,花,402,513,huā,1
403,查,403,514,chá,1
404,孩,404,515,hái,1
405,集,405,516,jí,1
406,根,406,517,gēn,1
407,晚,407,518,wǎn,1
408,士,408,519,shì,1
409,切,409,520,qiē,1
409,切,409,521,qiè,2
410,网,410,522,wǎng,1
411,离,411,523,lí,1
412,整,412,524,zhěng,1
413,字,413,525,zì,1
414,研,414,526,yán,1
415,局,415,527,jú,1
416,图,416,528,tú,1
417,视,417,529,shì,1
418,价,418,530,jià,1
418,价,418,531,jie,2
418,价,418,532,jiè,3
419,项,419,533,xiàng,1
420,团,420,534,tuán,1
421,专,421,535,zhuān,1
422,语,422,536,yǔ,1
423,王,423,537,wáng,1
424,革,424,538,gé,1
424,革,424,539,jí,2
425,权,425,540,quán,1
426,周,426,541,zhōu,1
427,欢,427,542,huān,1
428,志,428,543,zhì,1
429,便,429,544,biàn,1
430,片,430,545,piàn,1
431,村,431,546,cūn,1
432,费,432,547,fèi,1
433,备,433,548,bèi,1
434,连,434,549,lián,1
435,节,435,550,jié,1
436,林,436,551,lín,1
437,校,437,552,xiào,1
437,校,437,553,jiào,2
438,房,438,554,fáng,1
439,众,439,555,zhòng,1
440,失,440,556,shī,1
441,线,441,557,xiàn,1
442,英,442,558,yīng,1
443,府,443,559,fǔ,1
444,喜,444,560,xǐ,1
445,拿,445,561,ná,1
446,布,446,562,bù,1
447,算,447,563,suàn,1
448,且,448,564,qiě,1
448,且,448,565,jū,2
449,约,449,566,yuē,1
449,约,449,567,yāo,2
450,考,450,568,kǎo,1
451,争,451,569,zhēng,1
452,往,452,570,wǎng,1
453,兴,453,571,xìng,1
453,兴,453,572,xīng,2
454,类,454,573,lèi,1
455,江,455,574,jiāng,1
456,具,456,575,jù,1
457,远,457,576,yuǎn,1
458,空,458,577,kōng,1
458,空,458,578,kòng,2
459,谁,459,579,shéi,1
459,谁,459,580,shuí,2
460,参,460,581,cān,1
460,参,460,582,cēn,2
460,参,460,583,shēn,3
461,究,461,584,jiū,1
462,言,462,585,yán,1
463,首,463,586,shǒu,1
464,音,464,587,yīn,1
465,支,465,588,zhī,1
466,极,466,589,jí,1
467,照,467,590,zhào,1
468,号,468,591,hào,1
468,号,468,592,háo,2
469,写,469,593,xiě,1
470,男,470,594,nán,1
471,医,471,595,yī,1
472,标,472,596,biāo,1
473,历,473,597,lì,1
474,消,474,598,xiāo,1
475,球,475,599,qiú,1
476,李,476,600,lǐ,1
477,早,477,601,zǎo,1
478,病,478,602,bìng,1
479,示,479,603,shì,1
480,赛,480,604,sài,1
481,复,481,605,fù,1
482,亚,482,606,yà,1
483,包,483,607,bāo,1
484,八,484,608,bā,1
485,刚,485,609,gāng,1
486,较,486,610,jiào,1
487,况,487,611,kuàng,1
488,即,488,612,jí,1
489,买,489,613,mǎi,1
490,演,490,614,yǎn,1
491,创,491,615,chuàng,1
491,创,491,616,chuāng,2
492,案,492,617,àn,1
493,息,493,618,xī,1
494,举,494,619,jǔ,1
495,满,495,620,mǎn,1
496,史,496,621,shǐ,1
497,投,497,622,tóu,1
498,热,498,623,rè,1
499,容,499,624,róng,1
500,站,500,625,zhàn,1
501,群,501,626,qún,1
502,推,502,627,tuī,1
503,夫,503,628,fū,1
503,夫,503,629,fú,2
504,越,504,630,yuè,1
505,试,505,631,shì,1
506,希,506,632,xī,1
507,火,507,633,huǒ,1
508,帮,508,634,bāng,1
509,习,509,635,xí,1
510,星,510,636,xīng,1
511,九,511,637,jiǔ,1
512,装,512,638,zhuāng,1
513,红,513,639,hóng,1
514,六,514,640,liù,1
515,护,515,641,hù,1
516,续,516,642,xù,1
517,留,517,643,liú,1
518,诉,518,644,sù,1
519,讲,519,645,jiǎng,1
520,客,520,646,kè,1
521,青,521,647,qīng,1
522,注,522,648,zhù,1
523,引,523,649,yǐn,1
524,职,524,650,zhí,1
525,律,525,651,lǜ,1
526,哪,526,652,nǎ,1
526,哪,526,653,na,2
526,哪,526,654,né,3
527,族,527,655,zú,1
528,巴,528,656,bā,1
528,巴,528,657,ba,2
529,效,529,658,xiào,1
530,警,530,659,jǐng,1
531,须,531,660,xū,1
532,双,532,661,shuāng,1
533,米,533,662,mǐ,1
534,织,534,663,zhī,1
535,未,535,664,wèi,1
536,功,536,665,gōng,1
537,易,537,666,yì,1
538,阿,538,667,ā,1
538,阿,538,668,ē,2
539,游,539,669,yóu,1
540,千,540,670,qiān,1
541,岁,541,671,suì,1
542,随,542,672,suí,1
543,罗,543,673,luó,1
544,纪,544,674,jì,1
545,半,545,675,bàn,1
546,仅,546,676,jǐn,1
546,仅,546,677,jìn,2
547,称,547,678,chēng,1
547,称,547,679,chèn,2
548,妈,548,680,mā,1
549,段,549,681,duàn,1
550,落,550,682,luò,1
550,落,550,683,là,2
551,存,551,684,cún,1
552,断,552,685,duàn,1
553,坐,553,686,zuò,1
554,县,554,687,xiàn,1
555,助,555,688,zhù,1
556,营,556,689,yíng,1
557,责,557,690,zé,1
558,严,558,691,yán,1
559,划,559,692,huá,1
559,划,559,693,huà,2
560,施,560,694,shī,1
561,环,561,695,huán,1
562,低,562,696,dī,1
563,送,563,697,sòng,1
564,验,564,698,yàn,1
565,料,565,699,liào,1
566,除,566,700,chú,1
567,石,567,701,shí,1
567,石,567,702,dàn,2
568,维,568,703,wéi,1
569,响,569,704,xiǎng,1
570,势,570,705,shì,1
571,积,571,706,jī,1
572,飞,572,707,fēi,1
573,害,573,708,hài,1
574,紧,574,709,jǐn,1
575,错,575,710,cuò,1
576,官,576,711,guān,1
577,底,577,712,dǐ,1
577,底,577,713,de,2
578,例,578,714,lì,1
579,轻,579,715,qīng,1
580,够,580,716,gòu,1
581,境,581,717,jìng,1
582,构,582,718,gòu,1
583,艺,583,719,yì,1
584,曾,584,720,céng,1
584,曾,584,721,zēng,2
585,器,585,722,qì,1
586,足,586,723,zú,1
587,型,587,724,xíng,1
588,显,588,725,xiǎn,1
589,尽,589,726,jǐn,1
589,尽,589,727,jìn,2
590,优,590,728,yōu,1
591,卡,591,729,kǎ,1
591,卡,591,730,qiǎ,2
592,列,592,731,liè,1
593,察,593,732,chá,1
594,黑,594,733,hēi,1
595,七,595,734,qī,1
596,值,596,735,zhí,1
597,协,597,736,xié,1
598,按,598,737,àn,1
599,班,599,738,bān,1
600,土,600,739,tǔ,1
601,坚,601,740,jiān,1
602,采,602,741,cǎi,1
602,采,602,742,cài,2
603,州,603,743,zhōu,1
604,供,604,744,gōng,1
604,供,604,745,gòng,2
605,河,605,746,hé,1
606,室,606,747,shì,1
607,击,607,748,jī,1
608,排,608,749,pái,1
608,排,608,750,pǎi,2
609,念,609,751,niàn,1
610,养,610,752,yǎng,1
611,古,611,753,gǔ,1
612,父,612,754,fù,1
612,父,612,755,fǔ,2
613,评,613,756,píng,1
614,继,614,757,jì,1
615,益,615,758,yì,1
616,源,616,759,yuán,1
617,劳,617,760,láo,1
618,厂,618,761,chǎng,1
619,超,619,762,chāo,1
620,终,620,763,zhōng,1
621,酒,621,764,jiǔ,1
622,母,622,765,mǔ,1
623,态,623,766,tài,1
624,款,624,767,kuǎn,1
625,待,625,768,dài,1
626,谢,626,769,xiè,1
627,层,627,770,céng,1
628,黄,628,771,huáng,1
629,博,629,772,bó,1
630,速,630,773,sù,1
631,香,631,774,xiāng,1
632,防,632,775,fáng,1
633,占,633,776,zhàn,1
633,占,633,777,zhān,2
634,突,634,778,tū,1
635,另,635,779,lìng,1
636,愿,636,780,yuàn,1
637,版,637,781,bǎn,1
638,股,638,782,gǔ,1
639,您,639,783,nín,1
640,副,640,784,fù,1
641,杀,641,785,shā,1
642,份,642,786,fèn,1
643,食,643,787,shí,1
643,食,643,788,sì,2
644,伤,644,789,shāng,1
645,脸,645,790,liǎn,1
646,读,646,791,dú,1
646,读,646,792,dòu,2
647,舞,647,793,wǔ,1
648,哥,648,794,gē,1
649,批,649,795,pī,1
650,致,650,796,zhì,1
651,初,651,797,chū,1
652,穿,652,798,chuān,1
653,故,653,799,gù,1
654,楼,654,800,lóu,1
655,户,655,801,hù,1
656,微,656,802,wēi,1
657,绝,657,803,jué,1
658,密,658,804,mì,1
659,破,659,805,pò,1
660,乡,660,806,xiāng,1
661,素,661,807,sù,1
662,亿,662,808,yì,1
663,搞,663,809,gǎo,1
664,画,664,810,huà,1
665,负,665,811,fù,1
666,衣,666,812,yī,1
667,停,667,813,tíng,1
668,宝,668,814,bǎo,1
669,阳,669,815,yáng,1
670,朋,670,816,péng,1
671,令,671,817,lìng,1
671,令,671,818,lǐng,2
672,哈,672,819,hā,1
672,哈,672,820,hǎ,2
672,哈,672,821,hà,3
673,奇,673,822,qí,1
673,奇,673,823,jī,2
674,歌,674,824,gē,1
675,久,675,825,jiǔ,1
676,均,676,826,jūn,1
677,派,677,827,pài,1
677,派,677,828,pā,2
678,怕,678,829,pà,1
679,武,679,830,wǔ,1
680,获,680,831,huò,1
681,富,681,832,fù,1
682,依,682,833,yī,1
683,阶,683,834,jiē,1
684,率,684,835,lǜ,1
684,率,684,836,shuài,2
685,席,685,837,xí,1
686,担,686,838,dān,1
686,担,686,839,dàn,2
687,店,687,840,diàn,1
688,兰,688,841,lán,1
689,居,689,842,jū,1
690,剧,690,843,jù,1
691,春,691,844,chūn,1
692,模,692,845,mó,1
692,模,692,846,mú,2
693,闻,693,847,wén,1
694,修,694,848,xiū,1
695,止,695,849,zhǐ,1
696,呀,696,850,ya,1
696,呀,696,851,yā,2
697,脑,697,852,nǎo,1
698,云,698,853,yún,1
699,苦,699,854,kǔ,1
700,抓,700,855,zhuā,1
701,余,701,856,yú,1
702,围,702,857,wéi,1
703,策,703,858,cè,1
704,似,704,859,sì,1
704,似,704,860,shì,2
705,尼,705,861,ní,1
706,某,706,862,mǒu,1
707,血,707,863,xuè,1
708,乎,708,864,hū,1
709,倒,709,865,dào,1
709,倒,709,866,dǎo,2
710,斗,710,867,dòu,1
710,斗,710,868,dǒu,2
711,睡,711,869,shuì,1
712,央,712,870,yāng,1
713,油,713,871,yóu,1
714,句,714,872,jù,1
714,句,714,873,gōu,2
715,票,715,874,piào,1
716,普,716,875,pǔ,1
717,毛,717,876,máo,1
718,跑,718,877,pǎo,1
718,跑,718,878,páo,2
719,差,719,879,chà,1
719,差,719,880,chāi,2
719,差,719,881,chā,3
720,细,720,882,xì,1
721,独,721,883,dú,1
722,掉,722,884,diào,1
723,座,723,885,zuò,1
724,适,724,886,shì,1
725,夜,725,887,yè,1
726,范,726,888,fàn,1
727,块,727,889,kuài,1
728,刻,728,890,kè,1
729,简,729,891,jiǎn,1
730,玩,730,892,wán,1
731,答,731,893,dá,1
732,检,732,894,jiǎn,1
733,险,733,895,xiǎn,1
734,药,734,896,yào,1
735,福,735,897,fú,1
736,充,736,898,chōng,1
737,访,737,899,fǎng,1
738,港,738,900,gǎng,1
739,虽,739,901,suī,1
740,否,740,902,fǒu,1
740,否,740,903,pǐ,2
741,般,741,904,bān,1
741,般,741,905,bō,2
742,树,742,906,shù,1
743,承,743,907,chéng,1
744,饭,744,908,fàn,1
745,仍,745,909,réng,1
746,犯,746,910,fàn,1
747,角,747,911,jiǎo,1
747,角,747,912,jué,2
748,监,748,913,jiān,1
748,监,748,914,jiàn,2
749,救,749,915,jiù,1
750,陈,750,916,chén,1
751,善,751,917,shàn,1
752,亮,752,918,liàng,1
753,卫,753,919,wèi,1
754,限,754,920,xiàn,1
755,喝,755,921,hē,1
755,喝,755,922,hè,2
756,激,756,923,jī,1
757,银,757,924,yín,1
758,状,758,925,zhuàng,1
759,铁,759,926,tiě,1
760,属,760,927,shǔ,1
760,属,760,928,zhǔ,2
761,午,761,929,wǔ,1
762,假,762,930,jià,1
762,假,762,931,jiǎ,2
763,配,763,932,pèi,1
764,温,764,933,wēn,1
765,龙,765,934,lóng,1
767,姐,767,935,jiě,1
768,讯,768,936,xùn,1
769,预,769,937,yù,1
770,木,770,938,mù,1
771,忙,771,939,máng,1
772,换,772,940,huàn,1
773,宣,773,941,xuān,1
774,兵,774,942,bīng,1
775,财,775,943,cái,1
776,洲,776,944,zhōu,1
777,置,777,945,zhì,1
778,钟,778,946,zhōng,1
779,啦,779,947,la,1
779,啦,779,948,lā,2
780,馆,780,949,guǎn,1
781,卖,781,950,mài,1
782,靠,782,951,kào,1
783,章,783,952,zhāng,1
784,肯,784,953,kěn,1
785,困,785,954,kùn,1
786,介,786,955,jiè,1
787,波,787,956,bō,1
788,景,788,957,jǐng,1
789,园,789,958,yuán,1
790,镇,790,959,zhèn,1
791,印,791,960,yìn,1
792,急,792,961,jí,1
793,词,793,962,cí,1
794,味,794,963,wèi,1
795,弟,795,964,dì,1
796,汉,796,965,hàn,1
797,销,797,966,xiāo,1
798,练,798,967,liàn,1
799,静,799,968,jìng,1
800,冷,800,969,lěng,1
801,吸,801,970,xī,1
802,戏,802,971,xì,1
803,永,803,972,yǒng,1
804,朝,804,973,cháo,1
804,朝,804,974,zhāo,2
805,罪,805,975,zuì,1
806,讨,806,976,tǎo,1
807,压,807,977,yā,1
808,托,808,978,tuō,1
809,录,809,979,lù,1
810,皮,810,980,pí,1
811,短,811,981,duǎn,1
812,旅,812,982,lǚ,1
813,控,813,983,kòng,1
814,良,814,984,liáng,1
815,苏,815,985,sū,1
816,胜,816,986,shèng,1
817,伙,817,987,huǒ,1
818,欧,818,988,ōu,1
819,拍,819,989,pāi,1
820,互,820,990,hù,1
821,既,821,991,jì,1
822,甚,822,992,shèn,1
823,套,823,993,tào,1
824,街,824,994,jiē,1
825,雨,825,995,yǔ,1
826,礼,826,996,lǐ,1
827,坏,827,997,huài,1
829,冲,829,998,chōng,1
829,冲,829,999,chòng,2
830,草,830,1000,cǎo,1
831,婚,831,1001,hūn,1
832,唱,832,1002,chàng,1
833,威,833,1003,wēi,1
834,购,834,1004,gòu,1
835,丽,835,1005,lì,1
836,健,836,1006,jiàn,1
837,挥,837,1007,huī,1
838,怪,838,1008,guài,1
839,索,839,1009,suǒ,1
840,执,840,1010,zhí,1
841,背,841,1011,bèi,1
841,背,841,1012,bēi,2
842,货,842,1013,huò,1
843,顾,843,1014,gù,1
844,呼,844,1015,hū,1
845,编,845,1016,biān,1
846,沙,846,1017,shā,1
846,沙,846,1018,shà,2
847,脚,847,1019,jiǎo,1
848,藏,848,1020,cáng,1
848,藏,848,1021,zàng,2
849,课,849,1022,kè,1
850,田,850,1023,tián,1
851,牌,851,1024,pái,1
852,升,852,1025,shēng,1
853,伊,853,1026,yī,1
854,庭,854,1027,tíng,1
855,训,855,1028,xùn,1
856,跳,856,1029,tiào,1
857,奖,857,1030,jiǎng,1
858,探,858,1031,tàn,1
859,税,859,1032,shuì,1
860,培,860,1033,péi,1
861,杂,861,1034,zá,1
862,抗,862,1035,kàng,1
863,板,863,1036,bǎn,1
864,帝,864,1037,dì,1
865,纳,865,1038,nà,1
866,左,866,1039,zuǒ,1
867,康,867,1040,kāng,1
868,遇,868,1041,yù,1
869,审,869,1042,shěn,1
870,爸,870,1043,bà,1
871,牛,871,1044,niú,1
872,曲,872,1045,qǔ,1
872,曲,872,1046,qū,2
873,典,873,1047,diǎn,1
874,痛,874,1048,tòng,1
875,降,875,1049,jiàng,1
875,降,875,1050,xiáng,2
876,免,876,1051,miǎn,1
877,乱,877,1052,luàn,1
878,惊,878,1053,jīng,1
879,迎,879,1054,yíng,1
880,船,880,1055,chuán,1
881,届,881,1056,jiè,1
882,梦,882,1057,mèng,1
883,嘴,883,1058,zuǐ,1
884,判,884,1059,pàn,1
885,怀,885,1060,huái,1
886,顿,886,1061,dùn,1
887,材,887,1062,cái,1
888,顺,888,1063,shùn,1
889,右,889,1064,yòu,1
890,略,890,1065,lüè,1
891,束,891,1066,shù,1
892,灵,892,1067,líng,1
893,努,893,1068,nǔ,1
894,鱼,894,1069,yú,1
895,核,895,1070,hé,1
896,稳,896,1071,wěn,1
897,烈,897,1072,liè,1
898,招,898,1073,zhāo,1
899,减,899,1074,jiǎn,1
900,泽,900,1075,zé,1
901,松,901,1076,sōng,1
902,抱,902,1077,bào,1
903,奥,903,1078,ào,1
904,追,904,1079,zhuī,1
905,恶,905,1080,è,1
905,恶,905,1081,ě,2
905,恶,905,1082,wù,3
905,恶,905,1083,wū,4
906,临,906,1084,lín,1
907,慢,907,1085,màn,1
908,敢,908,1086,gǎn,1
909,堂,909,1087,táng,1
910,幸,910,1088,xìng,1
911,轮,911,1089,lún,1
912,退,912,1090,tuì,1
913,促,913,1091,cù,1
914,笔,914,1092,bǐ,1
915,忘,915,1093,wàng,1
916,贸,916,1094,mào,1
917,菜,917,1095,cài,1
918,毒,918,1096,dú,1
919,竟,919,1097,jìng,1
920,娘,920,1098,niáng,1
921,著,921,1099,zhù,1
921,著,921,1100,zhuó,2
922,盘,922,1101,pán,1
923,测,923,1102,cè,1
924,湖,924,1103,hú,1
925,域,925,1104,yù,1
926,贵,926,1105,guì,1
927,赶,927,1106,gǎn,1
928,移,928,1107,yí,1
929,射,929,1108,shè,1
930,宁,930,1109,níng,1
930,宁,930,1110,nìng,2
931,封,931,1111,fēng,1
932,贝,932,1112,bèi,1
933,额,933,1113,é,1
934,胡,934,1114,hú,1
935,括,935,1115,kuò,1
936,床,936,1116,chuáng,1
937,杯,937,1117,bēi,1
938,择,938,1118,zé,1
938,择,938,1119,zhái,2
939,述,939,1120,shù,1
940,枪,940,1121,qiāng,1
941,征,941,1122,zhēng,1
942,若,942,1123,ruò,1
943,彩,943,1124,cǎi,1
944,荣,944,1125,róng,1
945,付,945,1126,fù,1
946,危,946,1127,wēi,1
947,售,947,1128,shòu,1
948,私,948,1129,sī,1
949,疑,949,1130,yí,1
950,弄,950,1131,nòng,1
950,弄,950,1132,lòng,2
951,妇,951,1133,fù,1
952,肉,952,1134,ròu,1
953,恩,953,1135,ēn,1
954,秀,954,1136,xiù,1
955,庆,955,1137,qìng,1
956,趣,956,1138,qù,1
957,洋,957,1139,yáng,1
958,献,958,1140,xiàn,1
959,异,959,1141,yì,1
960,纸,960,1142,zhǐ,1
961,脱,961,1143,tuō,1
962,俄,962,1144,é,1
963,雷,963,1145,léi,1
964,补,964,1146,bǔ,1
965,汽,965,1147,qì,1
966,雪,966,1148,xuě,1
967,守,967,1149,shǒu,1
968,翻,968,1150,fān,1
969,弹,969,1151,dàn,1
969,弹,969,1152,tán,2
970,登,970,1153,dēng,1
971,烟,971,1154,yān,1
972,懂,972,1155,dǒng,1
973,哦,973,1156,é,1
974,缺,974,1157,quē,1
975,杨,975,1158,yáng,1
976,楚,976,1159,chǔ,1
977,叶,977,1160,yè,1
977,叶,977,1161,xié,2
978,吉,978,1162,jí,1
979,播,979,1163,bō,1
980,针,980,1164,zhēn,1
981,概,981,1165,gài,1
982,休,982,1166,xiū,1
983,旧,983,1167,jiù,1
984,混,984,1168,hùn,1
985,毕,985,1169,bì,1
986,鲜,986,1170,xiān,1
986,鲜,986,1171,xiǎn,2
987,散,987,1172,sàn,1
987,散,987,1173,sǎn,2
988,唯,988,1174,wéi,1
989,屋,989,1175,wū,1
990,露,990,1176,lù,1
991,季,991,1177,jì,1
992,辆,992,1178,liàng,1
993,载,993,1179,zài,1
993,载,993,1180,zǎi,2
994,顶,994,1181,dǐng,1
995,玉,995,1182,yù,1
996,绍,996,1183,shào,1
997,餐,997,1184,cān,1
998,杰,998,1185,jié,1
999,归,999,1186,guī,1
1000,醒,1000,1187,xǐng,1
1001,含,1001,1188,hán,1
1002,逐,1002,1189,zhú,1
1003,沉,1003,1190,chén,1
1004,祖,1004,1191,zǔ,1
1005,丰,1005,1192,fēng,1
1006,误,1006,1193,wù,1
1007,巨,1007,1194,jù,1
1008,架,1008,1195,jià,1
1009,秘,1009,1196,mì,1
1009,秘,1009,1197,bì,2
1010,伟,1010,1198,wěi,1
1011,麻,1011,1199,má,1
1012,航,1012,1200,háng,1
1013,圣,1013,1201,shèng,1
1014,固,1014,1202,gù,1
1015,释,1015,1203,shì,1
1016,竞,1016,1204,jìng,1
1017,绿,1017,1205,lǜ,1
1018,签,1018,1206,qiān,1
1019,洗,1019,1207,xǐ,1
1020,败,1020,1208,bài,1
1021,陆,1021,1209,lù,1
1021,陆,1021,1210,liù,2
1022,夏,1022,1211,xià,1
1023,授,1023,1212,shòu,1
1024,妹,1024,1213,mèi,1
1025,扩,1025,1214,kuò,1
1026,诗,1026,1215,shī,1
1027,端,1027,1216,duān,1
1028,熟,1028,1217,shú,1
1029,遍,1029,1218,biàn,1
1030,狗,1030,1219,gǒu,1
1031,哭,1031,1220,kū,1
1032,摄,1032,1221,shè,1
1033,丝,1033,1222,sī,1
1034,湾,1034,1223,wān,1
1035,伯,1035,1224,bó,1
1036,序,1036,1225,xù,1
1037,借,1037,1226,jiè,1
1038,童,1038,1227,tóng,1
1039,汇,1039,1228,huì,1
1040,输,1040,1229,shū,1
1041,迷,1041,1230,mí,1
1042,嘛,1042,1231,ma,1
1042,嘛,1042,1232,má,2
1043,奋,1043,1233,fèn,1
1044,督,1044,1234,dū,1
1045,挺,1045,1235,tǐng,1
1046,疗,1046,1236,liáo,1
1047,蛋,1047,1237,dàn,1
1048,祝,1048,1238,zhù,1
1049,篇,1049,1239,piān,1
1050,融,1050,1240,róng,1
1051,握,1051,1241,wò,1
1052,浪,1052,1242,làng,1
1053,野,1053,1243,yě,1
1054,附,1054,1244,fù,1
1055,冰,1055,1245,bīng,1
1056,爷,1056,1246,yé,1
1057,佛,1057,1247,fó,1
1058,掌,1058,1248,zhǎng,1
1059,措,1059,1249,cuò,1
1060,虑,1060,1250,lǜ,1
1061,累,1061,1251,lèi,1
1061,累,1061,1252,lěi,2
1061,累,1061,1253,léi,3
1062,映,1062,1254,yìng,1
1063,灯,1063,1255,dēng,1
1064,岛,1064,1256,dǎo,1
1065,桥,1065,1257,qiáo,1
1066,遗,1066,1258,yí,1
1066,遗,1066,1259,wèi,2
1067,扬,1067,1260,yáng,1
1068,睛,1068,1261,jīng,1
1069,鲁,1069,1262,lǔ,1
1070,恐,1070,1263,kǒng,1
1071,尚,1071,1264,shàng,1
1072,秋,1072,1265,qiū,1
1073,拥,1073,1266,yōng,1
1074,智,1074,1267,zhì,1
1075,粮,1075,1268,liáng,1
1076,牙,1076,1269,yá,1
1077,宗,1077,1270,zōng,1
1078,奶,1078,1271,nǎi,1
1079,韩,1079,1272,hán,1
1080,渐,1080,1273,jiàn,1
1080,渐,1080,1274,jiān,2
1081,幅,1081,1275,fú,1
1082,闭,1082,1276,bì,1
1083,鼓,1083,1277,gǔ,1
1084,瑞,1084,1278,ruì,1
1085,莫,1085,1279,mò,1
1086,昨,1086,1280,zuó,1
1087,厅,1087,1281,tīng,1
1088,染,1088,1282,rǎn,1
1089,暗,1089,1283,àn,1
1090,库,1090,1284,kù,1
1091,寻,1091,1285,xún,1
1092,旁,1092,1286,páng,1
1093,贫,1093,1287,pín,1
1094,森,1094,1288,sēn,1
1095,攻,1095,1289,gōng,1
1097,损,1097,1290,sǔn,1
1098,吴,1098,1291,wú,1
1099,妻,1099,1292,qī,1
1100,码,1100,1293,mǎ,1
1101,末,1101,1294,mò,1
1102,抢,1102,1295,qiǎng,1
1102,抢,1102,1296,qiāng,2
1103,植,1103,1297,zhí,1
1104,坦,1104,1298,tǎn,1
1105,伦,1105,1299,lún,1
1106,阵,1106,1300,zhèn,1
1107,透,1107,1301,tòu,1
1108,鬼,1108,1302,guǐ,1
1109,鸡,1109,1303,jī,1
1110,兄,1110,1304,xiōng,1
1111,赢,1111,1305,yíng,1
1112,塔,1112,1306,tǎ,1
1113,拜,1113,1307,bài,1
1113,拜,1113,1308,bái,2
1114,析,1114,1309,xī,1
1115,骨,1115,1310,gǔ,1
1116,予,1116,1311,yǔ,1
1116,予,1116,1312,yú,2
1117,挂,1117,1313,guà,1
1118,齐,1118,1314,qí,1
1118,齐,1118,1315,jì,2
1119,谓,1119,1316,wèi,1
1120,诺,1120,1317,nuò,1
1121,塞,1121,1318,sāi,1
1121,塞,1121,1319,sài,2
1122,盛,1122,1320,chéng,1
1122,盛,1122,1321,shèng,2
1123,敌,1123,1322,dí,1
1124,咱,1124,1323,zán,1
1125,蒙,1125,1324,méng,1
1125,蒙,1125,1325,mēng,2
1125,蒙,1125,1326,měng,3
1126,烧,1126,1327,shāo,1
1127,孙,1127,1328,sūn,1
1129,迪,1129,1329,dí,1
1130,雄,1130,1330,xióng,1
1131,操,1131,1331,cāo,1
1132,禁,1132,1332,jīn,1
1132,禁,1132,1333,jìn,2
1133,暴,1133,1334,bào,1
1134,筑,1134,1335,zhù,1
1135,陪,1135,1336,péi,1
1136,彻,1136,1337,chè,1
1137,亡,1137,1338,wáng,1
1138,盖,1138,1339,gài,1
1139,姆,1139,1340,mū,1
1140,途,1140,1341,tú,1
1141,币,1141,1342,bì,1
1142,耳,1142,1343,ěr,1
1143,申,1143,1344,shēn,1
1144,摆,1144,1345,bǎi,1
1145,烦,1145,1346,fán,1
1146,盟,1146,1347,méng,1
1147,幕,1147,1348,mù,1
1148,邮,1148,1349,yóu,1
1149,灾,1149,1350,zāi,1
1150,姑,1150,1351,gū,1
1151,川,1151,1352,chuān,1
1152,勇,1152,1353,yǒng,1
1153,偷,1153,1354,tōu,1
1154,驻,1154,1355,zhù,1
1155,赵,1155,1356,zhào,1
1156,狂,1156,1357,kuáng,1
1157,抽,1157,1358,chōu,1
1158,冬,1158,1359,dōng,1
1159,麦,1159,1360,mài,1
1160,刀,1160,1361,dāo,1
1161,弱,1161,1362,ruò,1
1162,莱,1162,1363,lái,1
1163,吨,1163,1364,dūn,1
1164,绩,1164,1365,jì,1
1165,窗,1165,1366,chuāng,1
1166,折,1166,1367,zhé,1
1166,折,1166,1368,shé,2
1166,折,1166,1369,zhē,3
1167,贴,1167,1370,tiē,1
1168,沿,1168,1371,yán,1
1169,迫,1169,1372,pò,1
1169,迫,1169,1373,pǎi,2
1170,挑,1170,1374,tiāo,1
1170,挑,1170,1375,tiǎo,2
1171,逃,1171,1376,táo,1
1172,迹,1172,1377,jì,1
1173,赞,1173,1378,zàn,1
1174,粉,1174,1379,fěn,1
1175,享,1175,1380,xiǎng,1
1176,镜,1176,1381,jìng,1
1177,践,1177,1382,jiàn,1
1178,聚,1178,1383,jù,1
1179,勒,1179,1384,lēi,1
1179,勒,1179,1385,lè,2
1180,腿,1180,1386,tuǐ,1
1181,鞋,1181,1387,xié,1
1182,倍,1182,1388,bèi,1
1183,洪,1183,1389,hóng,1
1184,弃,1184,1390,qì,1
1185,违,1185,1391,wéi,1
1186,召,1186,1392,zhào,1
1186,召,1186,1393,shào,2
1187,摇,1187,1394,yáo,1
1188,茶,1188,1395,chá,1
1189,默,1189,1396,mò,1
1190,谋,1190,1397,móu,1
1191,软,1191,1398,ruǎn,1
1192,零,1192,1399,líng,1
1193,岸,1193,1400,àn,1
1194,障,1194,1401,zhàng,1
1195,蓝,1195,1402,lán,1
1196,潮,1196,1403,cháo,1
1197,尊,1197,1404,zūn,1
1198,爆,1198,1405,bào,1
1199,繁,1199,1406,fán,1
1200,圆,1200,1407,yuán,1
1201,络,1201,1408,luò,1
1202,戴,1202,1409,dài,1
1203,庄,1203,1410,zhuāng,1
1204,朱,1204,1411,zhū,1
1205,澳,1205,1412,ào,1
1206,伍,1206,1413,wǔ,1
1207,替,1207,1414,tì,1
1208,避,1208,1415,bì,1
1209,硬,1209,1416,yìng,1
1210,订,1210,1417,dìng,1
1211,毫,1211,1418,háo,1
1212,钢,1212,1419,gāng,1
1212,钢,1212,1420,gàng,2
1213,尤,1213,1421,yóu,1
1214,梅,1214,1422,méi,1
1215,厚,1215,1423,hòu,1
1216,丁,1216,1424,dīng,1
1216,丁,1216,1425,zhēng,2
1217,伴,1217,1426,bàn,1
1218,阴,1218,1427,yīn,1
1219,墙,1219,1428,qiáng,1
1220,残,1220,1429,cán,1
1221,诚,1221,1430,chéng,1
1222,纷,1222,1431,fēn,1
1223,圈,1223,1432,quān,1
1223,圈,1223,1433,juàn,2
1223,圈,1223,1434,juān,3
1224,箱,1224,1435,xiāng,1
1225,炸,1225,1436,zhà,1
1225,炸,1225,1437,zhá,2
1226,偏,1226,1438,piān,1
1227,纯,1227,1439,chún,1
1228,综,1228,1440,zōng,1
1228,综,1228,1441,zèng,2
1229,忽,1229,1442,hū,1
1230,刺,1230,1443,cì,1
1230,刺,1230,1444,cī,2
1231,宽,1231,1445,kuān,1
1232,岗,1232,1446,gǎng,1
1233,延,1233,1447,yán,1
1234,瓦,1234,1448,wǎ,1
1234,瓦,1234,1449,wà,2
1235,甲,1235,1450,jiǎ,1
1236,贯,1236,1451,guàn,1
1237,袋,1237,1452,dài,1
1238,唐,1238,1453,táng,1
1240,宜,1240,1454,yí,1
1241,卷,1241,1455,juǎn,1
1241,卷,1241,1456,juàn,2
1242,租,1242,1457,zū,1
1243,桌,1243,1458,zhuō,1
1244,呆,1244,1459,dāi,1
1245,巧,1245,1460,qiǎo,1
1246,泰,1246,1461,tài,1
1247,摩,1247,1462,mó,1
1247,摩,1247,1463,mā,2
1248,忍,1248,1464,rěn,1
1249,恋,1249,1465,liàn,1
1250,婆,1250,1466,pó,1
1251,启,1251,1467,qǐ,1
1252,液,1252,1468,yè,1
1253,俩,1253,1469,liǎ,1
1254,夺,1254,1470,duó,1
1255,键,1255,1471,jiàn,1
1256,碰,1256,1472,pèng,1
1257,津,1257,1473,jīn,1
1258,距,1258,1474,jù,1
1259,闹,1259,1475,nào,1
1260,姓,1260,1476,xìng,1
1261,迅,1261,1477,xùn,1
1262,偶,1262,1478,ǒu,1
1263,仪,1263,1479,yí,1
1264,符,1264,1480,fú,1
1265,凡,1265,1481,fán,1
1266,曼,1266,1482,màn,1
1267,旗,1267,1483,qí,1
1268,晓,1268,1484,xiǎo,1
1269,丹,1269,1485,dān,1
1270,骗,1270,1486,piàn,1
1271,魔,1271,1487,mó,1
1272,喊,1272,1488,hǎn,1
1273,泪,1273,1489,lèi,1
1274,冒,1274,1490,mào,1
1274,冒,1274,1491,mò,2
1275,矿,1275,1492,kuàng,1
1276,徐,1276,1493,xú,1
1277,艾,1277,1494,ài,1
1277,艾,1277,1495,yì,2
1278,雅,1278,1496,yǎ,1
1279,舍,1279,1497,shě,1
1279,舍,1279,1498,shè,2
1280,峰,1280,1499,fēng,1
1281,惯,1281,1500,guàn,1
1282,净,1282,1501,jìng,1
1283,皇,1283,1502,huáng,1
1284,遭,1284,1503,zāo,1
1285,乘,1285,1504,chéng,1
1285,乘,1285,1505,shèng,2
1286,灭,1286,1506,miè,1
1287,敬,1287,1507,jìng,1
1288,佳,1288,1508,jiā,1
1289,亦,1289,1509,yì,1
1290,忆,1290,1510,yì,1
1291,阻,1291,1511,zǔ,1
1292,鸟,1292,1512,niǎo,1
1293,辑,1293,1513,jí,1
1294,劲,1294,1514,jìn,1
1294,劲,1294,1515,jìng,2
1295,触,1295,1516,chù,1
1296,亩,1296,1517,mǔ,1
1297,肥,1297,1518,féi,1
1298,漂,1298,1519,piāo,1
1298,漂,1298,1520,piǎo,2
1299,盾,1299,1521,dùn,1
1300,冠,1300,1522,guān,1
1300,冠,1300,1523,guàn,2
1301,欲,1301,1524,yù,1
1302,振,1302,1525,zhèn,1
1303,淡,1303,1526,dàn,1
1304,患,1304,1527,huàn,1
1305,宫,1305,1528,gōng,1
1306,瓶,1306,1529,píng,1
1307,贷,1307,1530,dài,1
1308,扎,1308,1531,zhā,1
1308,扎,1308,1532,zā,2
1308,扎,1308,1533,zhá,3
1309,隐,1309,1534,yǐn,1
1310,侵,1310,1535,qīn,1
1311,虚,1311,1536,xū,1
1312,斤,1312,1537,jīn,1
1313,漫,1313,1538,màn,1
1314,珍,1314,1539,zhēn,1
1315,叔,1315,1540,shū,1
1316,励,1316,1541,lì,1
1317,悲,1317,1542,bēi,1
1318,刊,1318,1543,kān,1
1319,刑,1319,1544,xíng,1
1320,闪,1320,1545,shǎn,1
1321,猪,1321,1546,zhū,1
1322,泛,1322,1547,fàn,1
1323,兼,1323,1548,jiān,1
1324,乌,1324,1549,wū,1
1325,埃,1325,1550,āi,1
1326,艰,1326,1551,jiān,1
1327,页,1327,1552,yè,1
1328,丈,1328,1553,zhàng,1
1329,秒,1329,1554,miǎo,1
1330,涉,1330,1555,shè,1
1331,胞,1331,1556,bāo,1
1332,猫,1332,1557,māo,1
1332,猫,1332,1558,máo,2
1333,宾,1333,1559,bīn,1
1334,聊,1334,1560,liáo,1
1335,羊,1335,1561,yáng,1
1336,恨,1336,1562,hèn,1
1337,洞,1337,1563,dòng,1
1338,毁,1338,1564,huǐ,1
1339,震,1339,1565,zhèn,1
1340,污,1340,1566,wū,1
1341,侧,1341,1567,cè,1
1341,侧,1341,1568,zhāi,2
1342,徒,1342,1569,tú,1
1343,虎,1343,1570,hǔ,1
1343,虎,1343,1571,hù,2
1344,壮,1344,1572,zhuàng,1
1345,酸,1345,1573,suān,1
1346,矛,1346,1574,máo,1
1347,档,1347,1575,dàng,1
1348,逼,1348,1576,bī,1
1349,丢,1349,1577,diū,1
1350,径,1350,1578,jìng,1
1351,剑,1351,1579,jiàn,1
1352,贡,1352,1580,gòng,1
1353,汤,1353,1581,tāng,1
1353,汤,1353,1582,shāng,2
1354,珠,1354,1583,zhū,1
1355,殊,1355,1584,shū,1
1356,赏,1356,1585,shǎng,1
1357,乔,1357,1586,qiáo,1
1358,滚,1358,1587,gǔn,1
1359,剩,1359,1588,shèng,1
1360,缓,1360,1589,huǎn,1
1361,胸,1361,1590,xiōng,1
1363,吓,1363,1591,xià,1
1363,吓,1363,1592,hè,2
1364,缩,1364,1593,suō,1
1364,缩,1364,1594,sù,2
1365,抵,1365,1595,dǐ,1
1366,谷,1366,1596,gǔ,1
1367,寒,1367,1597,hán,1
1368,旦,1368,1598,dàn,1
1369,迟,1369,1599,chí,1
1370,扶,1370,1600,fú,1
1371,郑,1371,1601,zhèng,1
1372,辛,1372,1602,xīn,1
1373,虫,1373,1603,chóng,1
1374,署,1374,1604,shǔ,1
1375,朗,1375,1605,lǎng,1
1376,啥,1376,1606,shá,1
1377,册,1377,1607,cè,1
1378,吹,1378,1608,chuī,1
1379,洁,1379,1609,jié,1
1380,君,1380,1610,jūn,1
1381,废,1381,1611,fèi,1
1382,尾,1382,1612,wěi,1
1383,孤,1383,1613,gū,1
1384,援,1384,1614,yuán,1
1385,捕,1385,1615,bǔ,1
1386,症,1386,1616,zhèng,1
1386,症,1386,1617,zhēng,2
1387,煤,1387,1618,méi,1
1388,孔,1388,1619,kǒng,1
1389,蒂,1389,1620,dì,1
1390,勤,1390,1621,qín,1
1391,梁,1391,1622,liáng,1
1392,宏,1392,1623,hóng,1
1393,凯,1393,1624,kǎi,1
1394,辉,1394,1625,huī,1
1395,忠,1395,1626,zhōng,1
1396,隔,1396,1627,gé,1
1397,黎,1397,1628,lí,1
1398,撒,1398,1629,sǎ,1
1398,撒,1398,1630,sā,2
1399,仔,1399,1631,zǐ,1
1399,仔,1399,1632,zǎi,2
1399,仔,1399,1633,zī,3
1400,悉,1400,1634,xī,1
1401,摸,1401,1635,mō,1
1402,搬,1402,1636,bān,1
1403,伸,1403,1637,shēn,1
1404,糖,1404,1638,táng,1
1405,奔,1405,1639,bēn,1
1405,奔,1405,1640,bèn,2
1406,龄,1406,1641,líng,1
1407,邦,1407,1642,bāng,1
1408,脏,1408,1643,zāng,1
1408,脏,1408,1644,zàng,2
1409,棉,1409,1645,mián,1
1410,衡,1410,1646,héng,1
1411,疯,1411,1647,fēng,1
1412,杜,1412,1648,dù,1
1413,欣,1413,1649,xīn,1
1414,阅,1414,1650,yuè,1
1415,灰,1415,1651,huī,1
1416,润,1416,1652,rùn,1
1417,滑,1417,1653,huá,1
1418,裁,1418,1654,cái,1
1419,敏,1419,1655,mǐn,1
1420,娜,1420,1656,nà,1
1421,频,1421,1657,pín,1
1422,弗,1422,1658,fú,1
1423,倾,1423,1659,qīng,1
1424,颗,1424,1660,kē,1
1425,坛,1425,1661,tán,1
1426,媒,1426,1662,méi,1
1427,恢,1427,1663,huī,1
1428,潜,1428,1664,qián,1
1429,暖,1429,1665,nuǎn,1
1430,搭,1430,1666,dā,1
1431,诸,1431,1667,zhū,1
1432,宋,1432,1668,sòng,1
1433,锦,1433,1669,jǐn,1
1434,甘,1434,1670,gān,1
1435,疾,1435,1671,jí,1
1436,晨,1436,1672,chén,1
1437,腐,1437,1673,fǔ,1
1438,纽,1438,1674,niǔ,1
1439,碎,1439,1675,suì,1
1440,妙,1440,1676,miào,1
1441,跨,1441,1677,kuà,1
1442,横,1442,1678,héng,1
1442,横,1442,1679,hèng,2
1443,舒,1443,1680,shū,1
1444,井,1444,1681,jǐng,1
1445,跃,1445,1682,yuè,1
1446,罚,1446,1683,fá,1
1447,邀,1447,1684,yāo,1
1448,俗,1448,1685,sú,1
1449,拖,1449,1686,tuō,1
1450,豆,1450,1687,dòu,1
1451,墨,1451,1688,mò,1
1452,踪,1452,1689,zōng,1
1453,爬,1453,1690,pá,1
1454,扰,1454,1691,rǎo,1
1455,穷,1455,1692,qióng,1
1456,涨,1456,1693,zhǎng,1
1456,涨,1456,1694,zhàng,2
1457,傻,1457,1695,shǎ,1
1458,宇,1458,1696,yǔ,1
1459,疼,1459,1697,téng,1
1460,甜,1460,1698,tián,1
1461,泡,1461,1699,pào,1
1461,泡,1461,1700,pāo,2
1462,估,1462,1701,gū,1
1462,估,1462,1702,gù,2
1463,寄,1463,1703,jì,1
1464,仿,1464,1704,fǎng,1
1465,坡,1465,1705,pō,1
1466,泥,1466,1706,ní,1
1466,泥,1466,1707,nì,2
1467,荒,1467,1708,huāng,1
1468,债,1468,1709,zhài,1
1469,炼,1469,1710,liàn,1
1470,辈,1470,1711,bèi,1
1471,筹,1471,1712,chóu,1
1472,菲,1472,1713,fěi,1
1472,菲,1472,1714,fēi,2
1473,译,1473,1715,yì,1
1474,凭,1474,1716,píng,1
1475,仁,1475,1717,rén,1
1476,览,1476,1718,lǎn,1
1477,拒,1477,1719,jù,1
1478,描,1478,1720,miáo,1
1479,猜,1479,1721,cāi,1
1480,缘,1480,1722,yuán,1
1482,磨,1482,1723,mó,1
1482,磨,1482,1724,mò,2
1483,锁,1483,1725,suǒ,1
1484,绕,1484,1726,rào,1
1485,薄,1485,1727,báo,1
1485,薄,1485,1728,bó,2
1486,骑,1486,1729,qí,1
1487,趋,1487,1730,qū,1
1488,骂,1488,1731,mà,1
1489,壁,1489,1732,bì,1
1490,稍,1490,1733,shāo,1
1491,宿,1491,1734,sù,1
1491,宿,1491,1735,xiǔ,2
1491,宿,1491,1736,xiù,3
1492,诞,1492,1737,dàn,1
1493,怒,1493,1738,nù,1
1494,饮,1494,1739,yǐn,1
1494,饮,1494,1740,yìn,2
1495,堆,1495,1741,duī,1
1496,猛,1496,1742,měng,1
1497,尝,1497,1743,cháng,1
1498,奏,1498,1744,zòu,1
1499,绪,1499,1745,xù,1
1500,铺,1500,1746,pū,1
1500,铺,1500,1747,pù,2
1501,腰,1501,1748,yāo,1
1502,彼,1502,1749,bǐ,1
1503,擦,1503,1750,cā,1
1504,呈,1504,1751,chéng,1
1505,撞,1505,1752,zhuàng,1
1506,隆,1506,1753,lóng,1
1506,隆,1506,1754,lōng,2
1507,貌,1507,1755,mào,1
1508,稿,1508,1756,gǎo,1
1509,誉,1509,1757,yù,1
1510,插,1510,1758,chā,1
1511,返,1511,1759,fǎn,1
1512,泉,1512,1760,quán,1
1513,惠,1513,1761,huì,1
1514,尖,1514,1762,jiān,1
1515,惜,1515,1763,xī,1
1516,胆,1516,1764,dǎn,1
1517,搜,1517,1765,sōu,1
1518,辞,1518,1766,cí,1
1519,烂,1519,1767,làn,1
1520,豪,1520,1768,háo,1
1521,浓,1521,1769,nóng,1
1522,幼,1522,1770,yòu,1
1523,闲,1523,1771,xián,1
1524,哲,1524,1772,zhé,1
1525,陷,1525,1773,xiàn,1
1526,颜,1526,1774,yán,1
1527,剂,1527,1775,jì,1
1528,储,1528,1776,chǔ,1
1529,瞧,1529,1777,qiáo,1
1530,盐,1530,1778,yán,1
1531,狱,1531,1779,yù,1
1532,奉,1532,1780,fèng,1
1533,池,1533,1781,chí,1
1534,犹,1534,1782,yóu,1
1535,汗,1535,1783,hàn,1
1536,贺,1536,1784,hè,1
1537,辩,1537,1785,biàn,1
1538,竹,1538,1786,zhú,1
1539,昌,1539,1787,chāng,1
1540,暂,1540,1788,zàn,1
1541,沟,1541,1789,gōu,1
1542,荡,1542,1790,dàng,1
1543,沈,1543,1791,shěn,1
1544,牧,1544,1792,mù,1
1545,魂,1545,1793,hún,1
1546,拔,1546,1794,bá,1
1547,酷,1547,1795,kù,1
1548,饿,1548,1796,è,1
1549,湿,1549,1797,shī,1
1550,乏,1550,1798,fá,1
1551,扣,1551,1799,kòu,1
1552,裂,1552,1800,liè,1
1552,裂,1552,1801,liě,2
1553,吐,1553,1802,tǔ,1
1553,吐,1553,1803,tù,2
1554,询,1554,1804,xún,1
1555,躺,1555,1805,tǎng,1
1556,捐,1556,1806,juān,1
1557,燃,1557,1807,rán,1
1558,粗,1558,1808,cū,1
1559,扫,1559,1809,sǎo,1
1560,醉,1560,1810,zuì,1
1561,瓜,1561,1811,guā,1
1562,帅,1562,1812,shuài,1
1563,琴,1563,1813,qín,1
1564,哇,1564,1814,wa,1
1564,哇,1564,1815,wā,2
1565,址,1565,1816,zhǐ,1
1566,邻,1566,1817,lín,1
1567,赖,1567,1818,lài,1
1568,揭,1568,1819,jiē,1
1569,鉴,1569,1820,jiàn,1
1570,凉,1570,1821,liáng,1
1570,凉,1570,1822,liàng,2
1571,拨,1571,1823,bō,1
1572,饰,1572,1824,shì,1
1573,裤,1573,1825,kù,1
1574,迈,1574,1826,mài,1
1576,偿,1576,1827,cháng,1
1577,浮,1577,1828,fú,1
1578,鼻,1578,1829,bí,1
1579,肩,1579,1830,jiān,1
1580,腾,1580,1831,téng,1
1581,乃,1581,1832,nǎi,1
1582,铜,1582,1833,tóng,1
1583,凶,1583,1834,xiōng,1
1584,袭,1584,1835,xí,1
1585,糊,1585,1836,hú,1
1585,糊,1585,1837,hù,2
1585,糊,1585,1838,hū,3
1586,幻,1586,1839,huàn,1
1587,耐,1587,1840,nài,1
1588,董,1588,1841,dǒng,1
1589,抬,1589,1842,tái,1
1590,苗,1590,1843,miáo,1
1591,滴,1591,1844,dī,1
1592,递,1592,1845,dì,1
1593,聪,1593,1846,cōng,1
1594,赴,1594,1847,fù,1
1595,帐,1595,1848,zhàng,1
1596,厉,1596,1849,lì,1
1597,罢,1597,1850,bà,1
1598,氏,1598,1851,shì,1
1599,锋,1599,1852,fēng,1
1600,券,1600,1853,quàn,1
1600,券,1600,1854,xuàn,2
1601,牢,1601,1855,láo,1
1602,秦,1602,1856,qín,1
1603,欠,1603,1857,qiàn,1
1604,鼠,1604,1858,shǔ,1
1605,番,1605,1859,fān,1
1606,亏,1606,1860,kuī,1
1607,浙,1607,1861,zhè,1
1608,棒,1608,1862,bàng,1
1609,渡,1609,1863,dù,1
1610,殖,1610,1864,zhí,1
1611,塑,1611,1865,sù,1
1612,郭,1612,1866,guō,1
1613,械,1613,1867,xiè,1
1614,宪,1614,1868,xiàn,1
1615,叹,1615,1869,tàn,1
1616,挤,1616,1870,jǐ,1
1617,拼,1617,1871,pīn,1
1618,紫,1618,1872,zǐ,1
1619,躲,1619,1873,duǒ,1
1620,驾,1620,1874,jià,1
1621,晴,1621,1875,qíng,1
1622,喂,1622,1876,wéi,1
1622,喂,1622,1877,wèi,2
1623,允,1623,1878,yǔn,1
1624,焦,1624,1879,jiāo,1
1625,桑,1625,1880,sāng,1
1626,锅,1626,1881,guō,1
1627,胖,1627,1882,pàng,1
1627,胖,1627,1883,pán,2
1628,炎,1628,1884,yán,1
1629,肃,1629,1885,sù,1
1630,崇,1630,1886,chóng,1
1631,钻,1631,1887,zuān,1
1631,钻,1631,1888,zuàn,2
1632,枝,1632,1889,zhī,1
1633,佩,1633,1890,pèi,1
1634,朵,1634,1891,duǒ,1
1635,廉,1635,1892,lián,1
1636,忧,1636,1893,yōu,1
1637,厌,1637,1894,yàn,1
1638,凤,1638,1895,fèng,1
1639,籍,1639,1896,jí,1
1640,俱,1640,1897,jù,1
1641,赚,1641,1898,zhuàn,1
1641,赚,1641,1899,zuàn,2
1642,沃,1642,1900,wò,1
1643,棋,1643,1901,qí,1
1644,仙,1644,1902,xiān,1
1645,跌,1645,1903,diē,1
1646,嘉,1646,1904,jiā,1
1647,飘,1647,1905,piāo,1
1648,旋,1648,1906,xuàn,1
1648,旋,1648,1907,xuán,2
1649,炮,1649,1908,pào,1
1649,炮,1649,1909,páo,2
1649,炮,1649,1910,bāo,3
1650,戒,1650,1911,jiè,1
1651,郎,1651,1912,láng,1
1652,碍,1652,1913,ài,1
1653,截,1653,1914,jié,1
1654,芳,1654,1915,fāng,1
1655,晶,1655,1916,jīng,1
1656,恰,1656,1917,qià,1
1657,涛,1657,1918,tāo,1
1658,慰,1658,1919,wèi,1
1659,瘦,1659,1920,shòu,1
1660,娃,1660,1921,wá,1
1661,迁,1661,1922,qiān,1
1662,刷,1662,1923,shuā,1
1662,刷,1662,1924,shuà,2
1663,蹈,1663,1925,dǎo,1
1664,岩,1664,1926,yán,1
1665,柔,1665,1927,róu,1
1666,凝,1666,1928,níng,1
1667,祥,1667,1929,xiáng,1
1668,仰,1668,1930,yǎng,1
1669,尺,1669,1931,chǐ,1
1669,尺,1669,1932,chě,2
1670,阔,1670,1933,kuò,1
1671,碗,1671,1934,wǎn,1
1672,遵,1672,1935,zūn,1
1673,荷,1673,1936,hé,1
1673,荷,1673,1937,hè,2
1674,堡,1674,1938,bǎo,1
1674,堡,1674,1939,bǔ,2
1675,柳,1675,1940,liǔ,1
1676,悄,1676,1941,qiǎo,1
1677,慧,1677,1942,huì,1
1678,扔,1678,1943,rēng,1
1679,伏,1679,1944,fú,1
1680,撤,1680,1945,chè,1
1681,愈,1681,1946,yù,1
1682,怜,1682,1947,lián,1
1683,勃,1683,1948,bó,1
1684,踏,1684,1949,tā,1
1684,踏,1684,1950,tà,2
1685,埋,1685,1951,mái,1
1685,埋,1685,1952,mán,2
1686,淘,1686,1953,táo,1
1687,狼,1687,1954,láng,1
1688,燕,1688,1955,yàn,1
1688,燕,1688,1956,yān,2
1689,轨,1689,1957,guǐ,1
1690,纵,1690,1958,zòng,1
1691,咬,1691,1959,yǎo,1
1692,狠,1692,1960,hěn,1
1693,尸,1693,1961,shī,1
1694,赫,1694,1962,hè,1
1695,吵,1695,1963,chǎo,1
1695,吵,1695,1964,chāo,2
1696,帕,1696,1965,pà,1
1697,盗,1697,1966,dào,1
1698,驶,1698,1967,shǐ,1
1699,臣,1699,1968,chén,1
1700,盒,1700,1969,hé,1
1701,夹,1701,1970,jiā,1
1701,夹,1701,1971,jiá,2
1702,帽,1702,1972,mào,1
1703,诊,1703,1973,zhěn,1
1704,疆,1704,1974,jiāng,1
1706,扑,1706,1975,pū,1
1707,昆,1707,1976,kūn,1
1708,杆,1708,1977,gān,1
1708,杆,1708,1978,gǎn,2
1709,拳,1709,1979,quán,1
1710,挖,1710,1980,wā,1
1711,详,1711,1981,xiáng,1
1712,胁,1712,1982,xié,1
1713,篮,1713,1983,lán,1
1714,耕,1714,1984,gēng,1
1715,屏,1715,1985,píng,1
1715,屏,1715,1986,bǐng,2
1716,桂,1716,1987,guì,1
1717,拓,1717,1988,tuò,1
1717,拓,1717,1989,tà,2
1718,粒,1718,1990,lì,1
1719,肚,1719,1991,dù,1
1719,肚,1719,1992,dǔ,2
1720,嫌,1720,1993,xián,1
1721,呵,1721,1994,hē,1
1722,丧,1722,1995,sàng,1
1722,丧,1722,1996,sāng,2
1723,眉,1723,1997,méi,1
1724,皆,1724,1998,jiē,1
1725,脉,1725,1999,mài,1
1725,脉,1725,2000,mò,2
1726,旺,1726,2001,wàng,1
1727,陶,1727,2002,táo,1
1727,陶,1727,2003,yáo,2
1728,伪,1728,2004,wěi,1
1729,辽,1729,2005,liáo,1
1730,敦,1730,2006,dūn,1
1730,敦,1730,2007,duì,2
1731,爽,1731,2008,shuǎng,1
1732,梯,1732,2009,tī,1
1733,膜,1733,2010,mó,1
1735,纹,1735,2011,wén,1
1736,俊,1736,2012,jùn,1
1737,嫁,1737,2013,jià,1
1738,柱,1738,2014,zhù,1
1739,氧,1739,2015,yǎng,1
1740,涂,1740,2016,tú,1
1741,纠,1741,2017,jiū,1
1742,愤,1742,2018,fèn,1
1743,牵,1743,2019,qiān,1
1744,耗,1744,2020,hào,1
1745,饱,1745,2021,bǎo,1
1746,吻,1746,2022,wěn,1
1747,涌,1747,2023,yǒng,1
1747,涌,1747,2024,chōng,2
1748,哎,1748,2025,āi,1
1748,哎,1748,2026,ài,2
1748,哎,1748,2027,ǎi,3
1748,哎,1748,2028,ái,4
1749,颇,1749,2029,pō,1
1750,割,1750,2030,gē,1
1751,赤,1751,2031,chì,1
1752,怨,1752,2032,yuàn,1
1753,熊,1753,2033,xióng,1
1754,闷,1754,2034,mèn,1
1754,闷,1754,2035,mēn,2
1755,拟,1755,2036,nǐ,1
1756,链,1756,2037,liàn,1
1757,昏,1757,2038,hūn,1
1758,循,1758,2039,xún,1
1759,枚,1759,2040,méi,1
1760,扭,1760,2041,niǔ,1
1761,惨,1761,2042,cǎn,1
1762,滋,1762,2043,zī,1
1763,敲,1763,2044,qiāo,1
1764,鸣,1764,2045,míng,1
1765,凌,1765,2046,líng,1
1766,乳,1766,2047,rǔ,1
1767,傅,1767,2048,fù,1
1768,卧,1768,2049,wò,1
1769,牲,1769,2050,shēng,1
1770,椅,1770,2051,yǐ,1
1770,椅,1770,2052,yī,2
1771,菌,1771,2053,jūn,1
1771,菌,1771,2054,jùn,2
1772,填,1772,2055,tián,1
1773,臭,1773,2056,chòu,1
1773,臭,1773,2057,xiù,2
1774,邪,1774,2058,xié,1
1774,邪,1774,2059,yé,2
1775,伐,1775,2060,fá,1
1776,尿,1776,2061,niào,1
1777,肤,1777,2062,fū,1
1778,榜,1778,2063,bǎng,1
1779,曹,1779,2064,cáo,1
1780,姿,1780,2065,zī,1
1781,谊,1781,2066,yì,1
1782,峡,1782,2067,xiá,1
1783,栏,1783,2068,lán,1
1784,仓,1784,2069,cāng,1
1785,喷,1785,2070,pēn,1
1785,喷,1785,2071,pèn,2
1786,弯,1786,2072,wān,1
1787,炒,1787,2073,chǎo,1
1788,浩,1788,2074,hào,1
1790,寿,1790,2075,shòu,1
1791,劫,1791,2076,jié,1
1792,寺,1792,2077,sì,1
1793,灌,1793,2078,guàn,1
1794,丑,1794,2079,chǒu,1
1795,绘,1795,2080,huì,1
1796,翰,1796,2081,hàn,1
1797,巡,1797,2082,xún,1
1798,雇,1798,2083,gù,1
1799,妮,1799,2084,nī,1
1800,盯,1800,2085,dīng,1
1801,疫,1801,2086,yì,1
1802,郁,1802,2087,yù,1
1803,琳,1803,2088,lín,1
1804,泳,1804,2089,yǒng,1
1805,耀,1805,2090,yào,1
1806,抛,1806,2091,pāo,1
1807,胃,1807,2092,wèi,1
1808,堵,1808,2093,dǔ,1
1809,赠,1809,2094,zèng,1
1810,逻,1810,2095,luó,1
1811,辣,1811,2096,là,1
1812,脆,1812,2097,cuì,1
1813,仇,1813,2098,chóu,1
1814,稀,1814,2099,xī,1
1815,剪,1815,2100,jiǎn,1
1816,恒,1816,2101,héng,1
1817,掘,1817,2102,jué,1
1818,添,1818,2103,tiān,1
1819,辖,1819,2104,xiá,1
1820,厦,1820,2105,xià,1
1820,厦,1820,2106,shà,2
1821,扮,1821,2107,bàn,1
1823,聘,1823,2108,pìn,1
1824,巩,1824,2109,gǒng,1
1825,踢,1825,2110,tī,1
1826,尘,1826,2111,chén,1
1827,冻,1827,2112,dòng,1
1828,御,1828,2113,yù,1
1829,肖,1829,2114,xiào,1
1830,惑,1830,2115,huò,1
1831,乙,1831,2116,yǐ,1
1832,磁,1832,2117,cí,1
1833,赌,1833,2118,dǔ,1
1834,怖,1834,2119,bù,1
1835,劝,1835,2120,quàn,1
1836,悦,1836,2121,yuè,1
1837,扯,1837,2122,chě,1
1838,孕,1838,2123,yùn,1
1839,摊,1839,2124,tān,1
1840,浅,1840,2125,qiǎn,1
1840,浅,1840,2126,jiān,2
1841,煌,1841,2127,huáng,1
1842,霸,1842,2128,bà,1
1843,爹,1843,2129,diē,1
1844,涵,1844,2130,hán,1
1845,穆,1845,2131,mù,1
1846,削,1846,2132,xiāo,1
1846,削,1846,2133,xuē,2
1847,猎,1847,2134,liè,1
1848,兽,1848,2135,shòu,1
1849,桃,1849,2136,táo,1
1850,瑟,1850,2137,sè,1
1851,溪,1851,2138,xī,1
1852,幽,1852,2139,yōu,1
1853,渴,1853,2140,kě,1
1854,寸,1854,2141,cùn,1
1855,桶,1855,2142,tǒng,1
1856,绑,1856,2143,bǎng,1
1857,铃,1857,2144,líng,1
1858,饼,1858,2145,bǐng,1
1859,莲,1859,2146,lián,1
1860,惩,1860,2147,chéng,1
1861,披,1861,2148,pī,1
1862,掩,1862,2149,yǎn,1
1863,歧,1863,2150,qí,1
1864,柜,1864,2151,guì,1
1864,柜,1864,2152,jǔ,2
1865,悔,1865,2153,huǐ,1
1866,宴,1866,2154,yàn,1
1867,奴,1867,2155,nú,1
1868,宅,1868,2156,zhái,1
1869,卓,1869,2157,zhuó,1
1870,漠,1870,2158,mò,1
1871,雕,1871,2159,diāo,1
1872,肺,1872,2160,fèi,1
1873,氛,1873,2161,fēn,1
1874,霍,1874,2162,huò,1
1875,肿,1875,2163,zhǒng,1
1877,蜜,1877,2164,mì,1
1878,胶,1878,2165,jiāo,1
1879,垂,1879,2166,chuí,1
1880,寂,1880,2167,jì,1
1881,厨,1881,2168,chú,1
1882,阁,1882,2169,gé,1
1883,役,1883,2170,yì,1
1884,憾,1884,2171,hàn,1
1885,拾,1885,2172,shí,1
1885,拾,1885,2173,shè,2
1886,芬,1886,2174,fēn,1
1887,糟,1887,2175,zāo,1
1888,吊,1888,2176,diào,1
1889,殿,1889,2177,diàn,1
1890,旬,1890,2178,xún,1
1891,牺,1891,2179,xī,1
1892,屁,1892,2180,pì,1
1893,窝,1893,2181,wō,1
1894,吞,1894,2182,tūn,1
1895,肌,1895,2183,jī,1
1896,兹,1896,2184,zī,1
1897,雾,1897,2185,wù,1
1898,滩,1898,2186,tān,1
1899,拆,1899,2187,chāi,1
1900,炉,1900,2188,lú,1
1901,畅,1901,2189,chàng,1
1902,挡,1902,2190,dǎng,1
1903,贾,1903,2191,gǔ,1
1904,愉,1904,2192,yú,1
1905,嫩,1905,2193,nèn,1
1906,姻,1906,2194,yīn,1
1908,挣,1908,2195,zhèng,1
1908,挣,1908,2196,zhēng,2
1909,盼,1909,2197,pàn,1
1910,肠,1910,2198,cháng,1
1911,兆,1911,2199,zhào,1
1912,逢,1912,2200,féng,1
1914,仲,1914,2201,zhòng,1
1915,缝,1915,2202,féng,1
1915,缝,1915,2203,fèng,2
1916,弥,1916,2204,mí,1
1917,摘,1917,2205,zhāi,1
1918,砸,1918,2206,zá,1
1919,胎,1919,2207,tāi,1
1920,账,1920,2208,zhàng,1
1921,衷,1921,2209,zhōng,1
1922,遥,1922,2210,yáo,1
1923,悠,1923,2211,yōu,1
1924,咖,1924,2212,kā,1
1925,癌,1925,2213,ái,1
1926,泄,1926,2214,xiè,1
1927,惧,1927,2215,jù,1
1928,荐,1928,2216,jiàn,1
1929,葬,1929,2217,zàng,1
1931,欺,1931,2218,qī,1
1932,艘,1932,2219,sōu,1
1933,艳,1933,2220,yàn,1
1934,摔,1934,2221,shuāi,1
1935,柏,1935,2222,bǎi,1
1935,柏,1935,2223,bó,2
1936,庞,1936,2224,páng,1
1937,誓,1937,2225,shì,1
1938,辅,1938,2226,fǔ,1
1939,祸,1939,2227,huò,1
1940,毅,1940,2228,yì,1
1941,秩,1941,2229,zhì,1
1942,悟,1942,2230,wù,1
1943,串,1943,2231,chuàn,1
1944,痴,1944,2232,chī,1
1945,渠,1945,2233,qú,1
1946,侦,1946,2234,zhēn,1
1947,庙,1947,2235,miào,1
1948,坑,1948,2236,kēng,1
1949,轰,1949,2237,hōng,1
1950,剥,1950,2238,bāo,1
1950,剥,1950,2239,bō,2
1951,碑,1951,2240,bēi,1
1952,夸,1952,2241,kuā,1
1953,傲,1953,2242,ào,1
1954,盆,1954,2243,pén,1
1955,壳,1955,2244,qiào,1
1956,绳,1956,2245,shéng,1
1957,逮,1957,2246,dǎi,1
1957,逮,1957,2247,dài,2
1958,胀,1958,2248,zhàng,1
1960,腔,1960,2249,qiāng,1
1961,溜,1961,2250,liū,1
1961,溜,1961,2251,liù,2
1962,肝,1962,2252,gān,1
1963,奈,1963,2253,nài,1
1964,孟,1964,2254,mèng,1
1965,卜,1965,2255,bǔ,1
1966,薪,1966,2256,xīn,1
1967,劣,1967,2257,liè,1
1968,忌,1968,2258,jì,1
1969,茂,1969,2259,mào,1
1970,纲,1970,2260,gāng,1
1971,朴,1971,2261,pǔ,1
1971,朴,1971,2262,pò,2
1971,朴,1971,2263,pō,3
1972,搏,1972,2264,bó,1
1973,稻,1973,2265,dào,1
1974,赔,1974,2266,péi,1
1975,匆,1975,2267,cōng,1
1976,溶,1976,2268,róng,1
1977,霞,1977,2269,xiá,1
1978,滨,1978,2270,bīn,1
1979,逊,1979,2271,xùn,1
1980,蔬,1980,2272,shū,1
1981,诱,1981,2273,yòu,1
1982,舌,1982,2274,shé,1
1983,湘,1983,2275,xiāng,1
1984,舆,1984,2276,yú,1
1985,斜,1985,2277,xié,1
1987,恼,1987,2278,nǎo,1
1988,蛇,1988,2279,shé,1
1989,遣,1989,2280,qiǎn,1
1990,嘿,1990,2281,hēi,1
1991,廊,1991,2282,láng,1
1992,岭,1992,2283,lǐng,1
1993,催,1993,2284,cuī,1
1994,芝,1994,2285,zhī,1
1995,漏,1995,2286,lòu,1
1996,仗,1996,2287,zhàng,1
1997,框,1997,2288,kuàng,1
1998,捉,1998,2289,zhuō,1
1999,晋,1999,2290,jìn,1
2000,寓,2000,2291,yù,1
2001,痕,2001,2292,hén,1
2002,蠢,2002,2293,chǔn,1
2003,腹,2003,2294,fù,1
2004,逆,2004,2295,nì,1
2005,押,2005,2296,yā,1
2006,曰,2006,2297,yuē,1
2007,辱,2007,2298,rǔ,1
2008,袖,2008,2299,xiù,1
2009,畜,2009,2300,chù,1
2009,畜,2009,2301,xù,2
2010,笼,2010,2302,lóng,1
2010,笼,2010,2303,lǒng,2
2011,墓,2011,2304,mù,1
2012,佐,2012,2305,zuǒ,1
2013,谱,2013,2306,pǔ,1
2014,唇,2014,2307,chún,1
2015,戈,2015,2308,gē,1
2016,捷,2016,2309,jié,1
2017,沪,2017,2310,hù,1
2018,屈,2018,2311,qū,1
2019,谅,2019,2312,liàng,1
2020,勾,2020,2313,gōu,1
2020,勾,2020,2314,gòu,2
2021,徽,2021,2315,huī,1
2022,鸿,2022,2316,hóng,1
2023,兑,2023,2317,duì,1
2024,倡,2024,2318,chàng,1
2024,倡,2024,2319,chāng,2
2025,汁,2025,2320,zhī,1
2026,唤,2026,2321,huàn,1
2027,覆,2027,2322,fù,1
2028,晃,2028,2323,huàng,1
2028,晃,2028,2324,huǎng,2
2029,慌,2029,2325,huāng,1
2030,晕,2030,2326,yūn,1
2030,晕,2030,2327,yùn,2
2031,衰,2031,2328,shuāi,1
2031,衰,2031,2329,cuī,2
2032,汪,2032,2330,wāng,1
2034,眠,2034,2331,mián,1
2035,驱,2035,2332,qū,1
2036,膀,2036,2333,bǎng,1
2036,膀,2036,2334,páng,2
2036,膀,2036,2335,pāng,3
2037,抚,2037,2336,fǔ,1
2038,蔡,2038,2337,cài,1
2039,谨,2039,2338,jǐn,1
2040,愁,2040,2339,chóu,1
2041,惹,2041,2340,rě,1
2042,浑,2042,2341,hún,1
2043,硕,2043,2342,shuò,1
2044,抑,2044,2343,yì,1
2045,抖,2045,2344,dǒu,1
2046,挨,2046,2345,ái,1
2046,挨,2046,2346,āi,2
2047,娱,2047,2347,yú,1
2048,唉,2048,2348,āi,1
2048,唉,2048,2349,ài,2
2049,撑,2049,2350,chēng,1
2050,冯,2050,2351,píng,1
2051,慈,2051,2352,cí,1
2052,挪,2052,2353,nuó,1
2053,姜,2053,2354,jiāng,1
2054,炭,2054,2355,tàn,1
2055,渔,2055,2356,yú,1
2056,臂,2056,2357,bì,1
2057,扇,2057,2358,shàn,1
2057,扇,2057,2359,shān,2
2058,蒸,2058,2360,zhēng,1
2059,衫,2059,2361,shān,1
2060,匹,2060,2362,pǐ,1
2061,蓄,2061,2363,xù,1
2062,羽,2062,2364,yǔ,1
2063,壤,2063,2365,rǎng,1
2064,盲,2064,2366,máng,1
2065,禽,2065,2367,qín,1
2066,俺,2066,2368,ǎn,1
2067,杉,2067,2369,shān,1
2068,抹,2068,2370,mǒ,1
2068,抹,2068,2371,mò,2
2068,抹,2068,2372,mā,3
2069,盈,2069,2373,yíng,1
2070,爵,2070,2374,jué,1
2071,笨,2071,2375,bèn,1
2072,叙,2072,2376,xù,1
2073,箭,2073,2377,jiàn,1
2074,恭,2074,2378,gōng,1
2075,歉,2075,2379,qiàn,1
2076,辨,2076,2380,biàn,1
2077,豫,2077,2381,yù,1
2078,泊,2078,2382,bó,1
2078,泊,2078,2383,pō,2
2079,缴,2079,2384,jiǎo,1
2079,缴,2079,2385,zhuó,2
2080,慨,2080,2386,kǎi,1
2081,攀,2081,2387,pān,1
2082,纺,2082,2388,fǎng,1
2083,骄,2083,2389,jiāo,1
2084,亭,2084,2390,tíng,1
2085,萧,2085,2391,xiāo,1
2086,浴,2086,2392,yù,1
2087,砖,2087,2393,zhuān,1
2088,愚,2088,2394,yú,1
2089,丛,2089,2395,cóng,1
2090,哼,2090,2396,hēng,1
2090,哼,2090,2397,hèng,2
2091,杭,2091,2398,háng,1
2092,齿,2092,2399,chǐ,1
2093,艇,2093,2400,tǐng,1
2094,钦,2094,2401,qīn,1
2095,堪,2095,2402,kān,1
2096,顽,2096,2403,wán,1
2097,哀,2097,2404,āi,1
2098,烤,2098,2405,kǎo,1
2099,契,2099,2406,qì,1
2099,契,2099,2407,xiè,2
2100,叛,2100,2408,pàn,1
2101,喻,2101,2409,yù,1
2102,峻,2102,2410,jùn,1
2103,翼,2103,2411,yì,1
2104,悬,2104,2412,xuán,1
2106,掏,2106,2413,tāo,1
2107,侯,2107,2414,hóu,1
2107,侯,2107,2415,hòu,2
2108,岳,2108,2416,yuè,1
2109,捧,2109,2417,pěng,1
2110,羞,2110,2418,xiū,1
2111,棵,2111,2419,kē,1
2112,颁,2112,2420,bān,1
2113,煮,2113,2421,zhǔ,1
2114,柴,2114,2422,chái,1
2115,宙,2115,2423,zhòu,1
2116,苍,2116,2424,cāng,1
2117,鲍,2117,2425,bào,1
2118,廷,2118,2426,tíng,1
2119,旱,2119,2427,hàn,1
2120,洒,2120,2428,sǎ,1
2121,赋,2121,2429,fù,1
2122,贪,2122,2430,tān,1
2123,蛮,2123,2431,mán,1
2124,鸭,2124,2432,yā,1
2125,窃,2125,2433,qiè,1
2127,婴,2127,2434,yīng,1
2128,汰,2128,2435,tài,1
2129,匙,2129,2436,chí,1
2130,堤,2130,2437,dī,1
2131,萌,2131,2438,méng,1
2132,疏,2132,2439,shū,1
2133,舟,2133,2440,zhōu,1
2134,陵,2134,2441,líng,1
2135,轿,2135,2442,jiào,1
2136,贩,2136,2443,fàn,1
2137,株,2137,2444,zhū,1
2138,缠,2138,2445,chán,1
2139,斥,2139,2446,chì,1
2140,厘,2140,2447,lí,1
2141,舰,2141,2448,jiàn,1
2142,吾,2142,2449,wú,1
2143,吕,2143,2450,lǚ,1
2144,姨,2144,2451,yí,1
2145,疲,2145,2452,pí,1
2146,孝,2146,2453,xiào,1
2148,昂,2148,2454,áng,1
2149,拦,2149,2455,lán,1
2152,陕,2152,2456,shǎn,1
2153,栽,2153,2457,zāi,1
2154,栋,2154,2458,dòng,1
2155,坎,2155,2459,kǎn,1
2156,滞,2156,2460,zhì,1
2157,魏,2157,2461,wèi,1
2158,锻,2158,2462,duàn,1
2159,囊,2159,2463,náng,1
2160,砍,2160,2464,kǎn,1
2161,蓬,2161,2465,péng,1
2162,侨,2162,2466,qiáo,1
2163,脖,2163,2467,bó,1
2164,裕,2164,2468,yù,1
2165,夕,2165,2469,xī,1
2166,寨,2166,2470,zhài,1
2167,萍,2167,2471,píng,1
2168,旨,2168,2472,zhǐ,1
2169,淋,2169,2473,lín,1
2169,淋,2169,2474,lìn,2
2170,拘,2170,2475,jū,1
2171,裙,2171,2476,qún,1
2172,驰,2172,2477,chí,1
2173,履,2173,2478,lǚ,1
2174,妥,2174,2479,tuǒ,1
2175,奸,2175,2480,jiān,1
2176,歇,2176,2481,xiē,1
2177,酬,2177,2482,chóu,1
2178,鹰,2178,2483,yīng,1
2179,斑,2179,2484,bān,1
2180,滥,2180,2485,làn,1
2181,趟,2181,2486,tàng,1
2181,趟,2181,2487,tāng,2
2182,闯,2182,2488,chuǎng,1
2183,颖,2183,2489,yǐng,1
2184,塘,2184,2490,táng,1
2185,卿,2185,2491,qīng,1
2186,丘,2186,2492,qiū,1
2187,纤,2187,2493,xiān,1
2187,纤,2187,2494,qiàn,2
2188,谐,2188,2495,xié,1
2189,罕,2189,2496,hǎn,1
2190,巾,2190,2497,jīn,1
2191,睁,2191,2498,zhēng,1
2192,虹,2192,2499,hóng,1
2193,脂,2193,2500,zhī,1
2194,翠,2194,2501,cuì,1
2195,歪,2195,2502,wāi,1
2196,碧,2196,2503,bì,1
2197,贤,2197,2504,xián,1
2198,蜂,2198,2505,fēng,1
2199,魅,2199,2506,mèi,1
2200,竭,2200,2507,jié,1
2201,慕,2201,2508,mù,1
2202,阐,2202,2509,chǎn,1
2203,葛,2203,2510,gé,1
2204,绵,2204,2511,mián,1
2205,逝,2205,2512,shì,1
2206,妆,2206,2513,zhuāng,1
2207,锡,2207,2514,xī,1
2208,粘,2208,2515,zhān,1
2209,腊,2209,2516,là,1
2209,腊,2209,2517,xī,2
2210,兔,2210,2518,tù,1
2211,罩,2211,2519,zhào,1
2212,啤,2212,2520,pí,1
2213,吁,2213,2521,yù,1
2213,吁,2213,2522,xū,2
2213,吁,2213,2523,yū,3
2214,凑,2214,2524,còu,1
2215,锐,2215,2525,ruì,1
2216,挽,2216,2526,wǎn,1
2217,翔,2217,2527,xiáng,1
2218,筒,2218,2528,tǒng,1
2219,趁,2219,2529,chèn,1
2220,隶,2220,2530,lì,1
2221,骤,2221,2531,zhòu,1
2222,祭,2222,2532,jì,1
2223,鹿,2223,2533,lù,1
2224,矮,2224,2534,ǎi,1
2225,猴,2225,2535,hóu,1
2226,咨,2226,2536,zī,1
2227,泼,2227,2537,pō,1
2228,骚,2228,2538,sāo,1
2229,脾,2229,2539,pí,1
2230,琼,2230,2540,qióng,1
2231,茫,2231,2541,máng,1
2232,刮,2232,2542,guā,1
2233,庸,2233,2543,yōng,1
2234,晰,2234,2544,xī,1
2235,函,2235,2545,hán,1
2236,糕,2236,2546,gāo,1
2237,辟,2237,2547,pì,1
2237,辟,2237,2548,bì,2
2238,贼,2238,2549,zéi,1
2239,晒,2239,2550,shài,1
2240,丫,2240,2551,yā,1
2241,棚,2241,2552,péng,1
2242,帖,2242,2553,tiē,1
2242,帖,2242,2554,tiě,2
2242,帖,2242,2555,tiè,3
2243,钥,2243,2556,yào,1
2243,钥,2243,2557,yuè,2
2244,弘,2244,2558,hóng,1
2246,菊,2246,2559,jú,1
2247,巷,2247,2560,xiàng,1
2247,巷,2247,2561,hàng,2
2248,乒,2248,2562,pīng,1
2249,罐,2249,2563,guàn,1
2250,饲,2250,2564,sì,1
2251,懒,2251,2565,lǎn,1
2252,颤,2252,2566,chàn,1
2253,筋,2253,2567,jīn,1
2254,陌,2254,2568,mò,1
2255,崔,2255,2569,cuī,1
2256,慎,2256,2570,shèn,1
2257,翁,2257,2571,wēng,1
2258,喘,2258,2572,chuǎn,1
2259,郊,2259,2573,jiāo,1
2260,韵,2260,2574,yùn,1
2261,妨,2261,2575,fáng,1
2262,耍,2262,2576,shuǎ,1
2263,拐,2263,2577,guǎi,1
2264,衬,2264,2578,chèn,1
2265,奠,2265,2579,diàn,1
2266,祈,2266,2580,qí,1
2267,畏,2267,2581,wèi,1
2268,瞬,2268,2582,shùn,1
2269,坝,2269,2583,bà,1
2270,遂,2270,2584,suì,1
2271,棍,2271,2585,gùn,1
2272,颈,2272,2586,jǐng,1
2273,彰,2273,2587,zhāng,1
2274,抄,2274,2588,chāo,1
2275,捞,2275,2589,lāo,1
2276,昔,2276,2590,xī,1
2277,钩,2277,2591,gōu,1
2278,携,2278,2592,xié,1
2279,乖,2279,2593,guāi,1
2280,辰,2280,2594,chén,1
2281,叉,2281,2595,chā,1
2281,叉,2281,2596,chà,2
2281,叉,2281,2597,chǎ,3
2281,叉,2281,2598,chá,4
2282,蕾,2282,2599,lěi,1
2283,宰,2283,2600,zǎi,1
2284,屠,2284,2601,tú,1
2285,厕,2285,2602,cè,1
2286,碳,2286,2603,tàn,1
2287,纱,2287,2604,shā,1
2288,皱,2288,2605,zhòu,1
2289,肾,2289,2606,shèn,1
2290,膨,2290,2607,péng,1
2291,儒,2291,2608,rú,1
2292,浸,2292,2609,jìn,1
2293,狮,2293,2610,shī,1
2294,枯,2294,2611,kū,1
2295,愧,2295,2612,kuì,1
2296,仆,2296,2613,pū,1
2296,仆,2296,2614,pú,2
2297,懈,2297,2615,xiè,1
2298,遮,2298,2616,zhē,1
2299,擅,2299,2617,shàn,1
2300,惟,2300,2618,wéi,1
2301,瞪,2301,2619,dèng,1
2302,帆,2302,2620,fān,1
2303,瞎,2303,2621,xiā,1
2304,酱,2304,2622,jiàng,1
2305,甩,2305,2623,shuǎi,1
2306,颠,2306,2624,diān,1
2307,坊,2307,2625,fāng,1
2307,坊,2307,2626,fáng,2
2308,嫂,2308,2627,sǎo,1
2309,裸,2309,2628,luǒ,1
2310,渗,2310,2629,shèn,1
2311,踩,2311,2630,cǎi,1
2312,耻,2312,2631,chǐ,1
2313,粹,2313,2632,cuì,1
2314,昭,2314,2633,zhāo,1
2315,弊,2315,2634,bì,1
2316,蹲,2316,2635,dūn,1
2316,蹲,2316,2636,cún,2
2317,涯,2317,2637,yá,1
2318,塌,2318,2638,tā,1
2319,谦,2319,2639,qiān,1
2320,侠,2320,2640,xiá,1
2321,铭,2321,2641,míng,1
2322,玄,2322,2642,xuán,1
2323,贱,2323,2643,jiàn,1
2324,衔,2324,2644,xián,1
2325,叠,2325,2645,dié,1
2327,挫,2327,2646,cuò,1
2328,尉,2328,2647,wèi,1
2329,逛,2329,2648,guàng,1
2330,匪,2330,2649,fěi,1
2331,藤,2331,2650,téng,1
2332,葱,2332,2651,cōng,1
2333,坠,2333,2652,zhuì,1
2334,讼,2334,2653,sòng,1
2335,柬,2335,2654,jiǎn,1
2336,逸,2336,2655,yì,1
2337,暑,2337,2656,shǔ,1
2339,狭,2339,2657,xiá,1
2340,狐,2340,2658,hú,1
2341,冈,2341,2659,gāng,1
2342,勉,2342,2660,miǎn,1
2343,溢,2343,2661,yì,1
2344,岂,2344,2662,qǐ,1
2345,茅,2345,2663,máo,1
2346,舱,2346,2664,cāng,1
2347,漆,2347,2665,qī,1
2348,灿,2348,2666,càn,1
2349,霜,2349,2667,shuāng,1
2350,谎,2350,2668,huǎng,1
2351,娇,2351,2669,jiāo,1
2352,迄,2352,2670,qì,1
2353,呐,2353,2671,nà,1
2354,祷,2354,2672,dǎo,1
2355,芒,2355,2673,máng,1
2356,戚,2356,2674,qī,1
2358,淑,2358,2675,shū,1
2359,垫,2359,2676,diàn,1
2360,矩,2360,2677,jǔ,1
2361,殷,2361,2678,yīn,1
2361,殷,2361,2679,yān,2
2361,殷,2361,2680,yǐn,3
2362,弦,2362,2681,xián,1
2363,吼,2363,2682,hǒu,1
2364,卑,2364,2683,bēi,1
2365,熙,2365,2684,xī,1
2366,瘤,2366,2685,liú,1
2367,钉,2367,2686,dīng,1
2367,钉,2367,2687,dìng,2
2368,洽,2368,2688,qià,1
2369,瓷,2369,2689,cí,1
2370,虐,2370,2690,nüè,1
2371,跪,2371,2691,guì,1
2372,穴,2372,2692,xué,1
2373,淫,2373,2693,yín,1
2374,讶,2374,2694,yà,1
2375,掀,2375,2695,xiān,1
2376,辜,2376,2696,gū,1
2377,脊,2377,2697,jǐ,1
2378,帜,2378,2698,zhì,1
2379,僵,2379,2699,jiāng,1
2380,颂,2380,2700,sòng,1
2381,鞭,2381,2701,biān,1
2382,卵,2382,2702,luǎn,1
2383,扁,2383,2703,biǎn,1
2383,扁,2383,2704,piān,2
2384,咽,2384,2705,yàn,1
2384,咽,2384,2706,yān,2
2384,咽,2384,2707,yè,3
2385,鹅,2385,2708,é,1
2386,撰,2386,2709,zhuàn,1
2387,谴,2387,2710,qiǎn,1
2388,熬,2388,2711,áo,1
2388,熬,2388,2712,āo,2
2389,伞,2389,2713,sǎn,1
2390,勘,2390,2714,kān,1
2391,撕,2391,2715,sī,1
2392,娶,2392,2716,qǔ,1
2393,宠,2393,2717,chǒng,1
2394,贿,2394,2718,huì,1
2395,淀,2395,2719,diàn,1
2396,鼎,2396,2720,dǐng,1
2397,甫,2397,2721,fǔ,1
2398,冶,2398,2722,yě,1
2399,窄,2399,2723,zhǎi,1
2400,澡,2400,2724,zǎo,1
2401,辐,2401,2725,fú,1
2403,霉,2403,2726,méi,1
2404,绒,2404,2727,róng,1
2405,崩,2405,2728,bēng,1
2406,蟹,2406,2729,xiè,1
2407,裹,2407,2730,guǒ,1
2408,轴,2408,2731,zhóu,1
2408,轴,2408,2732,zhòu,2
2409,吟,2409,2733,yín,1
2410,诈,2410,2734,zhà,1
2411,浆,2411,2735,jiāng,1
2412,缅,2412,2736,miǎn,1
2413,沾,2413,2737,zhān,1
2414,哨,2414,2738,shào,1
2415,驳,2415,2739,bó,1
2416,喉,2416,2740,hóu,1
2417,翅,2417,2741,chì,1
2418,舅,2418,2742,jiù,1
2419,饥,2419,2743,jī,1
2420,钓,2420,2744,diào,1
2421,甸,2421,2745,diàn,1
2422,哄,2422,2746,hǒng,1
2422,哄,2422,2747,hōng,2
2422,哄,2422,2748,hòng,3
2423,瞒,2423,2749,mán,1
2424,垒,2424,2750,lěi,1
2425,屡,2425,2751,lǚ,1
2426,虾,2426,2752,xiā,1
2427,匠,2427,2753,jiàng,1
2428,鹏,2428,2754,péng,1
2429,逗,2429,2755,dòu,1
2430,寡,2430,2756,guǎ,1
2431,膝,2431,2757,xī,1
2432,雀,2432,2758,què,1
2432,雀,2432,2759,qiāo,2
2433,硫,2433,2760,liú,1
2434,勋,2434,2761,xūn,1
2435,厢,2435,2762,xiāng,1
2436,溃,2436,2763,kuì,1
2436,溃,2436,2764,huì,2
2437,乾,2437,2765,qián,1
2438,捏,2438,2766,niē,1
2439,僧,2439,2767,sēng,1
2440,饶,2440,2768,ráo,1
2441,渊,2441,2769,yuān,1
2442,咸,2442,2770,xián,1
2443,蝶,2443,2771,dié,1
2444,铝,2444,2772,lǚ,1
2445,逾,2445,2773,yú,1
2446,刹,2446,2774,shā,1
2446,刹,2446,2775,chà,2
2447,摧,2447,2776,cuī,1
2448,肢,2448,2777,zhī,1
2449,槽,2449,2778,cáo,1
2450,桩,2450,2779,zhuāng,1
2451,浦,2451,2780,pǔ,1
2453,媳,2453,2781,xí,1
2454,侍,2454,2782,shì,1
2455,萝,2455,2783,luó,1
2456,酿,2456,2784,niàng,1
2457,鹤,2457,2785,hè,1
2458,犬,2458,2786,quǎn,1
2459,倦,2459,2787,juàn,1
2460,妖,2460,2788,yāo,1
2461,嘱,2461,2789,zhǔ,1
2462,椒,2462,2790,jiāo,1
2463,铸,2463,2791,zhù,1
2464,缔,2464,2792,dì,1
2465,焕,2465,2793,huàn,1
2466,肆,2466,2794,sì,1
2467,睹,2467,2795,dǔ,1
2468,兜,2468,2796,dōu,1
2469,矣,2469,2797,yǐ,1
2470,匀,2470,2798,yún,1
2471,咋,2471,2799,zǎ,1
2471,咋,2471,2800,zhā,2
2471,咋,2471,2801,zé,3
2472,芽,2472,2802,yá,1
2473,赐,2473,2803,cì,1
2474,蕴,2474,2804,yùn,1
2475,顷,2475,2805,qǐng,1
2476,嘻,2476,2806,xī,1
2477,卸,2477,2807,xiè,1
2478,揽,2478,2808,lǎn,1
2479,沫,2479,2809,mò,1
2480,敞,2480,2810,chǎng,1
2481,斋,2481,2811,zhāi,1
2482,拯,2482,2812,zhěng,1
2483,嗓,2483,2813,sǎng,1
2484,乓,2484,2814,pāng,1
2485,铅,2485,2815,qiān,1
2486,嘲,2486,2816,cháo,1
2487,掠,2487,2817,lüè,1
2488,搅,2488,2818,jiǎo,1
2489,嚷,2489,2819,rǎng,1
2489,嚷,2489,2820,rāng,2
2490,丸,2490,2821,wán,1
2491,玫,2491,2822,méi,1
2492,咳,2492,2823,ké,1
2492,咳,2492,2824,hāi,2
2493,坪,2493,2825,píng,1
2494,躁,2494,2826,zào,1
2495,捡,2495,2827,jiǎn,1
2496,夷,2496,2828,yí,1
2497,碟,2497,2829,dié,1
2498,佑,2498,2830,yòu,1
2499,腺,2499,2831,xiàn,1
2500,剖,2500,2832,pōu,1
2501,谜,2501,2833,mí,1
2501,谜,2501,2834,mèir,2
2502,瑰,2502,2835,guī,1
2503,屎,2503,2836,shǐ,1
2504,氢,2504,2837,qīng,1
2505,恳,2505,2838,kěn,1
2506,咒,2506,2839,zhòu,1
2507,幢,2507,2840,zhuàng,1
2507,幢,2507,2841,chuáng,2
2508,枕,2508,2842,zhěn,1
2510,哑,2510,2843,yǎ,1
2510,哑,2510,2844,yā,2
2511,娟,2511,2845,juān,1
2512,贞,2512,2846,zhēn,1
2513,尴,2513,2847,gān,1
2514,砂,2514,2848,shā,1
2515,粤,2515,2849,yuè,1
2516,竖,2516,2850,shù,1
2517,妄,2517,2851,wàng,1
2518,禅,2518,2852,chán,1
2518,禅,2518,2853,shàn,2
2519,焰,2519,2854,yàn,1
2520,胳,2520,2855,gā,1
2520,胳,2520,2856,gé,2
2521,绸,2521,2857,chóu,1
2522,泣,2522,2858,qì,1
2523,删,2523,2859,shān,1
2524,寞,2524,2860,mò,1
2525,芭,2525,2861,bā,1
2526,蔓,2526,2862,màn,1
2526,蔓,2526,2863,mán,2
2527,腻,2527,2864,nì,1
2528,芦,2528,2865,lú,1
2529,杏,2529,2866,xìng,1
2530,坤,2530,2867,kūn,1
2532,烫,2532,2868,tàng,1
2533,汛,2533,2869,xùn,1
2534,燥,2534,2870,zào,1
2535,遏,2535,2871,è,1
2536,冤,2536,2872,yuān,1
2537,瘾,2537,2873,yǐn,1
2538,趴,2538,2874,pā,1
2539,螺,2539,2875,luó,1
2540,垄,2540,2876,lǒng,1
2541,梨,2541,2877,lí,1
2542,蓉,2542,2878,róng,1
2543,崖,2543,2879,yá,1
2544,浇,2544,2880,jiāo,1
2545,蚀,2545,2881,shí,1
2546,瞩,2546,2882,zhǔ,1
2547,绣,2547,2883,xiù,1
2548,巫,2548,2884,wū,1
2549,雁,2549,2885,yàn,1
2550,壶,2550,2886,hú,1
2551,纬,2551,2887,wěi,1
2552,膊,2552,2888,bó,1
2553,傍,2553,2889,bàng,1
2555,膏,2555,2890,gāo,1
2555,膏,2555,2891,gào,2
2556,煎,2556,2892,jiān,1
2557,募,2557,2893,mù,1
2558,坟,2558,2894,fén,1
2559,毯,2559,2895,tǎn,1
2560,讽,2560,2896,fěng,1
2561,悼,2561,2897,dào,1
2562,淹,2562,2898,yān,1
2563,俘,2563,2899,fú,1
2564,橡,2564,2900,xiàng,1
2565,搁,2565,2901,gē,1
2565,搁,2565,2902,gé,2
2566,篷,2566,2903,péng,1
2567,荆,2567,2904,jīng,1
2569,魄,2569,2905,pò,1
2570,薇,2570,2906,wēi,1
2571,轩,2571,2907,xuān,1
2572,帘,2572,2908,lián,1
2573,怡,2573,2909,yí,1
2574,腕,2574,2910,wàn,1
2575,渣,2575,2911,zhā,1
2576,贬,2576,2912,biǎn,1
2577,沧,2577,2913,cāng,1
2578,碱,2578,2914,jiǎn,1
2579,稽,2579,2915,jī,1
2579,稽,2579,2916,qǐ,2
2580,碌,2580,2917,lù,1
2580,碌,2580,2918,liù,2
2581,蜡,2581,2919,là,1
2581,蜡,2581,2920,zhà,2
2582,旭,2582,2921,xù,1
2583,畔,2583,2922,pàn,1
2584,芯,2584,2923,xīn,1
2584,芯,2584,2924,xìn,2
2585,陋,2585,2925,lòu,1
2586,愣,2586,2926,lèng,1
2588,氯,2588,2927,lǜ,1
2589,巢,2589,2928,cháo,1
2592,睦,2592,2929,mù,1
2593,衍,2593,2930,yǎn,1
2594,凳,2594,2931,dèng,1
2595,彪,2595,2932,biāo,1
2596,潭,2596,2933,tán,1
2597,叮,2597,2934,dīng,1
2598,豹,2598,2935,bào,1
2599,媚,2599,2936,mèi,1
2600,耸,2600,2937,sǒng,1
2601,俭,2601,2938,jiǎn,1
2602,蔽,2602,2939,bì,1
2603,闽,2603,2940,mǐn,1
2604,肇,2604,2941,zhào,1
2605,袍,2605,2942,páo,1
2606,沸,2606,2943,fèi,1
2607,钞,2607,2944,chāo,1
2608,宛,2608,2945,wǎn,1
2609,龟,2609,2946,guī,1
2610,驴,2610,2947,lǘ,1
2611,斩,2611,2948,zhǎn,1
2612,羡,2612,2949,xiàn,1
2613,崭,2613,2950,zhǎn,1
2614,枢,2614,2951,shū,1
2615,枣,2615,2952,zǎo,1
2616,魁,2616,2953,kuí,1
2617,婉,2617,2954,wǎn,1
2618,苑,2618,2955,yuàn,1
2619,倘,2619,2956,tǎng,1
2620,靖,2620,2957,jìng,1
2621,恕,2621,2958,shù,1
2622,歹,2622,2959,dǎi,1
2623,梭,2623,2960,suō,1
2624,躯,2624,2961,qū,1
2625,豁,2625,2962,huō,1
2625,豁,2625,2963,huò,2
2626,烛,2626,2964,zhú,1
2627,窑,2627,2965,yáo,1
2628,诵,2628,2966,sòng,1
2629,粪,2629,2967,fèn,1
2630,咕,2630,2968,gū,1
2632,勿,2632,2969,wù,1
2633,鸦,2633,2970,yā,1
2634,醇,2634,2971,chún,1
2635,垮,2635,2972,kuǎ,1
2636,屯,2636,2973,tún,1
2637,挚,2637,2974,zhì,1
2638,佣,2638,2975,yōng,1
2638,佣,2638,2976,yòng,2
2639,凄,2639,2977,qī,1
2640,荫,2640,2978,yìn,1
2641,哗,2641,2979,huá,1
2641,哗,2641,2980,huā,2
2642,澄,2642,2981,chéng,1
2642,澄,2642,2982,dèng,2
2643,凸,2643,2983,tū,1
2644,僚,2644,2984,liáo,1
2645,惕,2645,2985,tì,1
2646,熏,2646,2986,xūn,1
2646,熏,2646,2987,xùn,2
2647,爪,2647,2988,zhuǎ,1
2647,爪,2647,2989,zhǎo,2
2648,囚,2648,2990,qiú,1
2649,崛,2649,2991,jué,1
2650,柄,2650,2992,bǐng,1
2651,灶,2651,2993,zào,1
2652,谣,2652,2994,yáo,1
2653,拢,2653,2995,lǒng,1
2654,醋,2654,2996,cù,1
2655,弓,2655,2997,gōng,1
2656,磷,2656,2998,lín,1
2657,朽,2657,2999,xiǔ,1
2659,粥,2659,3000,zhōu,1
2660,昧,2660,3001,mèi,1
2661,莹,2661,3002,yíng,1
2662,俯,2662,3003,fǔ,1
2663,缸,2663,3004,gāng,1
2664,澜,2664,3005,lán,1
2665,咧,2665,3006,liě,1
2666,梳,2666,3007,shū,1
2667,妓,2667,3008,jì,1
2668,闸,2668,3009,zhá,1
2669,捣,2669,3010,dǎo,1
2670,馨,2670,3011,xīn,1
2671,垦,2671,3012,kěn,1
2672,侣,2672,3013,lǚ,1
2673,窜,2673,3014,cuàn,1
2674,阎,2674,3015,yán,1
2675,啸,2675,3016,xiào,1
2676,稚,2676,3017,zhì,1
2677,缚,2677,3018,fù,1
2678,焚,2678,3019,fén,1
2679,呜,2679,3020,wū,1
2680,髓,2680,3021,suǐ,1
2681,钠,2681,3022,nà,1
2682,冀,2682,3023,jì,1
2683,氨,2683,3024,ān,1
2684,缉,2684,3025,jī,1
2684,缉,2684,3026,qī,2
2685,妃,2685,3027,fēi,1
2686,靴,2686,3028,xuē,1
2687,瞄,2687,3029,miáo,1
2688,舶,2688,3030,bó,1
2689,镑,2689,3031,bàng,1
2690,谍,2690,3032,dié,1
2691,枫,2691,3033,fēng,1
2692,禄,2692,3034,lù,1
2693,栖,2693,3035,qī,1
2693,栖,2693,3036,xī,2
2694,杠,2694,3037,gàng,1
2695,钙,2695,3038,gài,1
2696,扳,2696,3039,bān,1
2697,挠,2697,3040,náo,1
2698,磅,2698,3041,bàng,1
2698,磅,2698,3042,páng,2
2699,袜,2699,3043,wà,1
2700,惶,2700,3044,huáng,1
2701,抒,2701,3045,shū,1
2702,桐,2702,3046,tóng,1
2703,俏,2703,3047,qiào,1
2704,笛,2704,3048,dí,1
2705,捆,2705,3049,kǔn,1
2706,奢,2706,3050,shē,1
2707,耽,2707,3051,dān,1
2709,鄙,2709,3052,bǐ,1
2710,隙,2710,3053,xì,1
2711,沛,2711,3054,pèi,1
2712,戳,2712,3055,chuō,1
2713,拱,2713,3056,gǒng,1
2714,涩,2714,3057,sè,1
2715,屑,2715,3058,xiè,1
2716,驼,2716,3059,tuó,1
2717,藻,2717,3060,zǎo,1
2718,噪,2718,3061,zào,1
2719,蹄,2719,3062,tí,1
2720,妒,2720,3063,dù,1
2721,锤,2721,3064,chuí,1
2722,谬,2722,3065,miù,1
2723,蚁,2723,3066,yǐ,1
2724,扛,2724,3067,káng,1
2724,扛,2724,3068,gāng,2
2725,姊,2725,3069,zǐ,1
2726,耿,2726,3070,gěng,1
2727,毙,2727,3071,bì,1
2728,蹦,2728,3072,bèng,1
2729,薯,2729,3073,shǔ,1
2730,炫,2730,3074,xuàn,1
2731,鞍,2731,3075,ān,1
2732,茄,2732,3076,qié,1
2732,茄,2732,3077,jiā,2
2733,栗,2733,3078,lì,1
2734,拌,2734,3079,bàn,1
2735,鸽,2735,3080,gē,1
2736,撼,2736,3081,hàn,1
2737,杖,2737,3082,zhàng,1
2738,竣,2738,3083,jùn,1
2739,眨,2739,3084,zhǎ,1
2740,翘,2740,3085,qiào,1
2740,翘,2740,3086,qiáo,2
2741,乞,2741,3087,qǐ,1
2742,帷,2742,3088,wéi,1
2743,喧,2743,3089,xuān,1
2744,鄂,2744,3090,è,1
2745,嚼,2745,3091,jiáo,1
2746,瘫,2746,3092,tān,1
2747,汝,2747,3093,rǔ,1
2748,蒲,2748,3094,pú,1
2749,匿,2749,3095,nì,1
2750,泻,2750,3096,xiè,1
2751,侮,2751,3097,wǔ,1
2752,藉,2752,3098,jí,1
2752,藉,2752,3099,jiè,2
2753,焉,2753,3100,yān,1
2754,昼,2754,3101,zhòu,1
2755,呕,2755,3102,ǒu,1
2756,僻,2756,3103,pì,1
2757,蚕,2757,3104,cán,1
2758,煞,2758,3105,shà,1
2758,煞,2758,3106,shā,2
2759,劈,2759,3107,pī,1
2759,劈,2759,3108,pǐ,2
2760,痒,2760,3109,yǎng,1
2761,锣,2761,3110,luó,1
2762,窟,2762,3111,kū,1
2763,阀,2763,3112,fá,1
2764,秃,2764,3113,tū,1
2765,沦,2765,3114,lún,1
2766,萎,2766,3115,wěi,1
2767,馈,2767,3116,kuì,1
2768,瞅,2768,3117,chǒu,1
2769,墅,2769,3118,shù,1
2770,蛙,2770,3119,wā,1
2771,暮,2771,3120,mù,1
2772,畴,2772,3121,chóu,1
2774,缆,2774,3122,lǎn,1
2775,婶,2775,3123,shěn,1
2776,绎,2776,3124,yì,1
2777,钧,2777,3125,jūn,1
2778,搂,2778,3126,lǒu,1
2778,搂,2778,3127,lōu,2
2779,牡,2779,3128,mǔ,1
2780,宵,2780,3129,xiāo,1
2781,秉,2781,3130,bǐng,1
2782,棕,2782,3131,zōng,1
2783,蚊,2783,3132,wén,1
2784,敷,2784,3133,fū,1
2785,嫉,2785,3134,jí,1
2786,恤,2786,3135,xù,1
2787,铲,2787,3136,chǎn,1
2788,迭,2788,3137,dié,1
2789,硝,2789,3138,xiāo,1
2790,凹,2790,3139,āo,1
2791,隧,2791,3140,suì,1
2792,捂,2792,3141,wǔ,1
2793,蒜,2793,3142,suàn,1
2794,溉,2794,3143,gài,1
2795,觅,2795,3144,mì,1
2796,姥,2796,3145,mǔ,1
2797,叭,2797,3146,bā,1
2798,穗,2798,3147,suì,1
2799,硅,2799,3148,guī,1
2800,烁,2800,3149,shuò,1
2801,稼,2801,3150,jià,1
2802,棺,2802,3151,guān,1
2804,揉,2804,3152,róu,1
2805,潇,2805,3153,xiāo,1
2806,冥,2806,3154,míng,1
2807,怔,2807,3155,zhèng,1
2808,恍,2808,3156,huǎng,1
2809,氓,2809,3157,méng,1
2810,诀,2810,3158,jué,1
2811,旷,2811,3159,kuàng,1
2812,斧,2812,3160,fǔ,1
2813,氮,2813,3161,dàn,1
2815,堕,2815,3162,duò,1
2816,赣,2816,3163,gàn,1
2817,曝,2817,3164,pù,1
2818,侄,2818,3165,zhí,1
2820,扒,2820,3166,bā,1
2820,扒,2820,3167,pá,2
2821,灼,2821,3168,zhuó,1
2822,蔚,2822,3169,wèi,1
2822,蔚,2822,3170,yù,2
2823,譬,2823,3171,pì,1
2824,躬,2824,3172,gōng,1
2825,憋,2825,3173,biē,1
2826,泌,2826,3174,mì,1
2827,绅,2827,3175,shēn,1
2828,聋,2828,3176,lóng,1
2829,菇,2829,3177,gū,1
2830,炕,2830,3178,kàng,1
2831,巍,2831,3179,wēi,1
2832,褐,2832,3180,hè,1
2833,怯,2833,3181,qiè,1
2834,寝,2834,3182,qǐn,1
2835,苟,2835,3183,gǒu,1
2836,陡,2836,3184,dǒu,1
2837,濒,2837,3185,bīn,1
2838,掷,2838,3186,zhì,1
2839,菱,2839,3187,líng,1
2840,卦,2840,3188,guà,1
2841,窥,2841,3189,kuī,1
2842,盏,2842,3190,zhǎn,1
2843,琢,2843,3191,zuó,1
2843,琢,2843,3192,zhuó,2
2844,刃,2844,3193,rèn,1
2845,颊,2845,3194,jiá,1
2846,凿,2846,3195,záo,1
2847,贮,2847,3196,zhù,1
2848,瞻,2848,3197,zhān,1
2849,叨,2849,3198,tāo,1
2849,叨,2849,3199,dáo,2
2850,赎,2850,3200,shú,1
2851,赁,2851,3201,lìn,1
2852,瓣,2852,3202,bàn,1
2853,渝,2853,3203,yú,1
2854,韧,2854,3204,rèn,1
2855,擎,2855,3205,qíng,1
2856,拂,2856,3206,fú,1
2857,簿,2857,3207,bù,1
2858,琐,2858,3208,suǒ,1
2859,滔,2859,3209,tāo,1
2860,缕,2860,3210,lǚ,1
2861,胚,2861,3211,pēi,1
2862,椎,2862,3212,zhuī,1
2863,炬,2863,3213,jù,1
2865,寇,2865,3214,kòu,1
2867,筛,2867,3215,shāi,1
2868,拣,2868,3216,jiǎn,1
2869,襟,2869,3217,jīn,1
2870,沮,2870,3218,jǔ,1
2870,沮,2870,3219,jù,2
2870,沮,2870,3220,jū,3
2871,茵,2871,3221,yīn,1
2872,嵌,2872,3222,qiàn,1
2874,骆,2874,3223,luò,1
2876,咏,2876,3224,yǒng,1
2877,蛛,2877,3225,zhū,1
2878,剔,2878,3226,tī,1
2879,蝎,2879,3227,xiē,1
2880,暇,2880,3228,xiá,1
2881,弧,2881,3229,hú,1
2882,眯,2882,3230,mī,1
2882,眯,2882,3231,mí,2
2883,啪,2883,3232,pā,1
2884,袱,2884,3233,fú,1
2885,熄,2885,3234,xī,1
2886,矫,2886,3235,jiǎo,1
2886,矫,2886,3236,jiáo,2
2887,倚,2887,3237,yǐ,1
2888,雌,2888,3238,cí,1
2889,撇,2889,3239,piě,1
2889,撇,2889,3240,piē,2
2890,梢,2890,3241,shāo,1
2891,淌,2891,3242,tǎng,1
2892,讳,2892,3243,huì,1
2893,勺,2893,3244,sháo,1
2894,吩,2894,3245,fēn,1
2895,茎,2895,3246,jīng,1
2896,钾,2896,3247,jiǎ,1
2897,诡,2897,3248,guǐ,1
2898,镶,2898,3249,xiāng,1
2899,庐,2899,3250,lú,1
2900,猩,2900,3251,xīng,1
2901,诫,2901,3252,jiè,1
2902,卒,2902,3253,zú,1
2902,卒,2902,3254,cù,2
2903,吏,2903,3255,lì,1
2904,沼,2904,3256,zhǎo,1
2905,溯,2905,3257,sù,1
2906,秧,2906,3258,yāng,1
2907,拎,2907,3259,līn,1
2908,棘,2908,3260,jí,1
2909,痰,2909,3261,tán,1
2910,蔑,2910,3262,miè,1
2913,秤,2913,3263,chèng,1
2914,裳,2914,3264,cháng,1
2915,苔,2915,3265,tái,1
2915,苔,2915,3266,tāi,2
2916,絮,2916,3267,xù,1
2917,滤,2917,3268,lǜ,1
2918,朦,2918,3269,méng,1
2919,尧,2919,3270,yáo,1
2920,熔,2920,3271,róng,1
2921,疚,2921,3272,jiù,1
2922,绞,2922,3273,jiǎo,1
2923,腥,2923,3274,xīng,1
2924,枉,2924,3275,wǎng,1
2925,橙,2925,3276,chéng,1
2926,涝,2926,3277,lào,1
2928,眷,2928,3278,juàn,1
2929,缀,2929,3279,zhuì,1
2930,橱,2930,3280,chú,1
2931,揪,2931,3281,jiū,1
2932,哉,2932,3282,zāi,1
2933,吱,2933,3283,zī,1
2933,吱,2933,3284,zhī,2
2934,崎,2934,3285,qí,1
2935,赂,2935,3286,lù,1
2936,揣,2936,3287,chuǎi,1
2936,揣,2936,3288,chuāi,2
2937,棠,2937,3289,táng,1
2938,跋,2938,3290,bá,1
2939,怠,2939,3291,dài,1
2940,蝇,2940,3292,yíng,1
2941,胧,2941,3293,lóng,1
2942,浊,2942,3294,zhuó,1
2943,钮,2943,3295,niǔ,1
2944,乍,2944,3296,zhà,1
2945,鳞,2945,3297,lín,1
2947,庇,2947,3298,bì,1
2948,揍,2948,3299,zòu,1
2949,歼,2949,3300,jiān,1
2950,啃,2950,3301,kěn,1
2951,憎,2951,3302,zēng,1
2952,矗,2952,3303,chù,1
2953,剿,2953,3304,jiǎo,1
2953,剿,2953,3305,chāo,2
2954,榴,2954,3306,liú,1
2955,矢,2955,3307,shǐ,1
2956,笋,2956,3308,sǔn,1
2957,拽,2957,3309,zhuài,1
2957,拽,2957,3310,zhuāi,2
2958,嗽,2958,3311,sòu,1
2959,蜀,2959,3312,shǔ,1
2960,闺,2960,3313,guī,1
2961,嗜,2961,3314,shì,1
2962,拧,2962,3315,nǐng,1
2962,拧,2962,3316,níng,2
2962,拧,2962,3317,nìng,3
2963,鞠,2963,3318,jū,1
2964,淳,2964,3319,chún,1
2965,拙,2965,3320,zhuō,1
2966,皂,2966,3321,zào,1
2967,臀,2967,3322,tún,1
2968,虏,2968,3323,lǔ,1
2969,卉,2969,3324,huì,1
2970,膛,2970,3325,táng,1
2971,窍,2971,3326,qiào,1
2972,痘,2972,3327,dòu,1
2973,狸,2973,3328,lí,1
2974,蕉,2974,3329,jiāo,1
2975,摹,2975,3330,mó,1
2976,骏,2976,3331,jùn,1
2977,疤,2977,3332,bā,1
2978,磕,2978,3333,kē,1
2979,渤,2979,3334,bó,1
2980,哺,2980,3335,bǔ,1
2981,蚂,2981,3336,mà,1
2981,蚂,2981,3337,mā,2
2982,绷,2982,3338,bēng,1
2982,绷,2982,3339,běng,2
2982,绷,2982,3340,bèng,3
2983,筷,2983,3341,kuài,1
2984,廓,2984,3342,kuò,1
2985,噩,2985,3343,è,1
2986,籽,2986,3344,zǐ,1
2987,敛,2987,3345,liǎn,1
2988,掺,2988,3346,chān,1
2988,掺,2988,3347,shǎn,2
2988,掺,2988,3348,càn,3
2989,滇,2989,3349,diān,1
2990,啼,2990,3350,tí,1
2991,狡,2991,3351,jiǎo,1
2992,庚,2992,3352,gēng,1
2993,屿,2993,3353,yǔ,1
2994,烘,2994,3354,hōng,1
2995,徘,2995,3355,pái,1
2996,溅,2996,3356,jiàn,1
2997,锈,2997,3357,xiù,1
2998,捅,2998,3358,tǒng,1
2999,盔,2999,3359,kuī,1
3000,皖,3000,3360,wǎn,1
3001,礁,3001,3361,jiāo,1
3002,涡,3002,3362,wō,1
3002,涡,3002,3363,guō,2
3003,酥,3003,3364,sū,1
3004,嚣,3004,3365,xiāo,1
3004,嚣,3004,3366,áo,2
3005,驯,3005,3367,xùn,1
3006,嘶,3006,3368,sī,1
3007,漓,3007,3369,lí,1
3008,砌,3008,3370,qì,1
3009,殴,3009,3371,ōu,1
3010,亥,3010,3372,hài,1
3011,栓,3011,3373,shuān,1
3012,莽,3012,3374,mǎng,1
3013,馅,3013,3375,xiàn,1
3014,睐,3014,3376,lài,1
3015,悍,3015,3377,hàn,1
3016,簇,3016,3378,cù,1
3017,惫,3017,3379,bèi,1
3018,绰,3018,3380,chuò,1
3019,趾,3019,3381,zhǐ,1
3020,酝,3020,3382,yùn,1
3021,芹,3021,3383,qín,1
3022,锌,3022,3384,xīn,1
3023,黯,3023,3385,àn,1
3024,柿,3024,3386,shì,1
3025,扼,3025,3387,è,1
3026,戎,3026,3388,róng,1
3027,轧,3027,3389,yà,1
3027,轧,3027,3390,zhá,2
3028,隋,3028,3391,suí,1
3029,沥,3029,3392,lì,1
3030,颅,3030,3393,lú,1
3031,祀,3031,3394,sì,1
3032,骇,3032,3395,hài,1
3033,渺,3033,3396,miǎo,1
3034,赃,3034,3397,zāng,1
3035,鲨,3035,3398,shā,1
3036,驹,3036,3399,jū,1
3037,烹,3037,3400,pēng,1
3038,窘,3038,3401,jiǒng,1
3039,禾,3039,3402,hé,1
3040,嗅,3040,3403,xiù,1
3041,洼,3041,3404,wā,1
3042,墩,3042,3405,dūn,1
3043,锯,3043,3406,jù,1
3044,檐,3044,3407,yán,1
3045,梗,3045,3408,gěng,1
3046,汹,3046,3409,xiōng,1
3047,瀑,3047,3410,pù,1
3048,苛,3048,3411,kē,1
3049,靡,3049,3412,mǐ,1
3049,靡,3049,3413,mí,2
3050,搓,3050,3414,cuō,1
3051,捍,3051,3415,hàn,1
3052,眶,3052,3416,kuàng,1
3053,跤,3053,3417,jiāo,1
3054,荧,3054,3418,yíng,1
3055,墟,3055,3419,xū,1
3056,焊,3056,3420,hàn,1
3057,榆,3057,3421,yú,1
3058,澈,3058,3422,chè,1
3059,拇,3059,3423,mǔ,1
3060,橘,3060,3424,jú,1
3061,疮,3061,3425,chuāng,1
3062,窒,3062,3426,zhì,1
3063,粟,3063,3427,sù,1
3064,犁,3064,3428,lí,1
3065,涤,3065,3429,dí,1
3066,彤,3066,3430,tóng,1
3067,肘,3067,3431,zhǒu,1
3068,擒,3068,3432,qín,1
3069,钝,3069,3433,dùn,1
3071,栅,3071,3434,zhà,1
3071,栅,3071,3435,shān,2
3072,秽,3072,3436,huì,1
3073,楷,3073,3437,kǎi,1
3073,楷,3073,3438,jiē,2
3074,雏,3074,3439,chú,1
3075,挟,3075,3440,xié,1
3076,靶,3076,3441,bǎ,1
3077,娥,3077,3442,é,1
3078,泵,3078,3443,bèng,1
3079,赦,3079,3444,shè,1
3080,嗡,3080,3445,wēng,1
3081,掐,3081,3446,qiā,1
3082,岔,3082,3447,chà,1
3084,砰,3084,3448,pēng,1
3085,竿,3085,3449,gān,1
3086,淤,3086,3450,yū,1
3087,苇,3087,3451,wěi,1
3088,颓,3088,3452,tuí,1
3090,踊,3090,3453,yǒng,1
3091,曙,3091,3454,shǔ,1
3092,寅,3092,3455,yín,1
3093,酪,3093,3456,lào,1
3094,芜,3094,3457,wú,1
3095,叩,3095,3458,kòu,1
3096,梧,3096,3459,wú,1
3097,沐,3097,3460,mù,1
3098,溺,3098,3461,nì,1
3099,煽,3099,3462,shān,1
3100,碘,3100,3463,diǎn,1
3102,沁,3102,3464,qìn,1
3103,绽,3103,3465,zhàn,1
3104,肋,3104,3466,lèi,1
3104,肋,3104,3467,lē,2
3105,辫,3105,3468,biàn,1
3106,寥,3106,3469,liáo,1
3107,哮,3107,3470,xiào,1
3108,翩,3108,3471,piān,1
3109,丐,3109,3472,gài,1
3110,铐,3110,3473,kào,1
3111,糙,3111,3474,cāo,1
3112,榨,3112,3475,zhà,1
3113,槐,3113,3476,huái,1
3114,埠,3114,3477,bù,1
3115,婿,3115,3478,xù,1
3116,唾,3116,3479,tuò,1
3117,猖,3117,3480,chāng,1
3118,饵,3118,3481,ěr,1
3119,畸,3119,3482,jī,1
3120,唬,3120,3483,hǔ,1
3121,吭,3121,3484,kēng,1
3121,吭,3121,3485,háng,2
3122,莺,3122,3486,yīng,1
3124,嘀,3124,3487,dí,1
3125,锥,3125,3488,zhuī,1
3126,猿,3126,3489,yuán,1
3127,逞,3127,3490,chěng,1
3128,侈,3128,3491,chǐ,1
3129,剃,3129,3492,tì,1
3130,葫,3130,3493,hú,1
3131,叽,3131,3494,jī,1
3133,晌,3133,3495,shǎng,1
3134,舔,3134,3496,tiǎn,1
3135,孽,3135,3497,niè,1
3136,祠,3136,3498,cí,1
3137,槛,3137,3499,kǎn,1
3137,槛,3137,3500,jiàn,2
3138,脯,3138,3501,fǔ,1
3138,脯,3138,3502,pú,2
3139,愕,3139,3503,è,1
3140,屉,3140,3504,tì,1
3141,呛,3141,3505,qiàng,1
3141,呛,3141,3506,qiāng,2
3142,拴,3142,3507,shuān,1
3143,皓,3143,3508,hào,1
3144,辙,3144,3509,zhé,1
3145,懦,3145,3510,nuò,1
3146,庵,3146,3511,ān,1
3147,蹭,3147,3512,cèng,1
3148,饺,3148,3513,jiǎo,1
3149,炊,3149,3514,chuī,1
3150,憨,3150,3515,hān,1
3151,惭,3151,3516,cán,1
3152,沽,3152,3517,gū,1
3153,褂,3153,3518,guà,1
3154,烙,3154,3519,lào,1
3155,褪,3155,3520,tuì,1
3155,褪,3155,3521,tùn,2
3156,聆,3156,3522,líng,1
3157,犀,3157,3523,xī,1
3158,峨,3158,3524,é,1
3158,峨,3158,3525,éméi,2
3159,茬,3159,3526,chá,1
3160,肮,3160,3527,āng,1
3161,伺,3161,3528,sì,1
3162,卤,3162,3529,lǔ,1
3163,绊,3163,3530,bàn,1
3164,蹬,3164,3531,dēng,1
3165,悖,3165,3532,bèi,1
3166,椰,3166,3533,yē,1
3167,簧,3167,3534,huáng,1
3168,窖,3168,3535,jiào,1
3169,棱,3169,3536,léng,1
3170,峭,3170,3537,qiào,1
3171,筐,3171,3538,kuāng,1
3172,黔,3172,3539,qián,1
3173,绚,3173,3540,xuàn,1
3174,婪,3174,3541,lán,1
3175,鲸,3175,3542,jīng,1
3176,筝,3176,3543,zhēng,1
3177,娄,3177,3544,lóu,1
3178,凛,3178,3545,lǐn,1
3179,霄,3179,3546,xiāo,1
3180,茸,3180,3547,róng,1
3181,葵,3181,3548,kuí,1
3182,鳄,3182,3549,è,1
3183,蝉,3183,3550,chán,1
3184,夭,3184,3551,yāo,1
3185,涕,3185,3552,tì,1
3186,璧,3186,3553,bì,1
3187,茧,3187,3554,jiǎn,1
3188,堰,3188,3555,yàn,1
3189,邑,3189,3556,yì,1
3190,唠,3190,3557,láo,1
3190,唠,3190,3558,lào,2
3191,拭,3191,3559,shì,1
3192,伶,3192,3560,líng,1
3193,匣,3193,3561,xiá,1
3194,讥,3194,3562,jī,1
3195,悯,3195,3563,mǐn,1
3196,紊,3196,3564,wěn,1
3197,睫,3197,3565,jié,1
3198,肴,3198,3566,yáo,1
3199,衙,3199,3567,yá,1
3200,踱,3200,3568,duó,1
3201,蕊,3201,3569,ruǐ,1
3202,殉,3202,3570,xùn,1
3203,痹,3203,3571,bì,1
3204,刁,3204,3572,diāo,1
3205,蛤,3205,3573,gé,1
3208,栈,3208,3574,zhàn,1
3209,漾,3209,3575,yàng,1
3210,嚎,3210,3576,háo,1
3212,斟,3212,3577,zhēn,1
3214,擂,3214,3578,léi,1
3214,擂,3214,3579,lèi,2
3215,稠,3215,3580,chóu,1
3216,诬,3216,3581,wū,1
3217,榕,3217,3582,róng,1
3218,孵,3218,3583,fū,1
3219,匾,3219,3584,biǎn,1
3221,桦,3221,3585,huà,1
3222,哆,3222,3586,chǐ,1
3223,疹,3223,3587,zhěn,1
3224,柑,3224,3588,gān,1
3225,馒,3225,3589,mántou,1
3225,馒,3225,3590,mán,2
3226,蔼,3226,3591,ǎi,1
3227,拷,3227,3592,kǎo,1
3229,碾,3229,3593,niǎn,1
3230,捎,3230,3594,shāo,1
3230,捎,3230,3595,shào,2
3231,吆,3231,3596,yāo,1
3232,衅,3232,3597,xìn,1
3233,亢,3233,3598,kàng,1
3234,荔,3234,3599,lì,1
3235,刨,3235,3600,bào,1
3235,刨,3235,3601,páo,2
3236,呻,3236,3602,shēn,1
3237,懊,3237,3603,ào,1
3238,胰,3238,3604,yí,1
3239,豚,3239,3605,tún,1
3240,桨,3240,3606,jiǎng,1
3241,舵,3241,3607,duò,1
3242,缭,3242,3608,liáo,1
3243,喳,3243,3609,zhā,1
3244,钳,3244,3610,qián,1
3245,撩,3245,3611,liāo,1
3245,撩,3245,3612,liáo,2
3246,绢,3246,3613,juàn,1
3247,锄,3247,3614,chú,1
3248,瘩,3248,3615,dá,1
3249,啰,3249,3616,luó,1
3250,酌,3250,3617,zhuó,1
3251,篱,3251,3618,lí,1
3252,腮,3252,3619,sāi,1
3253,蘑,3253,3620,mó,1
3254,猾,3254,3621,huá,1
3255,砚,3255,3622,yàn,1
3256,蔗,3256,3623,zhè,1
3257,缎,3257,3624,duàn,1
3258,晦,3258,3625,huì,1
3259,叼,3259,3626,diāo,1
3260,隘,3260,3627,ài,1
3262,脓,3262,3628,nóng,1
3263,酵,3263,3629,jiào,1
3264,撬,3264,3630,qiào,1
3265,弛,3265,3631,chí,1
3266,袄,3266,3632,ǎo,1
3267,搀,3267,3633,chān,1
3268,鸥,3268,3634,ōu,1
3269,撮,3269,3635,cuō,1
3269,撮,3269,3636,zuǒ,2
3270,簸,3270,3637,bǒ,1
3270,簸,3270,3638,bò,2
3271,倔,3271,3639,juè,1
3272,忱,3272,3640,chén,1
3273,禀,3273,3641,bǐng,1
3275,镐,3275,3642,gǎo,1
3275,镐,3275,3643,hào,2
3276,瞳,3276,3644,tóng,1
3277,毡,3277,3645,zhān,1
3278,贻,3278,3646,yí,1
3279,瘟,3279,3647,wēn,1
3280,缤,3280,3648,bīn,1
3281,陨,3281,3649,yǔn,1
3282,晾,3282,3650,liàng,1
3283,唧,3283,3651,jī,1
3284,睬,3284,3652,cǎi,1
3285,酣,3285,3653,hān,1
3286,芥,3286,3654,jiè,1
3287,庶,3287,3655,shù,1
3288,巅,3288,3656,diān,1
3289,圃,3289,3657,pǔ,1
3290,篡,3290,3658,cuàn,1
3291,耘,3291,3659,yún,1
3292,渲,3292,3660,xuàn,1
3294,祟,3294,3661,suì,1
3295,侥,3295,3662,jiǎo,1
3296,褒,3296,3663,bāo,1
3297,芋,3297,3664,yù,1
3299,镀,3299,3665,dù,1
3300,羚,3300,3666,líng,1
3301,徙,3301,3667,xǐ,1
3302,埂,3302,3668,gěng,1
3303,锚,3303,3669,máo,1
3304,赘,3304,3670,zhuì,1
3305,羹,3305,3671,gēng,1
3306,瓢,3306,3672,piáo,1
3307,茉,3307,3673,mò,1
3308,鲤,3308,3674,lǐ,1
3309,笙,3309,3675,shēng,1
3310,惰,3310,3676,duò,1
3311,捶,3311,3677,chuí,1
3312,脐,3312,3678,qí,1
3313,惦,3313,3679,diàn,1
3314,惋,3314,3680,wǎn,1
3316,忿,3316,3681,fèn,1
3317,鹊,3317,3682,què,1
3318,幌,3318,3683,huǎng,1
3319,掰,3319,3684,bāi,1
3320,淆,3320,3685,xiáo,1
3321,恬,3321,3686,tián,1
3322,褥,3322,3687,rù,1
3323,灸,3323,3688,jiǔ,1
3324,戊,3324,3689,wù,1
3325,痊,3325,3690,quán,1
3326,羔,3326,3691,gāo,1
3327,檀,3327,3692,tán,1
3328,迂,3328,3693,yū,1
3330,藕,3330,3694,ǒu,1
3331,屹,3331,3695,yì,1
3332,秆,3332,3696,gǎn,1
3335,拗,3335,3697,niù,1
3335,拗,3335,3698,ào,2
3336,坯,3336,3699,pī,1
3337,垢,3337,3700,gòu,1
3339,漱,3339,3701,shù,1
3341,骡,3341,3702,luó,1
3342,鬓,3342,3703,bìn,1
3343,箫,3343,3704,xiāo,1
3344,驮,3344,3705,tuó,1
3344,驮,3344,3706,duò,2
3345,憔,3345,3707,qiáo,1
3346,跷,3346,3708,qiāo,1
3348,蚌,3348,3709,bàng,1
3350,馋,3350,3710,chán,1
3351,瘪,3351,3711,biě,1
3351,瘪,3351,3712,biē,2
3352,赡,3352,3713,shàn,1
3353,蜗,3353,3714,wō,1
3354,诲,3354,3715,huì,1
3355,椭,3355,3716,tuǒ,1
3356,蠕,3356,3717,rú,1
3357,樟,3357,3718,zhāng,1
3358,涧,3358,3719,jiàn,1
3359,秸,3359,3720,jiē,1
3360,蜕,3360,3721,tuì,1
3361,隅,3361,3722,yú,1
3362,谤,3362,3723,bàng,1
3363,粱,3363,3724,liáng,1
3364,疟,3364,3725,nüè,1
3364,疟,3364,3726,yào,2
3365,殃,3365,3727,yāng,1
3366,囱,3366,3728,cōng,1
3367,峦,3367,3729,luán,1
3368,抠,3368,3730,kōu,1
3369,萤,3369,3731,yíng,1
3370,鳖,3370,3732,biē,1
3371,蜒,3371,3733,yán,1
3372,涮,3372,3734,shuàn,1
3373,蝗,3373,3735,huáng,1
3374,锰,3374,3736,měng,1
3375,啄,3375,3737,zhuó,1
3376,偎,3376,3738,wēi,1
3377,霎,3377,3739,shà,1
3378,跺,3378,3740,duò,1
3379,砾,3379,3741,lì,1
3380,螃,3380,3742,páng,1
3381,酗,3381,3743,xù,1
3382,糯,3382,3744,nuò,1
3383,甥,3383,3745,shēng,1
3384,吝,3384,3746,lìn,1
3385,挎,3385,3747,kuà,1
3386,痢,3386,3748,lì,1
3387,椿,3387,3749,chūn,1
3388,宦,3388,3750,huàn,1
3389,蛾,3389,3751,é,1
3390,吠,3390,3752,fèi,1
3391,掂,3391,3753,diān,1
3392,梆,3392,3754,bāng,1
3393,荤,3393,3755,hūn,1
3394,馍,3394,3756,mó,1
3395,匕,3395,3757,bǐ,1
3398,帚,3398,3758,zhǒu,1
3399,恃,3399,3759,shì,1
3400,迢,3400,3760,tiáo,1
3401,瘸,3401,3761,qué,1
3402,咄,3402,3762,duō,1
3403,鸳,3403,3763,yuān,1
3404,蹋,3404,3764,tà,1
3405,纫,3405,3765,rèn,1
3406,搔,3406,3766,sāo,1
3407,诽,3407,3767,fěi,1
3408,冗,3408,3768,rǒng,1
3410,镰,3410,3769,lián,1
3411,腋,3411,3770,yè,1
3412,抡,3412,3771,lūn,1
3412,抡,3412,3772,lún,2
3413,吮,3413,3773,shǔn,1
3414,囤,3414,3774,tún,1
3414,囤,3414,3775,dùn,2
3415,锹,3415,3776,qiāo,1
3416,唆,3416,3777,suō,1
3417,戌,3417,3778,xū,1
3419,撵,3419,3779,niǎn,1
3420,雹,3420,3780,báo,1
3421,拄,3421,3781,zhǔ,1
3422,涣,3422,3782,huàn,1
3423,苞,3423,3783,bāo,1
3425,垛,3425,3784,duò,1
3425,垛,3425,3785,duǒ,2
3427,汞,3427,3786,gǒng,1
3428,狞,3428,3787,níng,1
3429,揩,3429,3788,kāi,1
3431,捺,3431,3789,nà,1
3432,篓,3432,3790,lǒu,1
3433,佃,3433,3791,diàn,1
3433,佃,3433,3792,tián,2
3434,谚,3434,3793,yàn,1
3435,夯,3435,3794,hāng,1
3435,夯,3435,3795,bèn,2
3436,贰,3436,3796,èr,1
3437,肛,3437,3797,gāng,1
3438,臼,3438,3798,jiù,1
3439,耙,3439,3799,pá,1
3439,耙,3439,3800,bà,2
3441,巳,3441,3801,sì,1
3442,糠,3442,3802,kāng,1
3443,卯,3443,3803,mǎo,1
3444,铛,3444,3804,chēng,1
3445,缰,3445,3805,jiāng,1
3446,馏,3446,3806,liù,1
3446,馏,3446,3807,liú,2
3447,箕,3447,3808,jī,1
3448,蚓,3448,3809,yǐn,1
3449,捻,3449,3810,niǎn,1
3450,筏,3450,3811,fá,1
3451,泞,3451,3812,nìng,1
3452,跛,3452,3813,bǒ,1
3453,蚯,3453,3814,qiū,1
3454,鲫,3454,3815,jì,1
3455,蛀,3455,3816,zhù,1
3457,酉,3457,3817,yǒu,1
3458,蹂,3458,3818,róu,1
3459,蚤,3459,3819,zǎo,1
3460,馁,3460,3820,něi,1
3461,盹,3461,3821,dǔn,1
3462,舀,3462,3822,yǎo,1
3464,鳍,3464,3823,qí,1
3466,玷,3466,3824,diàn,1
3467,讹,3467,3825,é,1
3468,癣,3468,3826,xuǎn,1
3470,韭,3470,3827,jiǔ,1
3472,藐,3472,3828,miǎo,1
3473,箩,3473,3829,luó,1
3474,臊,3474,3830,sào,1
3474,臊,3474,3831,sāo,2
3475,唁,3475,3832,yàn,1
3476,茁,3476,3833,zhuó,1
3477,壬,3477,3834,rén,1
3478,壹,3478,3835,yī,1
3479,蟋,3479,3836,xī,1
3480,叁,3480,3837,sān,1
3481,榔,3481,3838,láng,1
3483,狰,3483,3839,zhēng,1
3484,谆,3484,3840,zhūn,1
3485,闰,3485,3841,rùn,1
3486,嘹,3486,3842,liáo,1
3487,玖,3487,3843,jiǔ,1
3488,癸,3488,3844,guǐ,1
3489,猬,3489,3845,wèi,1
3490,矾,3490,3846,fán,1
3491,瞭,3491,3847,liào,1
3493,蝌,3493,3848,kē,1
3494,蜈,3494,3849,wú,1
3496,豺,3496,3850,chái,1
3497,瓤,3497,3851,ráng,1
3498,捌,3498,3852,bā,1
3499,誊,3499,3853,téng,1
3500,柒,3500,3854,qī,1
