rank,cihui
30001,蔗糖
30002,缺血
30003,通宝
30004,圆锥
30005,白塔
30006,弧线
30007,铜锣
30008,胡扯
30009,水雷
30010,预知
30011,蚕豆
30012,肚脐
30013,颧骨
30014,遗志
30015,解渴
30016,换位
30017,兆头
30018,班轮
30019,大管
30020,纹理
30021,阴虚
30022,善感
30023,散热
30024,抒写
30025,洋务
30026,住家
30027,夸赞
30028,法警
30029,驰电
30030,鲜亮
30031,独孤
30032,冬至
30033,上情
30034,情缘
30035,预科
30036,英灵
30037,心血来潮
30038,马屁
30039,广阔天地
30040,雅俗共赏
30041,命中注定
30042,摹仿
30043,制黄
30044,选聘
30045,寨子
30046,拉闸
30047,平年
30048,难闻
30049,戛然
30050,鬼鬼祟祟
30051,绿化带
30052,克莱恩
30053,志愿兵
30054,堪萨斯
30055,黄鱼
30056,桥墩
30057,娇艳
30058,健步
30059,彩霞
30060,演播
30061,绝壁
30062,带宽
30063,牛虻
30064,旱作
30065,工艺流程
30066,皇甫
30067,偶而
30068,岩溶
30069,娃子
30070,秭归
30071,制版
30072,东旭
30073,扩招
30074,湖光
30075,求购
30076,美谈
30077,海老
30078,立竿见影
30079,扑倒
30080,急转直下
30081,中流砥柱
30082,古吉拉特
30083,可曾
30084,灭顶之灾
30085,外患
30086,放任自流
30087,灵验
30088,规约
30089,著文
30090,止水
30091,就寝
30092,卫星城
30093,繁花
30094,平川
30095,芝加哥大学
30096,适口
30097,前此
30098,尊老
30099,戈登
30100,南子
30101,岂知
30102,至理
30103,黄老
30104,救星
30105,吞咽
30106,剪辑
30107,妙药
30108,缺德
30109,渐次
30110,大年三十
30111,启蒙运动
30112,陈年
30113,追思
30114,土星
30115,跟班
30116,瘦长
30117,时家
30118,追逃
30119,无菌
30120,凋零
30121,苜蓿
30122,小头
30123,布列
30124,声言
30125,窃窃私语
30126,通学
30127,工质
30128,麦冬
30129,塑性
30130,屠龙
30131,优惠待遇
30132,理发师
30133,红绿灯
30134,好望角
30135,满天飞
30136,哗众取宠
30137,直接融资
30138,格雷厄姆
30139,价廉物美
30140,清闲
30141,横断
30142,德全
30143,怀揣
30144,驴子
30145,吊桥
30146,放炮
30147,播撒
30148,费工
30149,管治
30150,沟渠
30151,便服
30152,撤除
30153,票决
30154,配售
30155,计息
30156,无援
30157,影射
30158,发条
30159,威名
30160,筒子
30161,人伦
30162,砸碎
30163,痛击
30164,气短
30165,药片
30166,白种
30167,赣江
30168,时长
30169,圆盘
30170,心窝
30171,珲春
30172,养女
30173,剽窃
30174,首战告捷
30175,切切实实
30176,哈尔滨工业大学
30177,中央民族大学
30178,咔嚓
30179,四川盆地
30180,一败涂地
30181,又惊又喜
30182,摩托艇
30183,螺旋桨
30184,脑膜炎
30185,找麻烦
30186,利德
30187,林卡
30188,脏乱
30189,展评
30190,强笑
30191,悠远
30192,顽童
30193,潸然
30194,备选
30195,布点
30196,断后
30197,港客
30198,大饼
30199,飞航
30200,质感
30201,塔楼
30202,哄笑
30203,撂荒
30204,团拜
30205,好胜
30206,金明
30207,抗税
30208,健忘
30209,洒满
30210,生锈
30211,郎中
30212,渭河
30213,讯号
30214,下年
30215,诬告
30216,胜败
30217,起重机
30218,气急败坏
30219,民间故事
30220,大有裨益
30221,投工
30222,无度
30223,骤降
30224,恫吓
30225,ATM
30226,见分晓
30227,电击
30228,不怎么样
30229,风平浪静
30230,闭路电视
30231,敢死队
30232,里里外外
30233,辩护人
30234,家庭教师
30235,泛滥成灾
30236,编织袋
30237,今文
30238,烧酒
30239,刊印
30240,盘面
30241,木柴
30242,有愧
30243,分秒
30244,刀锋
30245,螺纹
30246,留日
30247,现眼
30248,散心
30249,高云
30250,状语
30251,小官
30252,受礼
30253,正路
30254,才分
30255,军运
30256,日华
30257,旁坐
30258,灵童
30259,多奇
30260,吕氏
30261,血丝
30262,闹钟
30263,顶头
30264,音箱
30265,随波逐流
30266,定案
30267,宫泽
30268,超世
30269,说不上来
30270,带下
30271,谢幕
30272,川江
30273,颅骨
30274,入阁
30275,草堂
30276,会歌
30277,关里
30278,箱包
30279,腹胀
30280,橙色
30281,善款
30282,劝导
30283,奸淫
30284,疾风
30285,罗网
30286,退位
30287,敦厚
30288,木石
30289,前倾
30290,巴拿马城
30291,怒不可遏
30292,五湖四海
30293,大众传播
30294,顿足
30295,瞑目
30296,内服
30297,益友
30298,水产业
30299,同桌
30300,沙袋
30301,改道
30302,开演
30303,升职
30304,甄别
30305,懦夫
30306,轮对
30307,结社
30308,空壳
30309,身家
30310,弹丸
30311,凉快
30312,花团锦簇
30313,轻生
30314,机修
30315,句型
30316,勤快
30317,差率
30318,筹组
30319,素食
30320,误工
30321,外转
30322,人寰
30323,说穿
30324,横空
30325,回潮
30326,主观能动性
30327,法西斯主义
30328,柳叶
30329,各负其责
30330,人所共知
30331,探询
30332,妇女运动
30333,传统工业
30334,人身保险
30335,历数
30336,戒备森严
30337,蒙特卡洛
30338,勃然大怒
30339,乱动
30340,增选
30341,贷方
30342,受辱
30343,毁损
30344,骑手
30345,江陵
30346,淡水湖
30347,当家人
30348,波特兰
30349,反季节
30350,迫切性
30351,马尔克
30352,泰戈尔
30353,企鹅
30354,意气风发
30355,解密
30356,开讲
30357,不法之徒
30358,影迷
30359,展如
30360,果阿
30361,后仰
30362,古话
30363,下泄
30364,菜油
30365,同音
30366,代课
30367,点播
30368,低音
30369,海青
30370,摇手
30371,大样
30372,厚谊
30373,叫苦不迭
30374,腰杆
30375,麻利
30376,劣迹
30377,显贵
30378,依仗
30379,像生
30380,狂怒
30381,优育
30382,置若罔闻
30383,技高一筹
30384,根底
30385,离间
30386,皮诺切特
30387,生儿育女
30388,一劳永逸
30389,养老院
30390,上下文
30391,王洪文
30392,石灰岩
30393,冒险家
30394,纪念章
30395,珊瑚礁
30396,三言两语
30397,山坳
30398,赏花
30399,完人
30400,万状
30401,葱白
30402,未卜
30403,梁漱溟
30404,福斯特
30405,进取心
30406,布洛克
30407,词人
30408,雪莱
30409,印第安纳
30410,取巧
30411,豪宅
30412,孵化器
30413,青砖
30414,声威
30415,合剂
30416,银灰
30417,仲夏
30418,阿弥陀佛
30419,冲锋陷阵
30420,步履维艰
30421,兴文
30422,装模作样
30423,转口贸易
30424,终身制
30425,黑子
30426,千岁
30427,回肠
30428,风习
30429,衣带
30430,雷泽
30431,镇痛
30432,大当
30433,伴生
30434,枝节
30435,侧翼
30436,成仁
30437,出洋
30438,放屁
30439,并合
30440,文意
30441,黑猩猩
30442,外露
30443,熬夜
30444,裁剪
30445,空门
30446,感人肺腑
30447,呼吸系统
30448,多才多艺
30449,似曾相识
30450,双管齐下
30451,点点滴滴
30452,社会形态
30453,心理医生
30454,国际主义
30455,并肩作战
30456,尼古拉斯
30457,唯物辩证法
30458,南社
30459,上苍
30460,点菜
30461,祝词
30462,倒挂
30463,泵站
30464,下种
30465,何许
30466,小卖
30467,狂人
30468,然否
30469,花序
30470,草屋
30471,内难
30472,多寡
30473,种鱼
30474,旧制
30475,负载
30476,鱼龙
30477,垂体
30478,订户
30479,时气
30480,哈迪
30481,辨析
30482,忘形
30483,抗诉
30484,逐日
30485,气盛
30486,警备区
30487,埃文斯
30488,乐融融
30489,军令状
30490,反洗钱
30491,城隍庙
30492,亲切感
30493,这么些
30494,internet
30495,摘除
30496,明治维新
30497,柴达木盆地
30498,一气呵成
30499,黄金时间
30500,粗放经营
30501,公之于众
30502,公共厕所
30503,门牌
30504,本格
30505,船票
30506,下蛋
30507,薪资
30508,耸听
30509,继父
30510,大禹
30511,心仪
30512,瑕疵
30513,可心
30514,入托
30515,减压
30516,饲草
30517,账款
30518,梯度
30519,马褂
30520,乐土
30521,通邮
30522,盛典
30523,历久
30524,师部
30525,蜡像
30526,纸烟
30527,秦文
30528,惨状
30529,爵士乐
30530,小媳妇
30531,同一性
30532,郑成功
30533,贴现率
30534,南首
30535,阻滞
30536,加冕
30537,祈福
30538,私盐
30539,中饭
30540,惊魂
30541,奖罚
30542,惩戒
30543,粘膜
30544,雨露
30545,告密
30546,除害
30547,温中
30548,苦楚
30549,墨守
30550,达信
30551,广宁
30552,笔挺
30553,风景画
30554,从宽
30555,套种
30556,满座
30557,羽翼
30558,作古
30559,呵欠
30560,利国利民
30561,尼科西亚
30562,风风火火
30563,大而全
30564,成熟期
30565,宦官
30566,疑义
30567,守势
30568,基恩
30569,阿胶
30570,找事
30571,临阵
30572,般若
30573,尽然
30574,尧舜
30575,美育
30576,发物
30577,国耻
30578,贫农
30579,课目
30580,别家
30581,枢密
30582,迷蒙
30583,深广
30584,欢愉
30585,山脊
30586,才女
30587,施暴
30588,阴天
30589,得势
30590,脑壳
30591,提款
30592,毋庸讳言
30593,群众运动
30594,安家落户
30595,头头是道
30596,震撼人心
30597,铁甲
30598,迪斯尼乐园
30599,当庭
30600,残局
30601,克莱尔
30602,行囊
30603,登报
30604,俊秀
30605,直挺挺
30606,从女
30607,赞道
30608,延安市
30609,朱子
30610,油船
30611,有头脑
30612,放款
30613,河图
30614,论理
30615,探照灯
30616,工程队
30617,承继
30618,鸡皮
30619,译著
30620,画派
30621,师公
30622,移位
30623,意会
30624,耸人听闻
30625,再犯
30626,习好
30627,林茂
30628,旗人
30629,烟气
30630,自知之明
30631,明政
30632,度数
30633,逐条
30634,诏书
30635,反转
30636,略加
30637,文瑞
30638,喷灌
30639,精气
30640,对笔
30641,省府
30642,凉意
30643,捞取
30644,奇景
30645,明早
30646,窃贼
30647,从众
30648,自卫军
30649,流浪者
30650,单身汉
30651,日本法
30652,蒲公英
30653,核废料
30654,交通警察
30655,习习
30656,传颂
30657,续签
30658,莘莘
30659,挨个
30660,打门
30661,分洪
30662,斗艳
30663,市花
30664,求证
30665,老少边穷
30666,网络经济
30667,账单
30668,合意
30669,县志
30670,精减
30671,发冷
30672,无条件投降
30673,评析
30674,旧梦
30675,志趣
30676,抬手
30677,单枪匹马
30678,山景
30679,费加罗报
30680,脑神经
30681,危言耸听
30682,积存
30683,发愣
30684,蒂克
30685,脐带
30686,治山
30687,出招儿
30688,游刃有余
30689,眉飞色舞
30690,秋田
30691,马年
30692,悲苦
30693,鱼片
30694,吃不上
30695,打出手
30696,简史
30697,熟视无睹
30698,当差
30699,新奥尔良
30700,欢呼雀跃
30701,健谈
30702,壮汉
30703,练武
30704,裤腿
30705,嫂嫂
30706,段子
30707,蓄能
30708,声儿
30709,法例
30710,改掉
30711,皇粮
30712,中牟
30713,张声
30714,眨眨
30715,国乐
30716,甲虫
30717,第一夫人
30718,力挫
30719,大顺
30720,灯饰
30721,植株
30722,自由竞争
30723,道观
30724,花花公子
30725,殷实
30726,青梅
30727,正史
30728,张灯结彩
30729,真道
30730,一字一句
30731,鹅绒
30732,吴冠中
30733,红旗渠
30734,颤巍巍
30735,头盖骨
30736,挖掘机
30737,培养基
30738,一眨眼
30739,美容院
30740,扬州市
30741,拉拉队
30742,喂食
30743,稍事
30744,开锅
30745,闻知
30746,转速
30747,后身
30748,天师
30749,收归
30750,遣散
30751,情愫
30752,希思
30753,庆元
30754,窍门
30755,酒宴
30756,抑扬
30757,总攻
30758,正电
30759,滑动
30760,军港
30761,炭火
30762,密谈
30763,对歌
30764,苦海
30765,既得利益
30766,强加于人
30767,各自为政
30768,半途而废
30769,西西里岛
30770,教职员工
30771,混进
30772,豆芽
30773,坚冰
30774,牛排
30775,换脑筋
30776,张作霖
30777,游乐园
30778,欧阳修
30779,泪汪汪
30780,居民点
30781,无怪乎
30782,寒光
30783,起兵
30784,赤水
30785,钟灵
30786,晕眩
30787,封堵
30788,单线
30789,社会教育
30790,无懈可击
30791,表面文章
30792,胆战心惊
30793,弥留之际
30794,青山绿水
30795,特科
30796,密室
30797,嬗变
30798,前朝
30799,赛况
30800,贪欲
30801,琉璃厂
30802,中计
30803,合身
30804,天窗
30805,究问
30806,袒护
30807,包产
30808,轻举
30809,小传
30810,亏空
30811,死寂
30812,脑际
30813,粮票
30814,炒勺
30815,挂断
30816,强本
30817,来事
30818,零花钱
30819,中干
30820,奴隶主
30821,开封市
30822,充血
30823,西格
30824,永年
30825,备课
30826,郊游
30827,食道
30828,逗人
30829,游弋
30830,大治
30831,不毛
30832,驻防
30833,下贱
30834,声张
30835,傲然
30836,米粒
30837,双流
30838,柴米
30839,意犹未尽
30840,移风易俗
30841,垃圾邮件
30842,花厅
30843,登陆艇
30844,想像力
30845,威海市
30846,满负荷
30847,迎头赶上
30848,封建制度
30849,应接不暇
30850,易手
30851,相生
30852,车体
30853,强能
30854,换算
30855,旮旯
30856,铁器
30857,弯道
30858,协约
30859,浩繁
30860,旁白
30861,体罚
30862,婚约
30863,野兔
30864,企望
30865,马占
30866,单兵
30867,乔迁
30868,海贝
30869,贝伦
30870,入魔
30871,缘起
30872,雷区
30873,漏斗
30874,清还
30875,面板
30876,我辈
30877,漏网
30878,机群
30879,杭州湾
30880,金环
30881,象声
30882,班达
30883,门坎
30884,逗乐
30885,清冷
30886,退职
30887,担纲
30888,德班
30889,儒教
30890,水缸
30891,际遇
30892,情义
30893,河池
30894,法本
30895,通联
30896,威吓
30897,潜质
30898,说梦
30899,溃烂
30900,五更
30901,怯生
30902,余华
30903,玉女
30904,户部
30905,甘当
30906,外遇
30907,验放
30908,竞拍
30909,不紧不慢
30910,一朝一夕
30911,昏迷不醒
30912,汗流浃背
30913,家庭妇女
30914,偷工减料
30915,圣诞老人
30916,水势
30917,直角
30918,严整
30919,百官
30920,活路
30921,即席
30922,摘编
30923,叮叮
30924,烤肉
30925,神人
30926,津门
30927,县官
30928,造势
30929,合奏
30930,脏话
30931,丽人
30932,接谈
30933,统合
30934,铁锅
30935,一准
30936,边民
30937,瓜葛
30938,怀仁堂
30939,云海
30940,斯坦利
30941,不惑之年
30942,工业设计
30943,热血沸腾
30944,身经百战
30945,悲欢离合
30946,失声痛哭
30947,公学
30948,切盼
30949,刊播
30950,逻辑思维
30951,成趣
30952,花脸
30953,大帅
30954,柴可夫斯基
30955,绯红
30956,西厢记
30957,灰蒙蒙
30958,儿童村
30959,巴哈马
30960,反向
30961,趁早
30962,橘子
30963,模棱
30964,向量
30965,大印
30966,协理
30967,游学
30968,头寸
30969,空灵
30970,插秧
30971,数不胜数
30972,关羽
30973,欺行霸市
30974,不可告人
30975,笑貌
30976,西北大学
30977,蹑手蹑脚
30978,惴惴不安
30979,胡作非为
30980,人来人往
30981,一刹那间
30982,心率
30983,水力发电
30984,鞋袜
30985,脱氧
30986,陀螺
30987,确乎
30988,安托
30989,郊野
30990,把玩
30991,震感
30992,合璧
30993,民事诉讼法
30994,新宠
30995,纯金
30996,红衣主教
30997,帮凶
30998,田埂
30999,质对
31000,靠得住
31001,信任感
31002,脚手架
31003,走资派
31004,东林
31005,实名
31006,据理力争
31007,生生不息
31008,化险为夷
31009,堆积如山
31010,麻木不仁
31011,孜孜以求
31012,笑容可掬
31013,厄尔尼诺现象
31014,打枪
31015,花盆
31016,畏难
31017,美色
31018,理数
31019,真性
31020,撞车
31021,咏叹
31022,汩汩
31023,客票
31024,男装
31025,养畜
31026,误判
31027,遗风
31028,倒流
31029,茶碗
31030,玄学
31031,短路
31032,甜味
31033,暗箱
31034,了期
31035,行乐
31036,废渣
31037,来钱
31038,盲从
31039,相公
31040,静心
31041,营帐
31042,絮叨
31043,可燃
31044,打白条
31045,马普托
31046,收购站
31047,城市群
31048,眼睑
31049,头领
31050,质证
31051,下端
31052,洗浴
31053,本末
31054,乘虚
31055,喷涌
31056,婶子
31057,摸黑
31058,水鸟
31059,拉辛
31060,病号
31061,内省
31062,皂白
31063,中国日报
31064,会亲
31065,不闻不问
31066,浮动汇率
31067,环境效益
31068,一举成名
31069,舞台艺术
31070,坐标系
31071,不作为
31072,阎锡山
31073,种智
31074,不一而足
31075,传为佳话
31076,久负盛名
31077,强电
31078,戛纳
31079,阔论
31080,毛孔
31081,怀德
31082,头阵
31083,顶棚
31084,制图
31085,股利
31086,婊子
31087,养伤
31088,茶具
31089,请缨
31090,万代
31091,青浦
31092,祸根
31093,顿挫
31094,中山装
31095,格律诗
31096,核聚变
31097,乱糟糟
31098,支撑点
31099,探问
31100,急难
31101,送客
31102,游轮
31103,拨号
31104,前胸
31105,抛锚
31106,不在话下
31107,忘恩负义
31108,希斯
31109,远隔
31110,休养生息
31111,灭鼠
31112,拉锯
31113,受热
31114,杜米
31115,丝线
31116,对号
31117,名符其实
31118,土木工程
31119,唯物史观
31120,美不胜收
31121,菜谱
31122,人才辈出
31123,大宅
31124,趴下
31125,滂沱
31126,文秘
31127,对讲机
31128,娶媳妇
31129,燃料油
31130,梁实秋
31131,佛得角
31132,MTV
31133,上药
31134,猛扑
31135,透镜
31136,细嫩
31137,溺爱
31138,闪失
31139,约稿
31140,青史
31141,改任
31142,领口
31143,专论
31144,班吉
31145,温室效应
31146,滚开
31147,山山水水
31148,再生资源
31149,人君
31150,渔人
31151,破网
31152,专才
31153,川剧
31154,师承
31155,透亮
31156,摘发
31157,马超
31158,掺假
31159,玩世不恭
31160,骤增
31161,喜鹊
31162,邢台市
31163,利斯特
31164,出毛病
31165,合同书
31166,白茫茫
31167,百叶
31168,春游
31169,济世
31170,短裙
31171,反比
31172,斤斤
31173,里手
31174,披靡
31175,气泡
31176,送货上门
31177,功亏一篑
31178,背井离乡
31179,流苏
31180,资治通鉴
31181,防渗
31182,麻绳
31183,子虚
31184,数落
31185,纸牌
31186,疑团
31187,伉俪
31188,肢解
31189,哗变
31190,特赦
31191,岁出
31192,田纳西
31193,定力
31194,忍气吞声
31195,平心而论
31196,冲垮
31197,单亲
31198,抱不平
31199,土法
31200,航速
31201,芸芸众生
31202,和暖
31203,长命
31204,鼓点
31205,绊脚
31206,国格
31207,买办
31208,莽莽
31209,入行
31210,社会意识
31211,特恩
31212,微细
31213,人墙
31214,心领神会
31215,和易
31216,风驰电掣
31217,皮帽
31218,黑森
31219,鼻祖
31220,宽限
31221,外史
31222,川地
31223,义愤填膺
31224,皇子
31225,花束
31226,坐骑
31227,汉阳
31228,一霎
31229,袋鼠
31230,硅酸
31231,本真
31232,正职
31233,标新立异
31234,天灾人祸
31235,儿歌
31236,社会群体
31237,逐鹿
31238,果老
31239,地物
31240,一网打尽
31241,明哲
31242,木瓜
31243,中江
31244,嫁娶
31245,前次
31246,授精
31247,漫谈
31248,支前
31249,大打出手
31250,黄金市场
31251,花架子
31252,商情
31253,机引
31254,真格的
31255,兵工厂
31256,大清早
31257,毙命
31258,盗掘
31259,开打
31260,范本
31261,关涉
31262,善举
31263,离岗
31264,和煦
31265,侠义
31266,水族
31267,减幅
31268,发霉
31269,交款
31270,拔腿
31271,露脸
31272,撼动
31273,空档
31274,彩带
31275,内里
31276,援手
31277,分土
31278,脏腑
31279,尽忠
31280,清流
31281,婴孩
31282,长话
31283,柔性
31284,嗤之以鼻
31285,白花花
31286,忙不迭
31287,坎贝尔
31288,视盘
31289,污吏
31290,天运
31291,厉行
31292,丢开
31293,绞刑
31294,错字
31295,自弃
31296,私藏
31297,株连
31298,卧病
31299,次品
31300,门户网站
31301,陆离
31302,名菜
31303,雪海
31304,好家伙
31305,彩排
31306,乱哄哄
31307,契诃夫
31308,不甘示弱
31309,海轮
31310,爱迪生
31311,玉雕
31312,斯大林格勒
31313,开灯
31314,割开
31315,电教
31316,夜莺
31317,锥形
31318,风月
31319,枯死
31320,形迹
31321,大捷
31322,提水
31323,两汉
31324,空置
31325,实利
31326,万端
31327,借债
31328,离队
31329,王礼
31330,小结
31331,左右为难
31332,黯然失色
31333,爱德华兹
31334,通宵达旦
31335,争分夺秒
31336,徒手
31337,懊丧
31338,应许
31339,死罪
31340,苍翠
31341,西塞
31342,季诺
31343,赴宴
31344,王会
31345,中气
31346,围垦
31347,昏黄
31348,云朵
31349,批改
31350,会水
31351,吉日
31352,呈报
31353,私货
31354,利刃
31355,盛衰
31356,女声
31357,躯干
31358,解惑
31359,绍兴市
31360,白话文
31361,核动力
31362,走后门
31363,咖啡厅
31364,扬子江
31365,拍手称快
31366,阴历
31367,肺腑之言
31368,材林
31369,戈尔巴乔夫
31370,五香
31371,过风
31372,落点
31373,周天
31374,大摇大摆
31375,松子
31376,俏销
31377,刑事法庭
31378,优等
31379,漂白
31380,遭劫
31381,达生
31382,贩假
31383,白沟
31384,机械工程
31385,莘莘学子
31386,网上购物
31387,高谈阔论
31388,篇目
31389,热望
31390,比日
31391,脱发
31392,比肩
31393,选调
31394,刊行
31395,沙田
31396,行刺
31397,壮胆
31398,嗷嗷
31399,初几
31400,堆砌
31401,宰割
31402,靠实
31403,戒心
31404,有情人
31405,黄山市
31406,库恩
31407,趋利避害
31408,大量生产
31409,望尘莫及
31410,端木
31411,兰亭
31412,意旨
31413,展露
31414,癌变
31415,中雪
31416,紧实
31417,颠沛
31418,日臻完善
31419,童装
31420,睡眼
31421,开球
31422,过望
31423,险象
31424,强音
31425,泥人
31426,毛竹
31427,电贺
31428,图样
31429,病愈
31430,下管
31431,油箱
31432,高梁
31433,原木
31434,放羊
31435,顺当
31436,大举进攻
31437,华东师范大学
31438,摇摇欲坠
31439,游人如织
31440,择偶
31441,农事
31442,子代
31443,计程车
31444,出借
31445,停建
31446,简言之
31447,亲和力
31448,大渡河
31449,大少爷
31450,大集体
31451,滚雪球
31452,伊甸园
31453,许世友
31454,小圈子
31455,抗药性
31456,造物主
31457,基因库
31458,老婆婆
31459,五保户
31460,辐射力
31461,载荷
31462,击球
31463,计议
31464,长盛不衰
31465,无所畏惧
31466,搜索引擎
31467,流民
31468,网格
31469,颈项
31470,征稿
31471,挖空心思
31472,搞乱
31473,大统
31474,聚拢
31475,船身
31476,沃勒
31477,林光
31478,膝下
31479,吊环
31480,黄白
31481,五经
31482,朱砂
31483,驯鹿
31484,取信于民
31485,催人泪下
31486,接转
31487,那达
31488,起疑
31489,羊角
31490,河湾
31491,甬道
31492,抹黑
31493,媚俗
31494,朝觐
31495,全开
31496,骡马
31497,方刚
31498,誓师
31499,根生
31500,搅乱
31501,团旗
31502,心电图
31503,书呆子
31504,刘三姐
31505,运输线
31506,脑血栓
31507,无人区
31508,第二人
31509,明丽
31510,然则
31511,赛门
31512,拟人
31513,如饥似渴
31514,粮站
31515,关税壁垒
31516,明达
31517,豁出去
31518,等不及
31519,漏勺
31520,调转
31521,外亲
31522,光彩照人
31523,压库
31524,政风
31525,坠地
31526,玉田
31527,而立之年
31528,作揖
31529,磁力
31530,熟食
31531,巫婆
31532,恍若
31533,打油
31534,黑云
31535,不翼而飞
31536,前夫
31537,描画
31538,怡然
31539,青筋
31540,玩命
31541,岂可
31542,献疑
31543,会务
31544,一五一十
31545,读法
31546,常德市
31547,格里斯
31548,隐私权
31549,等级制
31550,公检法
31551,自然美
31552,北京体育大学
31553,玩物
31554,等号
31555,宽泛
31556,柳宗元
31557,半山腰
31558,灵敏度
31559,独木桥
31560,毛茸茸
31561,马马虎虎
31562,人才战略
31563,悄无声息
31564,永嘉
31565,农人
31566,免检
31567,靶场
31568,信众
31569,鹊起
31570,脱光
31571,泱泱
31572,胜似
31573,掩藏
31574,截肢
31575,波纹
31576,精微
31577,乳酸
31578,兴师
31579,零用
31580,丹心
31581,相较
31582,便士
31583,非分
31584,探路
31585,港府
31586,儒林
31587,牛金
31588,变造
31589,发令
31590,特批
31591,知悉
31592,不可同日而语
31593,四野
31594,成色
31595,中师
31596,吐血
31597,包抄
31598,排遣
31599,挨骂
31600,浴缸
31601,涨潮
31602,直通车
31603,预演
31604,干瘪
31605,办班
31606,精进
31607,专属经济区
31608,热流
31609,呼台
31610,道场
31611,听候
31612,顺产
31613,远门
31614,比勒费尔德
31615,证言
31616,铜鼓
31617,路数
31618,点破
31619,带鱼
31620,功业
31621,评优
31622,美制
31623,合群
31624,绿党
31625,次级
31626,瓦里
31627,论价
31628,水彩画
31629,负债累累
31630,危在旦夕
31631,人浮于事
31632,飞来飞去
31633,百年大计
31634,死于非命
31635,不眠之夜
31636,注脚
31637,无言以对
31638,孤注一掷
31639,火辣辣
31640,昙花一现
31641,访问学者
31642,电视频道
31643,聚宝盆
31644,奥林匹克运动会
31645,韦斯特
31646,舞场
31647,胡言乱语
31648,公共事业
31649,卖方市场
31650,模棱两可
31651,明细账
31652,层叠
31653,卢浮宫
31654,录像片
31655,吉凶
31656,常怀
31657,对弈
31658,暖意
31659,茶座
31660,下书
31661,秀气
31662,私地
31663,凑热闹
31664,鹌鹑
31665,看破
31666,四分五裂
31667,嘴皮
31668,睾丸
31669,野味
31670,时装表演
31671,快语
31672,量规
31673,信德
31674,耕田
31675,亮节
31676,觊觎
31677,较劲
31678,石首
31679,另辟蹊径
31680,钻机
31681,雅尔塔
31682,汉堡包
31683,张德培
31684,乐工
31685,布恩
31686,承上
31687,仙子
31688,天演
31689,鬼话
31690,作呕
31691,光碟
31692,华光
31693,援外
31694,减排
31695,弥勒
31696,解忧
31697,洋面
31698,万世
31699,宏亮
31700,暗号
31701,空文
31702,氮肥
31703,消长
31704,指环
31705,闯关
31706,文德
31707,受困
31708,庆瑞
31709,退步
31710,南州
31711,猛击
31712,痛骂
31713,当口
31714,平白
31715,奇闻
31716,刷子
31717,倘使
31718,导发
31719,强令
31720,坦途
31721,蔚为壮观
31722,踱来踱去
31723,劳动条件
31724,蒙在鼓里
31725,声嘶力竭
31726,小打小闹
31727,上海大学
31728,一门心思
31729,东倒西歪
31730,独辟蹊径
31731,细作
31732,统揽
31733,驾驶证
31734,审计师
31735,格林尼治时间
31736,中国政法大学
31737,象声词
31738,行得通
31739,计算器
31740,嫣红
31741,奋起直追
31742,鲁菜
31743,宿将
31744,结伙
31745,实测
31746,进逼
31747,机头
31748,隔断
31749,圆周
31750,小觑
31751,一拍即合
31752,灵动
31753,布鲁克斯
31754,品服
31755,专稿
31756,开架
31757,爱琴海
31758,四顾
31759,受宠若惊
31760,因循守旧
31761,聊斋志异
31762,担保人
31763,硬说
31764,诀别
31765,巷战
31766,约定俗成
31767,江门市
31768,震区
31769,傅雷
31770,包工头
31771,废铁
31772,桅杆
31773,解药
31774,夷为平地
31775,昏昏沉沉
31776,停歇
31777,不端
31778,高斯
31779,无私无畏
31780,唯其
31781,爵位
31782,看客
31783,豆粉
31784,原路
31785,寂寥
31786,上坡
31787,环生
31788,绣球
31789,洞天
31790,奇峰
31791,乔装
31792,排涝
31793,国故
31794,碎裂
31795,理疗
31796,掩蔽
31797,解构
31798,猎狗
31799,公平交易
31800,旧石器时代
31801,奸细
31802,宇宙空间
31803,饼子
31804,完胜
31805,含辛茹苦
31806,南口
31807,包房
31808,听天由命
31809,打杂
31810,假肢
31811,弱项
31812,默想
31813,玩家
31814,三民主义
31815,微词
31816,苦味
31817,布展
31818,开炮
31819,王宇
31820,胃炎
31821,虫草
31822,区旗
31823,下葬
31824,转引
31825,玉门
31826,星斗
31827,声带
31828,胆囊
31829,返工
31830,花炮
31831,遵命
31832,黑道
31833,车位
31834,德本
31835,呼之欲出
31836,奶妈
31837,华阳
31838,小脑
31839,春寒
31840,金榜
31841,活埋
31842,扣球
31843,挽联
31844,排水量
31845,宝鸡市
31846,后备军
31847,火山口
31848,血小板
31849,求知欲
31850,今儿个
31851,翻身仗
31852,大家伙
31853,名不虚传
31854,南迁
31855,不孕
31856,阿婆
31857,冻僵
31858,羊肠
31859,周志
31860,靠边
31861,类风湿
31862,克里特岛
31863,格拉夫
31864,方山
31865,败类
31866,梦魇
31867,善解人意
31868,办公自动化
31869,上瘾
31870,一举两得
31871,走南闯北
31872,洋车
31873,材料科学
31874,恩典
31875,心律
31876,明宣
31877,维特根斯坦
31878,一以贯之
31879,种属
31880,吴光
31881,叶中
31882,贝克尔
31883,姑苏
31884,防火墙
31885,特种兵
31886,众目睽睽
31887,保教
31888,批租
31889,祖孙
31890,将官
31891,傻笑
31892,师妹
31893,气话
31894,电容
31895,衰亡
31896,充气
31897,走笔
31898,巢穴
31899,折子
31900,模板
31901,乳头
31902,耕牛
31903,严刑
31904,票号
31905,锃亮
31906,原故
31907,包涵
31908,权柄
31909,营私
31910,冰场
31911,巡逻艇
31912,三明治
31913,旁遮普
31914,桃花源
31915,深呼吸
31916,劳民
31917,压倒多数
31918,大后方
31919,深情厚谊
31920,传播途径
31921,无线通信
31922,联机
31923,繁体字
31924,热那亚
31925,一溜烟
31926,发话
31927,痹症
31928,如醉如痴
31929,炙手可热
31930,罹患
31931,燕窝
31932,迎击
31933,迎送
31934,身孕
31935,果菜
31936,围拢
31937,不睬
31938,弹片
31939,青道
31940,乙方
31941,禁书
31942,珍奇
31943,水上运动
31944,技工学校
31945,套管
31946,救急
31947,标书
31948,忠孝
31949,精液
31950,空腹
31951,宰客
31952,含情
31953,线材
31954,伤财
31955,趣闻
31956,牵牛
31957,浮沉
31958,降压
31959,盟约
31960,抽动
31961,价目
31962,街垒
31963,起价
31964,仰视
31965,市引
31966,务期
31967,麻辣
31968,巴东
31969,红细胞
31970,口香糖
31971,储备粮
31972,大半天
31973,电动机
31974,经济核算
31975,接合
31976,认作
31977,至诚
31978,法身
31979,接物
31980,隔热
31981,悲痛欲绝
31982,潦草
31983,时点
31984,摇身一变
31985,爱丽舍宫
31986,汪洋大海
31987,病根
31988,暮年
31989,裤带
31990,佛性
31991,云烟
31992,伯德
31993,哑然
31994,柯克
31995,着凉
31996,伤病员
31997,上气不接下气
31998,北京话
31999,语文学
32000,粼粼
32001,周信芳
32002,西乡
32003,豆制品
32004,小曲
32005,奔逃
32006,闲适
32007,音变
32008,行话
32009,虚无主义
32010,推心置腹
32011,见多识广
32012,形影不离
32013,惊叹不已
32014,百事可乐
32015,满文
32016,衣兜
32017,正眼
32018,提箱
32019,改嫁
32020,贴画
32021,赝品
32022,天良
32023,秦可卿
32024,亚裔
32025,转干
32026,怕事
32027,军礼
32028,英亩
32029,肖邦
32030,头名
32031,罗蒂
32032,压轴
32033,过午
32034,鼻腔
32035,拨弄
32036,鸟瞰
32037,小号
32038,唱法
32039,云水
32040,取乐
32041,牵手
32042,污点
32043,根植
32044,林产品
32045,明仁
32046,化痰
32047,成瘾
32048,盐碱地
32049,手风琴
32050,特困生
32051,乔伊斯
32052,倏地
32053,主题歌
32054,没好气
32055,所由
32056,于越
32057,红宝石
32058,举债
32059,张衡
32060,茶楼
32061,歉疚
32062,吴晗
32063,学籍
32064,无地自容
32065,各显神通
32066,山泉
32067,那门
32068,暗黑
32069,格布
32070,君士坦丁
32071,愁容
32072,困顿
32073,东珠
32074,军种
32075,火情
32076,开卷
32077,没趣
32078,过钱
32079,在堂
32080,碍事
32081,教鞭
32082,发廊
32083,异物
32084,套间
32085,合龙
32086,拼杀
32087,冬泳
32088,页岩
32089,蹩脚
32090,调情
32091,替身
32092,地堡
32093,科员
32094,帕斯卡
32095,南威
32096,扳机
32097,形象化
32098,中间商
32099,磁石
32100,短命
32101,违宪
32102,坦平
32103,衰微
32104,伽马
32105,帕潘德里欧
32106,梅子
32107,人声鼎沸
32108,争购
32109,谈情说爱
32110,猪肝
32111,平起平坐
32112,滴灌
32113,轻重缓急
32114,金红
32115,公私合营
32116,本岛
32117,头晕目眩
32118,烟海
32119,异族
32120,拉客
32121,赤手
32122,神思
32123,安插
32124,韧带
32125,直爽
32126,愧对
32127,网络版
32128,信息学
32129,节骨眼
32130,对抗性
32131,耐用品
32132,黄褐色
32133,亲兄弟
32134,舌尖
32135,如痴如醉
32136,执迷不悟
32137,工业产权
32138,氯气
32139,不明不白
32140,战斗英雄
32141,古典主义
32142,摩加迪沙
32143,通融
32144,手扶拖拉机
32145,卡丹
32146,秋粮
32147,钾肥
32148,撇嘴
32149,隔夜
32150,自恃
32151,肾病
32152,高阁
32153,开票
32154,蛀虫
32155,密电
32156,闹着玩
32157,干渴
32158,憾事
32159,党费
32160,陈绍
32161,城头
32162,念道
32163,洞开
32164,六腑
32165,彼时
32166,打从
32167,早退
32168,舅父
32169,故去
32170,五常
32171,龙虾
32172,毕恭毕敬
32173,称心如意
32174,首创精神
32175,装货
32176,播映
32177,雪松
32178,加尔各答
32179,真才实学
32180,释疑
32181,毛虫
32182,闽江
32183,立足之地
32184,知会
32185,赵氏
32186,南阳市
32187,怯生生
32188,教练机
32189,派克
32190,病理学
32191,小指
32192,惠特曼
32193,原值
32194,布依族
32195,准噶尔
32196,预备队
32197,菱形
32198,霸气
32199,浮想
32200,新约
32201,马行
32202,排灌
32203,出格
32204,发痒
32205,尖顶
32206,松口
32207,浏览器
32208,强台风
32209,排他性
32210,祖父母
32211,低俗
32212,价码
32213,抹布
32214,国号
32215,保生
32216,水涨船高
32217,过奖
32218,生机盎然
32219,行政诉讼法
32220,岗位责任制
32221,顶撞
32222,补血
32223,火警
32224,鹅毛
32225,东都
32226,海流
32227,边角
32228,有求必应
32229,战鼓
32230,粗布
32231,立柱
32232,安好
32233,币制
32234,名数
32235,微调
32236,抽筋
32237,且慢
32238,车灯
32239,口快
32240,灾变
32241,伪证
32242,三姑
32243,河工
32244,棋艺
32245,彩印
32246,梵蒂冈
32247,枣庄市
32248,趋之若鹜
32249,卡拉斯
32250,聚合物
32251,平分秋色
32252,开足马力
32253,据为己有
32254,海阔天空
32255,胜算
32256,如虎添翼
32257,内伊
32258,女伴
32259,阳电
32260,下女
32261,贫贱
32262,阴沟
32263,渡轮
32264,贩黄
32265,佳丽
32266,通观
32267,国贼
32268,湖广
32269,胡克
32270,托盘
32271,人迹罕至
32272,五方
32273,腰缠
32274,大毛
32275,星河
32276,蒙混
32277,宅子
32278,升班
32279,闻所未闻
32280,汗毛
32281,考量
32282,有口皆碑
32283,不省人事
32284,核力
32285,凉鞋
32286,稍许
32287,雷恩
32288,漱口
32289,镇子
32290,隐士
32291,北卡罗来纳
32292,妹夫
32293,退票
32294,浴池
32295,安子
32296,全食
32297,西头
32298,栈道
32299,豆角
32300,铁壁
32301,俊俏
32302,午休
32303,谜语
32304,附注
32305,接产
32306,伪满
32307,竞猜
32308,证认
32309,聋子
32310,山茶
32311,谜团
32312,听凭
32313,水浴
32314,报数
32315,球鞋
32316,赫伯特
32317,超自然
32318,恬淡
32319,卫生员
32320,军火库
32321,妖怪
32322,丝织品
32323,亚丁
32324,国际歌
32325,拉合尔
32326,义旗
32327,慎用
32328,变体
32329,虚惊
32330,不过如此
32331,稳扎稳打
32332,贪官污吏
32333,产业工人
32334,纯化
32335,杂念
32336,眼疾
32337,出丑
32338,红斑
32339,麻风
32340,石棉
32341,赫兹
32342,过路人
32343,新贵
32344,暴虐
32345,天底下
32346,指摘
32347,絮絮
32348,私斗
32349,隐没
32350,百合花
32351,敲锣打鼓
32352,西口
32353,力戒
32354,旱烟
32355,乍看
32356,女垒
32357,上声
32358,男女老幼
32359,菲薄
32360,复合材料
32361,无法无天
32362,龌龊
32363,皇族
32364,休渔
32365,语素
32366,军功
32367,养心
32368,推托
32369,推定
32370,杰特
32371,山包
32372,鸟笼
32373,上菜
32374,马鞭
32375,砖石
32376,小海
32377,转卖
32378,骰子
32379,国闻
32380,无趣
32381,锯齿
32382,卖艺
32383,水闸
32384,胶合板
32385,上下级
32386,装甲兵
32387,猕猴桃
32388,居留权
32389,当事者
32390,万元户
32391,民俗学
32392,旧体诗
32393,驳壳枪
32394,不甘寂寞
32395,贩私
32396,间日
32397,校服
32398,强征
32399,留成
32400,从化
32401,手快
32402,蓝田
32403,悍然
32404,对角
32405,断奶
32406,期市
32407,碰面
32408,嘻笑
32409,礼赞
32410,置之度外
32411,辩说
32412,现钱
32413,山地车
32414,家眷
32415,奚落
32416,海登
32417,密歇根
32418,联翩
32419,爬坡
32420,青苔
32421,巨细
32422,孙儿
32423,凋谢
32424,偷闲
32425,英发
32426,待处
32427,商洽
32428,茶房
32429,波荡
32430,叫法
32431,债台
32432,加码
32433,西半球
32434,英豪
32435,久经考验
32436,扶老携幼
32437,艺术学校
32438,原来如此
32439,嗓子眼
32440,岂有此理
32441,金丝猴
32442,处女地
32443,心事重重
32444,衣衫褴褛
32445,人民委员会
32446,氧化铝
32447,民治
32448,家丁
32449,辞别
32450,全速
32451,滑石
32452,高蛋白
32453,遗骨
32454,开裂
32455,转账
32456,处方药
32457,妙计
32458,涨落
32459,盆子
32460,零落
32461,假钞
32462,危亡
32463,娶妻
32464,糊弄
32465,彩陶
32466,白吃
32467,开闸
32468,两鬓
32469,日记本
32470,宋史
32471,活字
32472,揭阳
32473,裤腰
32474,动土
32475,剂型
32476,天年
32477,螺蛳
32478,鸣响
32479,人生哲学
32480,千钧一发
32481,贝肯鲍尔
32482,奔走相告
32483,含糊不清
32484,各得其所
32485,薄利多销
32486,治所
32487,张岱
32488,分值
32489,岂料
32490,不堪回首
32491,斗智
32492,钱款
32493,家系
32494,肉麻
32495,投足
32496,古装
32497,襟怀
32498,艾略特
32499,伪善
32500,衣橱
32501,肠炎
32502,有旧
32503,利市
32504,首映式
32505,怀恨
32506,大弟
32507,司务
32508,土工
32509,旅游车
32510,蓝本
32511,对半
32512,惺惺
32513,选修课
32514,脚板
32515,粤语
32516,黏膜
32517,谋士
32518,陈省身
32519,拿不准
32520,奖券
32521,乐音
32522,长性
32523,女相
32524,农业国
32525,花轿
32526,水箱
32527,门警
32528,迅雷
32529,囚徒
32530,柴草
32531,气韵
32532,暖冬
32533,驳船
32534,养神
32535,高枕
32536,言简意赅
32537,定时炸弹
32538,安安静静
32539,神采奕奕
32540,散件
32541,嘉兴市
32542,医书
32543,守时
32544,逃兵
32545,闹翻
32546,敬请
32547,卷子
32548,强起
32549,底数
32550,学长
32551,酬劳
32552,干政
32553,不做声
32554,喀斯特
32555,细胞核
32556,企业自主权
32557,脚本
32558,朝山
32559,终选
32560,活脱
32561,南浦
32562,附设
32563,尿布
32564,山梁
32565,乐府
32566,走样
32567,蒙昧
32568,圆滑
32569,耗油
32570,广众
32571,从优
32572,肉身
32573,夜战
32574,妙处
32575,收存
32576,邮轮
32577,剥皮
32578,润泽
32579,俞平伯
32580,肥水
32581,水师
32582,脱销
32583,尿液
32584,GNP
32585,林农
32586,马杜
32587,李冰
32588,古文字
32589,必经之路
32590,大雅之堂
32591,走下坡路
32592,防毒面具
32593,原原本本
32594,林林总总
32595,拳打脚踢
32596,真心诚意
32597,股价指数
32598,候审
32599,神道
32600,复学
32601,暴跳
32602,申购
32603,勾销
32604,牛粪
32605,剑术
32606,夏侯
32607,会旗
32608,柔韧
32609,母性
32610,无性
32611,马洛
32612,甲醛
32613,合谋
32614,自视
32615,布面
32616,桑叶
32617,方程式赛车
32618,撒哈拉沙漠
32619,吴健雄
32620,西子湖
32621,东营市
32622,侯宝林
32623,新名词
32624,玫瑰色
32625,满天星
32626,卧薪尝胆
32627,论资排辈
32628,空间科学
32629,毁于一旦
32630,惊涛骇浪
32631,莱斯特
32632,忽必烈
32633,王安忆
32634,中国结
32635,王连
32636,口传
32637,黑心
32638,强占
32639,投毒
32640,大庭
32641,明晃晃
32642,门楣
32643,后海
32644,孝感
32645,少尉
32646,旅人
32647,疯癫
32648,娼妓
32649,斯塔尔
32650,失笑
32651,启齿
32652,杰伊
32653,短视
32654,待毙
32655,矮胖
32656,单程
32657,复检
32658,熄火
32659,腾达
32660,箭步
32661,天青
32662,害臊
32663,唱词
32664,瘦身
32665,幻化
32666,萤火
32667,干扰素
32668,仙人掌
32669,会员制
32670,结束语
32671,大提琴
32672,大元帅
32673,双刃剑
32674,除尘
32675,达哈
32676,老牛
32677,药丸
32678,枯黄
32679,白卷
32680,驻留
32681,巷口
32682,何干
32683,广厦
32684,凸起
32685,缝补
32686,辑录
32687,小布
32688,心软
32689,阿里地区
32690,腌制
32691,人贩子
32692,斯特拉斯堡
32693,上梁
32694,奇功
32695,长头
32696,账号
32697,十有八九
32698,死去活来
32699,前仆后继
32700,信誓旦旦
32701,三足鼎立
32702,痛不欲生
32703,二十四史
32704,用项
32705,一丝一毫
32706,哭哭啼啼
32707,城邑
32708,超产
32709,婚恋
32710,抄收
32711,批语
32712,中局
32713,散记
32714,珠光
32715,过来人
32716,私生子
32717,林网
32718,黄灵
32719,今昔
32720,男婴
32721,刺探
32722,海船
32723,纯熟
32724,价差
32725,何曾
32726,混同
32727,苟且
32728,育肥
32729,洋相
32730,能工巧匠
32731,排山倒海
32732,虎视眈眈
32733,光合作用
32734,胶鞋
32735,人工增雨
32736,大肠杆菌
32737,快适
32738,翻修
32739,银器
32740,海选
32741,船东
32742,海堤
32743,理气
32744,崂山
32745,舌苔
32746,选任
32747,浸湿
32748,猎奇
32749,主次
32750,私通
32751,变心
32752,笑谈
32753,支局
32754,尺子
32755,冒火
32756,远达
32757,付方
32758,敛财
32759,办事员
32760,HIV
32761,画外音
32762,精加工
32763,聚乙烯
32764,楹联
32765,食管
32766,恒温
32767,心上人
32768,祸患
32769,打散
32770,褥子
32771,人尽其才
32772,怦然心动
32773,肃静
32774,三天两头
32775,石油气
32776,连绵不断
32777,穷乡僻壤
32778,头面人物
32779,扶摇直上
32780,欧洲共同体
32781,出奇制胜
32782,忍辱负重
32783,回溯
32784,北河
32785,锡安
32786,开班
32787,乐都
32788,描摹
32789,利欲
32790,联展
32791,基什
32792,飞车
32793,披红
32794,袒露
32795,肉馅
32796,数罪并罚
32797,刺史
32798,补语
32799,黄光
32800,五岳
32801,原话
32802,海子
32803,金条
32804,尽力而为
32805,抽身
32806,校规
32807,长袖
32808,狂轰滥炸
32809,职业高中
32810,登峰造极
32811,数一数二
32812,无计可施
32813,千言万语
32814,工作证
32815,霎时间
32816,不尽然
32817,再教育
32818,掷地有声
32819,飞虎队
32820,恰帕斯
32821,叔本华
32822,内华达
32823,蒙特雷
32824,蒲松龄
32825,不着边际
32826,音质
32827,丑事
32828,网管
32829,爱怜
32830,尖兵
32831,识者
32832,苎麻
32833,老来
32834,割让
32835,墩子
32836,经脉
32837,沙洲
32838,幸得
32839,兴化
32840,偏于
32841,释法
32842,卡伦
32843,恒河
32844,赐福
32845,麦芽
32846,密闭
32847,内化
32848,向火
32849,支取
32850,呢绒
32851,栽倒
32852,屠刀
32853,秃头
32854,殷红
32855,摸爬滚打
32856,一炮打响
32857,搞定
32858,志在必得
32859,怪兽
32860,薄雾
32861,异曲同工
32862,当关
32863,相认
32864,坏账
32865,三废
32866,万般无奈
32867,特聘
32868,供认不讳
32869,内查
32870,收方
32871,自珍
32872,盛唐
32873,蚊帐
32874,健美操
32875,胡耀邦
32876,肾上腺
32877,反悔
32878,密苏里
32879,师德
32880,安大略
32881,邮递员
32882,失当
32883,莫须有
32884,进尺
32885,穷凶极恶
32886,伯克利
32887,误事
32888,传话
32889,案由
32890,鞋带
32891,胡琴
32892,译员
32893,尽显
32894,拆解
32895,忧思
32896,劝解
32897,长驱直入
32898,铺摊
32899,木马
32900,斯图尔特
32901,西装革履
32902,灵活运用
32903,一往无前
32904,深不可测
32905,世界末日
32906,背信
32907,纳米材料
32908,功利主义
32909,看守内阁
32910,虚张声势
32911,不由分说
32912,心迹
32913,星相
32914,乘法
32915,下首
32916,残缺不全
32917,为非作歹
32918,合同工
32919,一拥而上
32920,小豆
32921,寄存
32922,山岳
32923,恼人
32924,焦黄
32925,泉涌
32926,寄信
32927,正手
32928,花茶
32929,讹诈
32930,烘烤
32931,炎帝
32932,哀号
32933,怪罪
32934,撞见
32935,魔幻
32936,验看
32937,高材
32938,速度滑冰
32939,打颤
32940,则声
32941,会门
32942,下道
32943,切记
32944,尉迟
32945,临淄
32946,签注
32947,风骨
32948,偏西
32949,吟咏
32950,劳驾
32951,图式
32952,骨化
32953,特德
32954,废寝忘食
32955,勤工助学
32956,尽收眼底
32957,年逾古稀
32958,热情奔放
32959,言谈举止
32960,包罗万象
32961,指手画脚
32962,艺术手法
32963,学以致用
32964,马格里布
32965,黑洞洞
32966,刘海粟
32967,剧中人
32968,中华鲟
32969,儿童剧
32970,赣州市
32971,天鹅绒
32972,哥儿们
32973,黑乎乎
32974,国父
32975,工段
32976,饱览
32977,志书
32978,乐生
32979,困倦
32980,职高
32981,花期
32982,隔离带
32983,远亲
32984,博古
32985,招惹
32986,从打
32987,圆寂
32988,椎骨
32989,挟持
32990,官商
32991,长波
32992,荣任
32993,固本
32994,力证
32995,搅动
32996,万不得已
32997,晕头转向
32998,财大气粗
32999,天文数字
33000,双面
33001,茴香
33002,喊话
33003,永昌
33004,阶级性
33005,说笑话
33006,劳民伤财
33007,纸上谈兵
33008,下士
33009,编发
33010,药残
33011,对撞机
33012,高风亮节
33013,东三省
33014,嘉峪关
33015,冷不防
33016,赤子之心
33017,猎取
33018,精悍
33019,封口
33020,糜烂
33021,金针
33022,蛋壳
33023,担惊
33024,亲善
33025,校改
33026,底色
33027,高压电
33028,封锁线
33029,麻醉药
33030,李商隐
33031,曼海姆
33032,无所顾忌
33033,灵丹妙药
33034,诉诸武力
33035,冠冕堂皇
33036,荣辱与共
33037,青黄不接
33038,仿造
33039,树影
33040,阳山
33041,红霞
33042,鸿雁
33043,民族资产阶级
33044,蒸笼
33045,投档
33046,杜丽
33047,清瘦
33048,影楼
33049,腰板
33050,躯壳
33051,护领
33052,阳风
33053,球面
33054,柳林
33055,明暗
33056,室温
33057,统包
33058,户头
33059,井底
33060,投劳
33061,软盘
33062,蒙巴萨
33063,国有化
33064,廖承志
33065,往天
33066,开诚布公
33067,扬手
33068,据守
33069,病假
33070,奔命
33071,名存实亡
33072,会试
33073,末路
33074,梗阻
33075,罪大恶极
33076,充任
33077,文心雕龙
33078,榕树
33079,冲杀
33080,丈人
33081,急火
33082,关防
33083,不肖
33084,刀法
33085,将信将疑
33086,采样
33087,翻飞
33088,阿谀
33089,挎包
33090,莞尔
33091,期价
33092,楚天
33093,退换
33094,后援
33095,鳞片
33096,茶道
33097,巴扎
33098,谋面
33099,回手
33100,松绑
33101,版税
33102,悼词
33103,涵洞
33104,王莲
33105,市盈率
33106,易拉罐
33107,教学法
33108,济宁市
33109,添彩
33110,译介
33111,略过
33112,神魂颠倒
33113,大小姐
33114,公祭
33115,交口称赞
33116,举荐
33117,灵便
33118,走兽
33119,孔庙
33120,手下人
33121,那得
33122,香喷喷
33123,波普尔
33124,公益金
33125,天真烂漫
33126,普鲁斯特
33127,阳平
33128,暴露无遗
33129,原始积累
33130,军械
33131,副署
33132,低级趣味
33133,惠普公司
33134,自动步枪
33135,无线电波
33136,青红皂白
33137,胜率
33138,野餐
33139,遗属
33140,留职
33141,摄政
33142,早市
33143,溢价
33144,磨蹭
33145,杂耍
33146,唐僧
33147,华罗庚
33148,泰华
33149,统购
33150,处刑
33151,基础课
33152,绊脚石
33153,等极
33154,数数
33155,疏离
33156,骨节
33157,倍数
33158,电子游戏机
33159,绝对化
33160,唐突
33161,凉气
33162,果决
33163,中士
33164,旧习
33165,噪声污染
33166,无可挑剔
33167,不治之症
33168,百思不得其解
33169,前嫌
33170,拍子
33171,势能
33172,佃户
33173,妙龄
33174,同姓
33175,导言
33176,捣蛋
33177,胎生
33178,粘贴
33179,票友
33180,耐火材料
33181,张思德
33182,圣战者
33183,大肚子
33184,照相馆
33185,花蕾
33186,汉白玉
33187,意识流
33188,文化课
33189,扩大化
33190,疑案
33191,电告
33192,借故
33193,采暖
33194,施事
33195,掉队
33196,爱神
33197,探查
33198,合音
33199,浅色
33200,任天
33201,水潭
33202,越级
33203,墓园
33204,飘散
33205,小憩
33206,洋洋得意
33207,饮誉
33208,整齐划一
33209,去任
33210,造册
33211,出界
33212,烦琐
33213,胶布
33214,风灾
33215,顺路
33216,磷肥
33217,干果
33218,猛力
33219,拜堂
33220,旁若无人
33221,字音
33222,茶点
33223,化子
33224,前列腺癌
33225,无孔不入
33226,塞舌尔
33227,等离子体
33228,家破人亡
33229,闺秀
33230,新貌
33231,程序设计
33232,漆器
33233,落寞
33234,形象大使
33235,不怀好意
33236,老妪
33237,玻璃钢
33238,背地里
33239,农副业
33240,小天地
33241,乖巧
33242,里许
33243,看头
33244,诸般
33245,土豪
33246,白河
33247,赠予
33248,让与
33249,追兵
33250,索伦
33251,任所
33252,特刊
33253,数列
33254,助阵
33255,快慰
33256,带状
33257,不务正业
33258,木牌
33259,大总统
33260,鹅卵石
33261,日程表
33262,赶时髦
33263,交汇点
33264,拉网式
33265,曾祖父
33266,埃里克松
33267,妙趣横生
33268,融会贯通
33269,莫衷一是
33270,轻举妄动
33271,未竟
33272,碰运气
33273,慨然
33274,页面
33275,气虚
33276,小角
33277,水乳
33278,古物
33279,离骚
33280,胶着
33281,婆媳
33282,罗文
33283,探秘
33284,管管
33285,佝偻
33286,周礼
33287,门牙
33288,牙医
33289,德化
33290,虎将
33291,猛打
33292,下陷
33293,可叹
33294,圆月
33295,火急
33296,验尸
33297,座车
33298,缉捕
33299,拜谒
33300,国钧
33301,通海
33302,霍地
33303,驸马
33304,万恶
33305,差劲
33306,庞杂
33307,黑熊
33308,新芬党
33309,大白天
33310,MP3
33311,满洲国
33312,空泛
33313,北岛
33314,神采飞扬
33315,大汗淋漓
33316,心狠
33317,默里
33318,瘴气
33319,不足为怪
33320,心服口服
33321,务使
33322,拉丁语
33323,特级教师
33324,伏明霞
33325,干活儿
33326,说白了
33327,步测
33328,误入歧途
33329,怨声载道
33330,送还
33331,拖车
33332,铁打
33333,入秋
33334,那许
33335,娜娜
33336,追堵
33337,钢轨
33338,访客
33339,寄养
33340,朱文
33341,自感
33342,换装
33343,难以估量
33344,复式
33345,信息科学
33346,新新
33347,上海书店
33348,信笺
33349,邋遢
33350,血案
33351,标尺
33352,三番五次
33353,洁身
33354,统支
33355,女尸
33356,顺民
33357,泡菜
33358,住持
33359,匠人
33360,WHO
33361,岷江
33362,戳穿
33363,肉搏
33364,横竖
33365,倦怠
33366,大患
33367,辨识
33368,刀口
33369,冒进
33370,脊柱
33371,耻笑
33372,岔路
33373,仙台
33374,斜眼
33375,转化率
33376,襁褓
33377,曲直
33378,香槟酒
33379,乐山大佛
33380,胆小鬼
33381,存储器
33382,劳务费
33383,响当当
33384,脑溢血
33385,慢悠悠
33386,主页
33387,死缓
33388,造句
33389,西京
33390,易安
33391,味觉
33392,陆陆
33393,史馆
33394,聚酯
33395,体液
33396,悲叹
33397,南昌起义
33398,心心相印
33399,稀奇古怪
33400,北京理工大学
33401,驰名中外
33402,百废待兴
33403,一扫而光
33404,安西
33405,箩筐
33406,第二职业
33407,无所不包
33408,娱乐城
33409,接待日
33410,峰峦
33411,匪夷所思
33412,如日中天
33413,风餐露宿
33414,症结所在
33415,日积月累
33416,可比价格
33417,汹涌澎湃
33418,奇形怪状
33419,甘油
33420,荞麦
33421,落子
33422,桔梗
33423,肥力
33424,海斯
33425,受敌
33426,裤裆
33427,呵斥
33428,月均
33429,钩子
33430,马军
33431,没底
33432,野火
33433,拜佛
33434,威震
33435,古方
33436,没空
33437,中堂
33438,苦劳
33439,海派
33440,渔网
33441,承蒙
33442,混混
33443,相恋
33444,大幸
33445,留置
33446,懵懂
33447,海龟
33448,超量
33449,动漫
33450,林园
33451,发髻
33452,婉拒
33453,新华通讯社
33454,宏达
33455,中山陵
33456,发烧友
33457,皇太后
33458,热腾腾
33459,小两口
33460,升班马
33461,嫩绿
33462,公物
33463,德威
33464,末节
33465,风湿病
33466,留声机
33467,文治
33468,排解
33469,达观
33470,浮华
33471,发落
33472,外轮
33473,神曲
33474,所向披靡
33475,不齿
33476,求治
33477,回暖
33478,和颜悦色
33479,名茶
33480,墙脚
33481,顶天立地
33482,基座
33483,大肉
33484,挥汗
33485,酒气
33486,振振有词
33487,柔顺
33488,长脸
33489,专集
33490,越加
33491,县令
33492,皮袄
33493,骗术
33494,困窘
33495,铺面
33496,成器
33497,成仙
33498,文电
33499,浪涛
33500,典章
33501,苏俄
33502,叶挺
33503,引子
33504,革除
33505,种别
33506,摊牌
33507,僧众
33508,搂抱
33509,血肉模糊
33510,对销
33511,野史
33512,结账
33513,真理报
33514,辘辘
33515,婚庆
33516,涉世
33517,酒醉
33518,印刷业
33519,丹东市
33520,里恩
33521,车流量
33522,本溪市
33523,拘留所
33524,商标权
33525,嚎啕大哭
33526,稻草人
33527,校园文化
33528,步履艰难
33529,美中不足
33530,以远
33531,苍劲
33532,开航
33533,才艺
33534,昏厥
33535,论丛
33536,四溅
33537,军粮
33538,记念
33539,淅沥
33540,海盐
33541,峰值
33542,较真
33543,不遂
33544,斗室
33545,雪水
33546,寸铁
33547,散户
33548,关金
33549,留名
33550,觉心
33551,酸菜
33552,散场
33553,白旗
33554,外孙女
33555,窈窕
33556,外皮
33557,萨伊
33558,戎装
33559,池田
33560,请勿
33561,风衣
33562,退避
33563,卫生所
33564,更衣室
33565,移情
33566,金戈
33567,骨灰盒
33568,牙科
33569,作痛
33570,岩壁
33571,拉斐尔
33572,星夜
33573,避讳
33574,锦衣
33575,英武
33576,娃儿
33577,树冠
33578,体式
33579,内转
33580,检视
33581,作伪
33582,喜酒
33583,血浓于水
33584,强强联合
33585,财政危机
33586,患难与共
33587,南来北往
33588,寻欢作乐
33589,粉身碎骨
33590,忘乎所以
33591,调兵遣将
33592,神秘莫测
33593,时过境迁
33594,唐玄宗
33595,神秘感
33596,信息库
33597,冯小刚
33598,再认识
33599,庄稼汉
33600,精确度
33601,目的性
33602,无公害蔬菜
33603,帝制
33604,帮工
33605,衰减
33606,字书
33607,罪情
33608,婚宴
33609,式微
33610,圣日
33611,破竹
33612,转录
33613,界河
33614,哨子
33615,哀痛
33616,暴怒
33617,白果
33618,卷曲
33619,蛟龙
33620,格法
33621,揶揄
33622,传情
33623,二副
33624,孺子
33625,疾驶
33626,飞播
33627,极品
33628,游移
33629,桑田
33630,重见天日
33631,党课
33632,拉链
33633,不碍
33634,蓬乱
33635,报偿
33636,简明扼要
33637,大公无私
33638,福特汽车公司
33639,炉火纯青
33640,充作
33641,山海经
33642,双鹿
33643,贯串
33644,衰变
33645,无暇顾及
33646,回心转意
33647,矍铄
33648,总责
33649,预设
33650,祖马
33651,开园
33652,称誉
33653,开说
33654,听之任之
33655,展室
33656,全优
33657,磁悬浮列车
33658,珍本
33659,赏月
33660,街角
33661,来劲
33662,谎报
33663,寿终
33664,闪光灯
33665,砸烂
33666,铺位
33667,简捷
33668,正方形
33669,三字经
33670,金相
33671,颓然
33672,松涛
33673,毒草
33674,麻纺
33675,麦秸
33676,客座教授
33677,称臣
33678,白龙
33679,屋面
33680,领路
33681,登临
33682,吹打
33683,燕麦
33684,君主制
33685,枫叶
33686,开胃
33687,古铜
33688,记要
33689,作陪
33690,退款
33691,老师傅
33692,音容笑貌
33693,深受其害
33694,猝不及防
33695,小巧玲珑
33696,笑容满面
33697,心灰意冷
33698,随机应变
33699,八仙过海
33700,北京航空航天大学
33701,光柱
33702,月琴
33703,回放
33704,天幕
33705,智囊团
33706,发配
33707,养父母
33708,面食
33709,船尾
33710,拾零
33711,苦寒
33712,英名
33713,普朗克
33714,行东
33715,无价之宝
33716,相扑
33717,相为
33718,门神
33719,把口儿
33720,莅临
33721,全职
33722,腰鼓
33723,农时
33724,颓丧
33725,山芋
33726,社稷
33727,脸膛
33728,头颈
33729,耳鸣
33730,万安
33731,俏丽
33732,跟从
33733,长住
33734,踏板
33735,白干
33736,锦西
33737,粗粗
33738,防区
33739,楷书
33740,亏待
33741,菜馆
33742,律学
33743,休憩
33744,天宇
33745,零度
33746,价值连城
33747,斤斤计较
33748,不置可否
33749,斯拉夫人
33750,合而为一
33751,侦探小说
33752,两弹一星
33753,NMD
33754,甥女
33755,甲等
33756,大功告成
33757,私了
33758,中饱
33759,同义词
33760,打电报
33761,抵押金
33762,断头台
33763,南极洲
33764,雌激素
33765,母亲节
33766,磕磕
33767,冰霜
33768,查访
33769,沙俄
33770,聚敛
33771,街景
33772,沃森
33773,重审
33774,津液
33775,洋鬼子
33776,热气球
33777,迦南
33778,眨巴
33779,系统软件
33780,文海
33781,哑口
33782,方便之门
33783,门庭若市
33784,上灯
33785,债台高筑
33786,批条
33787,亏得
33788,步履蹒跚
33789,中跑
33790,戏言
33791,丁丁
33792,高材生
33793,定项
33794,外埠
33795,日食
33796,翠竹
33797,佳音
33798,有偿新闻
33799,手雷
33800,大兴土木
33801,情真意切
33802,晾晒
33803,试产
33804,久拖不决
33805,九华山
33806,经济机制
33807,轻装上阵
33808,回程
33809,贵金属
33810,和静
33811,精工
33812,掩面
33813,锅子
33814,说通
33815,恭候
33816,懒懒
33817,缫丝
33818,全度
33819,纪德
33820,纳纳
33821,细碎
33822,块头
33823,耳根
33824,戏子
33825,庸人
33826,邦联
33827,数位
33828,臣下
33829,老套
33830,模子
33831,考考
33832,牛毛
33833,极刑
33834,梳洗
33835,语序
33836,蜈蚣
33837,抢点
33838,老泪纵横
33839,家宴
33840,黄铜
33841,扇面儿
33842,继承法
33843,不轨
33844,选配
33845,普林斯顿大学
33846,分路
33847,心地善良
33848,新英格兰
33849,奴隶社会
33850,白衣天使
33851,黑白电视机
33852,唉声叹气
33853,赤壁之战
33854,愚人
33855,叫响
33856,荣燕
33857,屏蔽
33858,鞋匠
33859,高压线
33860,病体
33861,胡椒面儿
33862,止渴
33863,蒜头
33864,莱维
33865,业态
33866,黄泉
33867,守夜
33868,立碑
33869,行房
33870,穿针
33871,打闹
33872,光波
33873,打道
33874,山峡
33875,矢口
33876,充军
33877,厚意
33878,龃龉
33879,发慌
33880,察访
33881,够呛
33882,割爱
33883,肉桂
33884,座舱
33885,小春
33886,核磁共振
33887,初出茅庐
33888,炯炯有神
33889,空空如也
33890,活灵活现
33891,感激不尽
33892,发家致富
33893,当仁不让
33894,身强力壮
33895,镜面
33896,何应钦
33897,惠州市
33898,毛利率
33899,眩目
33900,扶梯
33901,下集
33902,劫杀
33903,贤良
33904,社会心理学
33905,邻家
33906,书签
33907,奖授
33908,冰柜
33909,真行
33910,抚州
33911,砰砰
33912,熄灯
33913,马脚
33914,后影
33915,半拉
33916,病源
33917,燥热
33918,汉宫
33919,绮丽
33920,营盘
33921,教规
33922,反目
33923,讨教
33924,续编
33925,袈裟
33926,胡桃
33927,奥斯卡奖
33928,灾荒
33929,寻呼机
33930,走弯路
33931,审案
33932,地方志
33933,选刊
33934,余音
33935,散兵
33936,追认
33937,立领
33938,斜视
33939,苏武
33940,两用人才
33941,枯枝
33942,自助餐
33943,网状
33944,老革命
33945,证据确凿
33946,纳凉
33947,手袋
33948,溃败
33949,丝袜
33950,霏霏
33951,矫治
33952,皎洁
33953,烟雨
33954,营门
33955,五脏六腑
33956,触礁
33957,文气
33958,世界时
33959,交游
33960,清幽
33961,正房
33962,浓墨重彩
33963,心悦诚服
33964,绕行
33965,挥泪
33966,自持
33967,怪气
33968,良友
33969,纷纷扬扬
33970,平调
33971,招供
33972,公国
33973,直系亲属
33974,自得其乐
33975,甜食
33976,失态
33977,顾此失彼
33978,同室
33979,中等专业学校
33980,脱氧核糖核酸
33981,邻人
33982,校订
33983,招魂
33984,大忌
33985,神伤
33986,死板
33987,千叶
33988,晃悠
33989,暴富
33990,没入
33991,摆阔
33992,车程
33993,购并
33994,检票
33995,超薄
33996,李靖
33997,昭雪
33998,周生
33999,递进
34000,堕胎
34001,康庄
34002,铁马
34003,都督
34004,内蕴
34005,楼板
34006,台布
34007,席勒
34008,草绿
34009,朱学
34010,身败名裂
34011,基本粒子
34012,头破血流
34013,剪报
34014,停刊
34015,老样子
34016,肥胖症
34017,市辖区
34018,自顾自
34019,老一套
34020,劳动权
34021,中音
34022,日耳曼人
34023,泰特
34024,糖类
34025,丽水
34026,一挂
34027,公映
34028,恢弘
34029,道根
34030,情态
34031,押运
34032,邮路
34033,言笑
34034,经济适用房
34035,浩如烟海
34036,转世灵童
34037,斯宾诺莎
34038,不毛之地
34039,全盛
34040,上京
34041,性灵
34042,帅哥
34043,喉舌
34044,油印
34045,克敌
34046,界外
34047,平铺
34048,知单
34049,丁当
34050,血球
34051,出航
34052,腰身
34053,泛舟
34054,欲言又止
34055,膝头
34056,枝子
34057,付印
34058,养母
34059,复现
34060,象牙塔
34061,弹钢琴
34062,服务生
34063,身姿
34064,十字军
34065,五指山
34066,剪刀差
34067,十堰市
34068,喊口号
34069,白毛女
34070,里脊
34071,专刊
34072,情致
34073,造形
34074,高挑
34075,灭口
34076,隐形眼镜
34077,哀愁
34078,明言
34079,提神
34080,修文
34081,使臣
34082,恶名
34083,趁势
34084,圆梦
34085,岔开
34086,清迈
34087,慰劳
34088,食量
34089,蓝领
34090,大循环
34091,吉尔伯特
34092,剑拔弩张
34093,自圆其说
34094,叽叽喳喳
34095,周而复始
34096,忧国忧民
34097,屯子
34098,卖钱
34099,卖身
34100,轻敌
34101,委曲
34102,贾德
34103,孱弱
34104,官厅
34105,佩罗
34106,下野
34107,网箱
34108,避税
34109,主心骨
34110,赤卫队
34111,铺摊子
34112,一清早
34113,小市民
34114,橄榄枝
34115,前一阵
34116,窄窄
34117,左倾
34118,哈代
34119,瓜皮
34120,小妞儿
34121,自夸
34122,饭庄
34123,抬举
34124,花车
34125,针砭
34126,川芎
34127,犄角
34128,阴凉
34129,出殡
34130,张三丰
34131,碑刻
34132,厚待
34133,同业公会
34134,潸然泪下
34135,深更半夜
34136,真心话
34137,相濡以沫
34138,老调
34139,长丝
34140,方子
34141,汝州
34142,追授
34143,定远
34144,月华
34145,尸身
34146,通婚
34147,乘员
34148,发花
34149,进言
34150,虾米
34151,甘泉
34152,火险
34153,旧地
34154,放浪
34155,婆娘
34156,丈量
34157,能效
34158,同路
34159,回春
34160,羊圈
34161,果茶
34162,发紧
34163,少壮
34164,各有千秋
34165,萨尔茨堡
34166,播讲
34167,乡愁
34168,抵赖
34169,员额
34170,尽人皆知
34171,险象环生
34172,哥儿俩
34173,百灵
34174,天电
34175,宁远
34176,抱定
34177,绝灭
34178,英华
34179,大刑
34180,错别字
34181,电影周
34182,女强人
34183,杞人
34184,影视界
34185,眉眼
34186,物探
34187,一场空
34188,克格勃
34189,粗浅
34190,阳伞
34191,冯友兰
34192,原审
34193,鲁班
34194,神器
34195,父兄
34196,墓志铭
34197,底格里斯河
34198,马群
34199,高卢
34200,制空权
34201,把式
34202,血样
34203,黔江
34204,简约
34205,逆反
34206,操控
34207,地痞
34208,方单
34209,抢掠
34210,压榨
34211,号外
34212,丹参
34213,钳子
34214,水压
34215,牢靠
34216,苗家
34217,吸进
34218,主刀
34219,正厅
34220,御用
34221,宫城
34222,的的确确
34223,霍霍
34224,活蹦乱跳
34225,山东半岛
34226,收账
34227,顶楼
34228,下凡
34229,节律
34230,干休所
34231,孔明
34232,持身
34233,葵花
34234,防爆
34235,偷猎
34236,防寒
34237,军威
34238,意中人
34239,开矿
34240,饭食
34241,寒心
34242,用材林
34243,北冰洋
34244,烛台
34245,狞笑
34246,主谋
34247,古刹
34248,钢盔
34249,赠品
34250,久留
34251,炎夏
34252,红心
34253,北辰
34254,捕猎
34255,老面
34256,剧照
34257,帐幕
34258,海牛
34259,不堪一击
34260,问心无愧
34261,大行其道
34262,博采众长
34263,吉卜赛
34264,老中青
34265,那达慕
34266,万机
34267,卫戍区
34268,不消说
34269,永定河
34270,前些天
34271,妆台
34272,墨客
34273,上林
34274,接诊
34275,喜色
34276,明辨
34277,血污
34278,王时
34279,家装
34280,鲁达
34281,买单
34282,幼女
34283,四邻
34284,吃请
34285,认股
34286,分贝
34287,脚劲
34288,文词
34289,初升
34290,聚落
34291,惊扰
34292,灼灼
34293,华实
34294,轩辕
34295,笔尖
34296,私车
34297,漂移
34298,片儿
34299,自觉自愿
34300,施特劳斯
34301,空位
34302,忽悠
34303,寓于
34304,姜文
34305,肯普
34306,传阅
34307,量器
34308,跪拜
34309,九霄
34310,通奸
34311,薄板
34312,仙鹤
34313,痔疮
34314,吃透
34315,陶然
34316,减息
34317,提审
34318,亮堂
34319,飞檐
34320,调头
34321,官话
34322,体位
34323,左联
34324,原点
34325,拱桥
34326,伤寒论
34327,控制器
34328,军乐团
34329,潜伏期
34330,打游击
34331,吕正操
34332,贫民窟
34333,一长串
34334,大一统
34335,看医生
34336,文艺学
34337,李时珍
34338,无花果
34339,轴心国
34340,糖水
34341,谛听
34342,驯化
34343,蓄势
34344,编钟
34345,熔岩
34346,号牌
34347,便人
34348,前功尽弃
34349,福利彩票
34350,投弹
34351,辞旧迎新
34352,人权宣言
34353,断气
34354,幼发拉底河
34355,灯红酒绿
34356,交头接耳
34357,不辱使命
34358,红头文件
34359,停牌
34360,电脑病毒
34361,上套
34362,风雨无阻
34363,定期存款
34364,戊戌变法
34365,大脑皮层
34366,朦朦胧胧
34367,一草一木
34368,寸步难行
34369,花言巧语
34370,令人神往
34371,自暴自弃
34372,和盘托出
34373,杜塞
34374,岳阳楼
34375,阿克拉
34376,明眼人
34377,马来亚
34378,执政官
34379,丹顶鹤
34380,杀手锏
34381,核战争
34382,高精尖
34383,黑黝黝
34384,捕头
34385,春茶
34386,故道
34387,晦气
34388,极权
34389,人丁
34390,奸诈
34391,冻伤
34392,延展
34393,引火
34394,白沫
34395,商埠
34396,自惭
34397,情由
34398,坦承
34399,炼焦
34400,洗车
34401,数词
34402,比值
34403,挨近
34404,环游
34405,复数
34406,总汇
34407,击掌
34408,光度
34409,建德
34410,仰仗
34411,盘腿
34412,脑炎
34413,大虾
34414,存档
34415,倾慕
34416,短袖
34417,刁钻
34418,鱼肚
34419,互让
34420,地权
34421,客串
34422,跃动
34423,一片汪洋
34424,巨制
34425,椒盐
34426,理该
34427,竞聘
34428,无涯
34429,伦敦大学
34430,戛然而止
34431,循规蹈矩
34432,造型艺术
34433,养家糊口
34434,痛下决心
34435,冥思
34436,跑腿
34437,迂腐
34438,蛋鸡
34439,橙黄
34440,云端
34441,杂事
34442,倒转
34443,瓦片
34444,复牌
34445,庭园
34446,串连
34447,枪械
34448,皇权
34449,封装
34450,标杆
34451,罗丹
34452,寸草
34453,司直
34454,击鼓
34455,积善
34456,编审
34457,开奖
34458,全息
34459,发麻
34460,发干
34461,铸铁
34462,食补
34463,送命
34464,来不得
34465,常熟市
34466,出场费
34467,捉迷藏
34468,致命伤
34469,激光器
34470,奥斯汀
34471,接力棒
34472,竹简
34473,天文望远镜
34474,核子
34475,没日没夜
34476,基本单位
34477,倒影
34478,叮咬
34479,铁蹄
34480,烫伤
34481,下本
34482,柑橘
34483,狂犬病
34484,赫斯特
34485,春晖
34486,传达室
34487,地形图
34488,游手好闲
34489,善终
34490,英国航空公司
34491,蜘蛛网
34492,断壁
34493,牛鼻子
34494,家务事
34495,飘飘然
34496,送检
34497,霍夫曼
34498,青葱
34499,方士
34500,起获
34501,纱帽
34502,枪杆
34503,书橱
34504,滞洪
34505,映射
34506,京畿
34507,炼丹
34508,俗套
34509,龙德
34510,吮吸
34511,康宁
34512,李闯
34513,扪心
34514,干将
34515,合浦
34516,魔杖
34517,益智
34518,傲气
34519,难解难分
34520,鱼米之乡
34521,后脚
34522,胡斯
34523,五体投地
34524,顷刻之间
34525,暗箱操作
34526,储油
34527,想入非非
34528,冷嘲热讽
34529,煤球
34530,挥师
34531,竟自
34532,慢跑
34533,眉宇
34534,谢家
34535,雄鸡
34536,引智
34537,比法
34538,遵行
34539,王师
34540,高阳
34541,忿怒
34542,疮痍
34543,海军航空兵
34544,芦花
34545,耿直
34546,方技
34547,重婚
34548,陶艺
34549,沦丧
34550,付账
34551,安全套
34552,花样翻新
34553,指南针
34554,指挥棒
34555,山腹
34556,情场
34557,学童
34558,主公
34559,切削
34560,沙门
34561,分神
34562,斑白
34563,进贡
34564,故都
34565,酬谢
34566,周仁
34567,婚期
34568,差人
34569,夜生活
34570,寻呼台
34571,画眉
34572,子星
34573,太虚
34574,复利
34575,创刊号
34576,亨廷顿
34577,衣角
34578,浇铸
34579,载誉
34580,停薪
34581,李逵
34582,厂部
34583,孢子
34584,排量
34585,沉郁
34586,低处
34587,就事论事
34588,言外之意
34589,北洋军阀
34590,狼吞虎咽
34591,英雄本色
34592,盆花
34593,乱砍滥伐
34594,伏羲
34595,同仇
34596,赤手空拳
34597,风调雨顺
34598,著书立说
34599,生死攸关
34600,心花怒放
34601,传扬
34602,面团
34603,无行
34604,拷问
34605,勺子
34606,吵嘴
34607,射击场
34608,汉高祖
34609,圆筒
34610,扼腕
34611,殉国
34612,滚蛋
34613,花季
34614,劳碌
34615,代笔
34616,阿伯
34617,左拉
34618,黑天
34619,梅毒
34620,动气
34621,乐师
34622,哪会儿
34623,底工
34624,把风
34625,瘸子
34626,皮鞭
34627,修习
34628,贤人
34629,拾掇
34630,木香
34631,那能
34632,遥测
34633,外屋
34634,照排
34635,死气沉沉
34636,心照不宣
34637,中等教育
34638,用之不竭
34639,涨钱
34640,不义之财
34641,大势已去
34642,弗里德曼
34643,审判权
34644,势不可挡
34645,闭关自守
34646,收银
34647,军歌
34648,胳膊肘儿
34649,脚丫
34650,文林
34651,胆汁
34652,树龄
34653,王母
34654,照面
34655,中立国
34656,识时务
34657,后半夜
34658,考分
34659,伙房
34660,蜃楼
34661,下颌
34662,日化
34663,枯草
34664,逼和
34665,擒拿
34666,女高音
34667,知府
34668,初试
34669,老态
34670,性解放
34671,干巴巴
34672,饶人
34673,下田
34674,缺位
34675,亲耳
34676,小买卖
34677,移栽
34678,影后
34679,巴拿马运河
34680,殃民
34681,褶皱
34682,远扬
34683,潜水艇
34684,令人发指
34685,变化多端
34686,维尔纽斯
34687,大庭广众
34688,手无寸铁
34689,跃然纸上
34690,林森
34691,吉列
34692,集锦
34693,再则
34694,批号
34695,下处
34696,苦命
34697,虚度
34698,释然
34699,自留地
34700,两袖清风
34701,纸面
34702,行窃
34703,对饮
34704,强旅
34705,阳线
34706,短浅
34707,噼啪
34708,制台
34709,扩股
34710,卖命
34711,圣多美
34712,净是
34713,公立学校
34714,爬行动物
34715,好处费
34716,特例
34717,性激素
34718,集纳
34719,药铺
34720,枝繁叶茂
34721,鱼尾
34722,封三
34723,江夏
34724,宽心
34725,鱼跃
34726,本图
34727,老相
34728,话茬
34729,伍兹
34730,舵手
34731,篮坛
34732,正步
34733,洪涛
34734,常安
34735,铜山
34736,丰腴
34737,麦穗
34738,炒卖
34739,惊惧
34740,谁谁
34741,抛荒
34742,出挑
34743,线型
34744,果子狸
34745,石灰石
34746,银团
34747,胡萝卜素
34748,春暖花开
34749,君主立宪
34750,象形文字
34751,发烫
34752,枯水期
34753,天南地北
34754,乘虚而入
34755,哄堂大笑
34756,束之高阁
34757,忍俊不禁
34758,平淡无奇
34759,良师益友
34760,自作主张
34761,乘胜追击
34762,自治机关
34763,叫板
34764,蠕虫
34765,招兵
34766,普世
34767,截击
34768,愿景
34769,有过之而无不及
34770,凤翔
34771,清茶
34772,枝干
34773,腊肉
34774,萨摩亚
34775,手抄本
34776,白山市
34777,样板戏
34778,德智体
34779,注射器
34780,搭理
34781,化脓
34782,空手道
34783,通性
34784,搪瓷
34785,索解
34786,不日
34787,枪子儿
34788,切换
34789,友军
34790,仆从
34791,皇亲
34792,短枪
34793,白朗
34794,须眉
34795,警笛
34796,族谱
34797,高棉
34798,伦次
34799,罕有
34800,万幸
34801,警世
34802,筋斗
34803,基业
34804,莽撞
34805,高更
34806,青苗
34807,绝世
34808,转圈
34809,学力
34810,葛洪
34811,烤火
34812,清光
34813,释文
34814,税则
34815,真传
34816,艳羡
34817,销赃
34818,强非
34819,厮守
34820,疆界
34821,裂隙
34822,桌布
34823,无庸
34824,后怕
34825,节食
34826,收审
34827,水汽
34828,悲鸣
34829,何异
34830,知趣
34831,唐宁街
34832,肝功能
34833,人格化
34834,哥萨克
34835,外甥女
34836,广播站
34837,列车长
34838,烦心
34839,永宁
34840,电算
34841,独个
34842,歌儿
34843,汾酒
34844,华里
34845,杨梅
34846,约同
34847,金科
34848,哑口无言
34849,临危不惧
34850,豪言壮语
34851,封条
34852,滑板
34853,横空出世
34854,不偏不倚
34855,羞于
34856,扁豆
34857,木犀
34858,隶书
34859,寝食
34860,牧歌
34861,季世
34862,积劳
34863,合共
34864,占便宜
34865,纯种
34866,水浇地
34867,媳妇儿
34868,集大成
34869,轻飘飘
34870,肖像画
34871,齐刷刷
34872,自检
34873,土制
34874,忍让
34875,下中农
34876,打击乐
34877,资源分配
34878,旗鼓相当
34879,冠名权
34880,黄梅戏
34881,主攻手
34882,奏鸣曲
34883,狂飙
34884,兴风作浪
34885,按兵不动
34886,人云亦云
34887,痛哭流涕
34888,身无分文
34889,一反常态
34890,各家各户
34891,未尝不可
34892,计件
34893,入团
34894,寡头
34895,芦笋
34896,远足
34897,砂岩
34898,垮塌
34899,聊赖
34900,骗汇
34901,对簿
34902,军史
34903,家祖
34904,水塔
34905,外道
34906,青白
34907,打私
34908,温习
34909,府邸
34910,机芯
34911,刚柔
34912,石室
34913,惊疑
34914,禀赋
34915,昔年
34916,唉呀
34917,提干
34918,影戏
34919,严处
34920,泡茶
34921,雷公
34922,险滩
34923,歇脚
34924,针剂
34925,无论何时
34926,传染源
34927,史迹
34928,心包
34929,不知所云
34930,不平等条约
34931,摩崖
34932,邮戳
34933,弄死
34934,寒颤
34935,压产
34936,开泰
34937,好强
34938,齐发
34939,炊具
34940,吗啡
34941,矢量
34942,送审
34943,猎手
34944,砂糖
34945,详实
34946,菌种
34947,时议
34948,面熟
34949,量具
34950,备查
34951,米奇
34952,汝南
34953,报恩
34954,包租
34955,油光
34956,船夫
34957,橄榄油
34958,谐和
34959,第四纪
34960,拜读
34961,紫罗兰
34962,适应症
34963,花厂
34964,陈赓
34965,本题
34966,新址
34967,末梢
34968,豺狼
34969,花台
34970,打落
34971,外借
34972,顺藤摸瓜
34973,条件反射
34974,打破常规
34975,心慌意乱
34976,黄金海岸
34977,黑豆
34978,小相
34979,陈胜
34980,痛打
34981,法式
34982,出鬼
34983,简牍
34984,火舌
34985,裂纹
34986,停发
34987,棉裤
34988,带劲
34989,白兔
34990,紫菜
34991,口授
34992,内任
34993,股骨
34994,刚正
34995,上锁
34996,公论
34997,蹄子
34998,长治市
34999,湖州市
35000,笼络
