hanzi_id,hanzi,frequency_rank,pinyin_id,pinyin,pinyin_sn,hsk_level
41427,诘难,50001,42114,jié nàn,1,
41428,肺叶,50003,42115,fèi yè,1,
41429,手慢,50004,42116,shǒu màn,1,
41430,寻摸,50005,42117,xún mo,1,
41431,挑唆,50006,42118,tiǎo suō,1,
41432,磺胺,50007,42119,huáng àn,1,
41433,饮马,50009,42120,yìn mǎ,1,
41434,诏令,50011,42121,zhào lìng,1,
41435,隐逸,50012,42122,yǐn yì,1,
41436,柔肠,50013,42123,róu cháng,1,
41437,持论,50014,42124,chí lùn,1,
41438,攻擂,50017,42125,gōng lèi,1,
41439,加刑,50018,42126,jiā xíng,1,
41440,包皮,50023,42127,bāo pí,1,
41441,肾结石,50030,42128,shèn jié shí,1,
41442,臭豆腐,50033,42129,chòu dòu fu,1,
41443,比基尼,50035,42130,bǐ jī ní,1,
41444,断裂带,50036,42131,duàn liè dài,1,
41445,闪电战,50037,42132,shǎn diàn zhàn,1,
41446,打算盘,50038,42133,dǎ suàn pan,1,
41447,转播台,50039,42134,zhuǎn bō tái,1,
41448,柿子椒,50041,42135,shì zi jiāo,1,
41449,解放鞋,50043,42136,jiě fàng xié,1,
41450,落叶松,50044,42137,luò yè sōng,1,
41451,螺旋藻,50045,42138,luó xuán zǎo,1,
41452,卷铺盖,50046,42139,juǎn pū gai,1,
41453,排练场,50047,42140,pái liàn chǎng,1,
41454,丝丝入扣,50048,42141,sī sī rù kòu,1,
41455,处之泰然,50054,42142,chǔ zhī tài rán,1,
41456,人仰马翻,50058,42143,rén yǎng mǎ fān,1,
41457,舞文弄墨,50059,42144,wǔ wén nòng mò,1,
41458,言归于好,50062,42145,yán guī yú hǎo,1,
41459,大腹便便,50064,42146,dà fù pián pián,1,
41460,矫枉过正,50065,42147,jiǎo wǎng guò zhèng,1,
41461,老气横秋,50066,42148,lǎo qì héng qiū,1,
41462,滚瓜烂熟,50068,42149,gǔn guā làn shú,1,
41463,滥竽充数,50069,42150,làn yú chōng shù,1,
41464,同室操戈,50070,42151,tóng shì cāo gē,1,
41465,刑事判决,50071,42152,xíng shì pàn jué,1,
41466,预展,50074,42153,yù zhǎn,1,
41467,异端邪说,50075,42154,yì duān xié shuō,1,
41468,何首乌,50076,42155,hé shǒu wū,1,
41469,不睦,50080,42156,bù mù,1,
41470,漫灌,50081,42157,màn guàn,1,
41471,敬奉,50083,42158,jìng fèng,1,
41472,寥落,50085,42159,liáo luò,1,
41473,无霜期,50087,42160,wú shuāng qī,1,
41474,工价,50088,42161,gōng jià,1,
41475,枯荣,50089,42162,kū róng,1,
41476,砖雕,50091,42163,zhuān diāo,1,
41477,进益,50092,42164,jìn yì,1,
41478,曼舞,50093,42165,màn wǔ,1,
41479,病况,50094,42166,bìng kuàng,1,
41480,画板,50096,42167,huà bǎn,1,
41481,昼伏夜出,50098,42168,zhòu fú yè chū,1,
41482,增温,50099,42169,zēng wēn,1,
41483,撒落,50102,42170,sǎ luò,1,
41484,路规,50103,42171,lù guī,1,
41485,竖直,50105,42172,shù zhí,1,
41486,风凉话,50106,42173,fēng liáng huà,1,
41487,肠梗阻,50107,42174,cháng gěng zǔ,1,
41488,屡禁不绝,50108,42175,lǚ jìn bù jué,1,
41489,九族,50113,42176,jiǔ zú,1,
41490,怒涛,50114,42177,nù tāo,1,
41491,夹竹桃,50116,42178,jiā zhú táo,1,
41492,层林,50119,42179,céng lín,1,
41493,同路人,50122,42180,tóng lù rén,1,
41494,惨境,50123,42181,cǎn jìng,1,
41495,长明灯,50124,42182,cháng míng dēng,1,
41496,口诛笔伐,50126,42183,kǒu zhū bǐ fá,1,
41497,暗害,50128,42184,àn hài,1,
41498,素净,50129,42185,sù jing,1,
41499,箭在弦上,50133,42186,jiàn zài xián shàng,1,
41500,悬梁,50134,42187,xuán liáng,1,
41501,补漏,50136,42188,bǔ lòu,1,
41502,苟活,50137,42189,gǒu huó,1,
41503,浅近,50140,42190,qiǎn jìn,1,
41504,黑陶,50141,42191,hēi táo,1,
41505,仁厚,50142,42192,rén hòu,1,
41506,枪栓,50144,42193,qiāng shuān,1,
41507,叔公,50145,42194,shū gōng,1,
41508,遭罪,50148,42195,zāo zuì,1,
41509,腌菜,50150,42196,yān cài,1,
41510,延宕,50153,42197,yán dàng,1,
41511,甲肝,50155,42198,jiǎ gān,1,
41512,航标灯,50156,42199,háng biāo dēng,1,
41513,困局,50157,42200,kùn jú,1,
41514,赐教,50160,42201,cì jiào,1,
41515,熬煎,50161,42202,áo jiān,1,
41516,白丁,50166,42203,bái dīng,1,
41517,白癜风,50168,42204,bái diàn fēng,1,
41518,龟甲,50169,42205,guī jiǎ,1,
41519,稻穗,50171,42206,dào suì,1,
41520,找门路,50172,42207,zhǎo mén lù,1,
41521,加劲,50173,42208,jiā jìn,1,
41522,得宜,50175,42209,dé yí,1,
41523,炸雷,50177,42210,zhà léi,1,
41524,专号,50179,42211,zhuān hào,1,
41525,主课,50182,42212,zhǔ kè,1,
41526,泰然处之,50184,42213,tài rán chǔ zhī,1,
41527,通好,50186,42214,tōng hǎo,1,
41528,虐杀,50187,42215,nüè shā,1,
41529,轻车熟路,50190,42216,qīng chē shú lù,1,
41530,效益工资,50191,42217,xiào yì gōng zī,1,
41531,不成器,50197,42218,bù chéng qì,1,
41532,君主国,50200,42219,jūn zhǔ guó,1,
41533,小叔子,50201,42220,xiǎo shū zi,1,
41534,蜂起,50205,42221,fēng qǐ,1,
41535,无为而治,50206,42222,wú wéi ér zhì,1,
41536,张挂,50207,42223,zhāng guà,1,
41537,站队,50208,42224,zhàn duì,1,
41538,屠戮,50213,42225,tú lù,1,
41539,岳家,50214,42226,yuè jiā,1,
41540,陪送,50216,42227,péi sòng,1,
41540,陪送,50216,42228,péi song,2,
41541,掌灯,50217,42229,zhǎng dēng,1,
41542,遗产税,50219,42230,yí chǎn shuì,1,
41543,试播,50220,42231,shì bō,1,
41544,改天换地,50222,42232,gǎi tiān huàn dì,1,
41545,交验,50223,42233,jiāo yàn,1,
41546,套语,50225,42234,tào yǔ,1,
41547,厌学,50227,42235,yàn xué,1,
41548,闭馆,50228,42236,bì guǎn,1,
41549,怒冲冲,50229,42237,nù chōng chōng,1,
41550,群众关系,50230,42238,qún zhòng guān xi,1,
41551,曾祖母,50231,42239,zēng zǔ mǔ,1,
41552,上冻,50234,42240,shàng dòng,1,
41553,暗无天日,50235,42241,àn wú tiān rì,1,
41554,县份,50236,42242,xiàn fèn,1,
41555,百日咳,50237,42243,bǎi rì ké,1,
41556,猎获,50239,42244,liè huò,1,
41557,炉膛,50240,42245,lú táng,1,
41558,震情,50242,42246,zhèn qíng,1,
41559,藤萝,50243,42247,téng luó,1,
41560,编绘,50245,42248,biān huì,1,
41561,陶土,50246,42249,táo tǔ,1,
41562,彩卷,50247,42250,cǎi juǎn,1,
41563,竹板,50249,42251,zhú bǎn,1,
41564,污损,50250,42252,wū sǔn,1,
41565,三百六十行,50251,42253,sān bǎi liù shí háng,1,
41566,锋芒毕露,50253,42254,fēng máng bì lù,1,
41567,准头,50255,42255,zhǔn tou,1,
41568,肥壮,50256,42256,féi zhuàng,1,
41569,簿子,50257,42257,bù zi,1,
41570,合照,50258,42258,hé zhào,1,
41571,期终,50259,42259,qī zhōng,1,
41572,过堂,50260,42260,guò táng,1,
41573,倒毙,50263,42261,dǎo bì,1,
41574,改换门庭,50264,42262,gǎi huàn mén tíng,1,
41575,欺辱,50266,42263,qī rǔ,1,
41576,棋谱,50267,42264,qí pǔ,1,
41577,伸腿,50268,42265,shēn tuǐ,1,
41578,小炉匠,50270,42266,xiǎo lú jiàng,1,
41579,觐见,50271,42267,jìn jiàn,1,
41580,吸管,50275,42268,xī guǎn,1,
41581,胡人,50278,42269,hú rén,1,
41582,摧枯拉朽,50281,42270,cuī kū lā xiǔ,1,
41583,少壮派,50282,42271,shào zhuàng pài,1,
41584,三班倒,50288,42272,sān bān dǎo,1,
41585,老死不相往来,50290,42273,lǎo sǐ bù xiāng wǎng lái,1,
41586,纳闷儿,50291,42274,nà mèn er,1,
41587,群龙无首,50292,42275,qún lóng wú shǒu,1,
41588,工休,50294,42276,gōng xiū,1,
41589,纤尘,50295,42277,xiān chén,1,
41590,后福,50298,42278,hòu fú,1,
41591,宣明,50300,42279,xuān míng,1,
41592,下装,50302,42280,xià zhuāng,1,
41593,试表,50303,42281,shì biǎo,1,
41594,拓本,50304,42282,tà běn,1,
41595,免俗,50305,42283,miǎn sú,1,
41596,金匾,50306,42284,jīn biǎn,1,
41597,机宜,50307,42285,jī yí,1,
41598,章句,50311,42286,zhāng jù,1,
41599,雪野,50316,42287,xuě yě,1,
41600,蜉蝣,50318,42288,fú yóu,1,
41601,撼人心魄,50321,42289,hàn rén xīn pò,1,
41602,水溶性,50324,42290,shuǐ róng xìng,1,
41603,心慈手软,50325,42291,xīn cí shǒu ruǎn,1,
41604,金科玉律,50327,42292,jīn kē yù lǜ,1,
41605,有言在先,50328,42293,yǒu yán zài xiān,1,
41606,血块,50329,42294,xuè kuài,1,
41607,或然,50331,42295,huò rán,1,
41608,钟乳石,50333,42296,zhōng rǔ shí,1,
41609,自立门户,50334,42297,zì lì mén hù,1,
41610,兔崽子,50335,42298,tù zǎi zi,1,
41611,一步登天,50336,42299,yī bù dēng tiān,1,
41612,黄热病,50339,42300,huáng rè bìng,1,
41613,坯子,50340,42301,pī zi,1,
41614,宴客,50343,42302,yàn kè,1,
41615,淬火,50344,42303,cuì huǒ,1,
41616,解暑,50345,42304,jiě shǔ,1,
41617,尺码,50347,42305,chǐ mǎ,1,
41618,叫春,50348,42306,jiào chūn,1,
41619,泛化,50351,42307,fàn huà,1,
41620,居心叵测,50352,42308,jū xīn pǒ cè,1,
41621,座上客,50353,42309,zuò shàng kè,1,
41622,暖烘烘,50361,42310,nuǎn hōng hōng,1,
41623,卿卿我我,50362,42311,qīng qīng wǒ wǒ,1,
41624,北回归线,50363,42312,běi huí guī xiàn,1,
41625,组合式,50364,42313,zǔ hé shì,1,
41626,故纸堆,50367,42314,gù zhǐ duī,1,
41627,转氨酶,50368,42315,zhuǎn ān méi,1,
41628,乘人之危,50369,42316,chéng rén zhī wēi,1,
41629,天女散花,50371,42317,tiān nǚ sàn huā,1,
41630,说梦话,50377,42318,shuō mèng huà,1,
41631,狼狈为奸,50380,42319,láng bèi wéi jiān,1,
41632,对答如流,50382,42320,duì dá rú liú,1,
41633,冷言冷语,50383,42321,lěng yán lěng yǔ,1,
41634,若有所失,50386,42322,ruò yǒu suǒ shī,1,
41635,继电器,50390,42323,jì diàn qì,1,
41636,管乐器,50391,42324,guǎn yuè qì,1,
41637,趋炎附势,50392,42325,qū yán fù shì,1,
41638,老成持重,50393,42326,lǎo chéng chí zhòng,1,
41639,哀嚎,50396,42327,āi háo,1,
41640,擂主,50397,42328,lèi zhǔ,1,
41641,骇异,50398,42329,hài yì,1,
41642,松松垮垮,50399,42330,sōng sōng kuǎ kuǎ,1,
41643,龟缩,50400,42331,guī suō,1,
41644,根深叶茂,50401,42332,gēn shēn yè mào,1,
41645,怯弱,50402,42333,qiè ruò,1,
41646,题库,50406,42334,tí kù,1,
41647,伏旱,50407,42335,fú hàn,1,
41648,勘定,50409,42336,kān dìng,1,
41649,小解,50411,42337,xiǎo jiě,1,
41650,凝集,50415,42338,níng jí,1,
41651,实足,50416,42339,shí zú,1,
41652,袖标,50418,42340,xiù biāo,1,
41653,解馋,50420,42341,jiě chán,1,
41654,魔影,50422,42342,mó yǐng,1,
41655,投医,50423,42343,tóu yī,1,
41656,诗兴,50424,42344,shī xìng,1,
41657,顾主,50425,42345,gù zhǔ,1,
41658,水杉,50426,42346,shuǐ shān,1,
41659,解恨,50428,42347,jiě hèn,1,
41660,风道,50429,42348,fēng dào,1,
41661,眼白,50432,42349,yǎn bái,1,
41662,茅棚,50433,42350,máo péng,1,
41663,搭售,50434,42351,dā shòu,1,
41664,顺访,50435,42352,shùn fǎng,1,
41665,飞渡,50437,42353,fēi dù,1,
41666,上辈,50438,42354,shàng bèi,1,
41667,残阳,50439,42355,cán yáng,1,
41668,幼林,50440,42356,yòu lín,1,
41669,填料,50441,42357,tián liào,1,
41670,转诊,50443,42358,zhuǎn zhěn,1,
41671,海狸,50447,42359,hǎi lí,1,
41672,亏欠,50448,42360,kuī qiàn,1,
41673,扳倒,50451,42361,bān dǎo,1,
41674,弹孔,50454,42362,dàn kǒng,1,
41675,粳稻,50455,42363,jīng dào,1,
41676,逆料,50456,42364,nì liào,1,
41677,虚热,50457,42365,xū rè,1,
41678,微贱,50462,42366,wēi jiàn,1,
41679,输氧,50464,42367,shū yǎng,1,
41680,月半,50465,42368,yuè bàn,1,
41681,文员,50466,42369,wén yuán,1,
41682,远海,50468,42370,yuǎn hǎi,1,
41683,招风,50470,42371,zhāo fēng,1,
41684,瞳仁,50472,42372,tóng rén,1,
41685,穿凿,50475,42373,chuān záo,1,
41686,神怪,50477,42374,shén guài,1,
41687,厌战,50478,42375,yàn zhàn,1,
41688,瘠薄,50479,42376,jí bó,1,
41689,叶脉,50480,42377,yè mài,1,
41690,山响,50481,42378,shān xiǎng,1,
41691,怜恤,50485,42379,lián xù,1,
41692,夹生,50487,42380,jiā shēng,1,
41693,别动队,50494,42381,bié dòng duì,1,
41694,山药蛋,50498,42382,shān yao dàn,1,
41695,护渔,50503,42383,hù yú,1,
41696,驾校,50504,42384,jià xiào,1,
41697,啤酒花,50505,42385,pí jiǔ huā,1,
41698,崩裂,50506,42386,bēng liè,1,
41699,告假,50508,42387,gào jià,1,
41700,摒除,50509,42388,bìng chú,1,
41701,腿肚子,50510,42389,tuǐ dù zi,1,
41702,西洋画,50511,42390,xī yáng huà,1,
41703,毽子,50516,42391,jiàn zi,1,
41704,束腰,50517,42392,shù yāo,1,
41705,酒钱,50518,42393,jiǔ qián,1,
41706,宰牲节,50519,42394,zǎi shēng jié,1,
41707,差不离,50524,42395,chà bu lí,1,
41708,俯卧撑,50525,42396,fǔ wò chēng,1,
41709,迸裂,50527,42397,bèng liè,1,
41710,红血球,50528,42398,hóng xuè qiú,1,
41711,揭短,50531,42399,jiē duǎn,1,
41712,礼拜日,50533,42400,lǐ bài rì,1,
41713,肥嫩,50534,42401,féi nèn,1,
41714,映山红,50537,42402,yìng shān hóng,1,
41715,耻于,50543,42403,chǐ yú,1,
41716,卸妆,50546,42404,xiè zhuāng,1,
41717,谗言,50547,42405,chán yán,1,
41718,疯长,50549,42406,fēng zhǎng,1,
41719,情种,50551,42407,qíng zhǒng,1,
41720,秧田,50554,42408,yāng tián,1,
41721,鳏夫,50555,42409,guān fū,1,
41722,余钱,50557,42410,yú qián,1,
41723,战表,50561,42411,zhàn biǎo,1,
41724,琼脂,50562,42412,qióng zhī,1,
41725,倾囊,50564,42413,qīng náng,1,
41726,晕厥,50567,42414,yūn jué,1,
41727,洄游,50568,42415,huí yóu,1,
41728,喧腾,50571,42416,xuān téng,1,
41729,腰果,50575,42417,yāo guǒ,1,
41730,空格,50576,42418,kòng gé,1,
41731,明矾,50578,42419,míng fán,1,
41732,轧辊,50579,42420,zhá gǔn,1,
41733,调幅,50580,42421,tiáo fú,1,
41734,胜境,50581,42422,shèng jìng,1,
41735,佐餐,50582,42423,zuǒ cān,1,
41736,测字,50583,42424,cè zì,1,
41737,拥塞,50584,42425,yōng sè,1,
41738,积郁,50585,42426,jī yù,1,
41739,拳师,50586,42427,quán shī,1,
41740,瓜片,50588,42428,guā piàn,1,
41741,对译,50589,42429,duì yì,1,
41742,温煦,50590,42430,wēn xù,1,
41743,水警,50591,42431,shuǐ jǐng,1,
41744,约计,50592,42432,yuē jì,1,
41745,处子,50593,42433,chǔ zǐ,1,
41746,倒票,50594,42434,dǎo piào,1,
41747,强弩之末,50600,42435,qiáng nǔ zhī mò,1,
41748,不成体统,50602,42436,bù chéng tǐ tǒng,1,
41749,宽以待人,50603,42437,kuān yǐ dài rén,1,
41750,侈谈,50605,42438,chǐ tán,1,
41751,厉兵秣马,50606,42439,lì bīng mò mǎ,1,
41752,名人效应,50607,42440,míng rén xiào yìng,1,
41753,儿女情长,50608,42441,ér nǚ qíng cháng,1,
41754,知人善任,50609,42442,zhī rén shàn rèn,1,
41755,抱残守缺,50612,42443,bào cán shǒu quē,1,
41756,雾里看花,50613,42444,wù lǐ kàn huā,1,
41757,奔突,50615,42445,bēn tū,1,
41758,铜币,50617,42446,tóng bì,1,
41759,养兵,50619,42447,yǎng bīng,1,
41760,抛撒,50623,42448,pāo sǎ,1,
41761,晚熟,50624,42449,wǎn shú,1,
41762,铜元,50625,42450,tóng yuán,1,
41763,古奥,50627,42451,gǔ ào,1,
41764,败叶,50628,42452,bài yè,1,
41765,教正,50629,42453,jiào zhèng,1,
41766,改产,50630,42454,gǎi chǎn,1,
41767,恭谨,50632,42455,gōng jǐn,1,
41768,拆洗,50633,42456,chāi xǐ,1,
41769,钢印,50634,42457,gāng yìn,1,
41770,墨黑,50635,42458,mò hēi,1,
41771,喷嘴,50636,42459,pēn zuǐ,1,
41772,寺观,50638,42460,sì guàn,1,
41773,渺渺,50640,42461,miǎo miǎo,1,
41774,套马,50645,42462,tào mǎ,1,
41775,系列剧,50646,42463,xì liè jù,1,
41776,缠足,50648,42464,chán zú,1,
41777,蚌壳,50652,42465,bàng ké,1,
41778,刻刀,50654,42466,kè dāo,1,
41779,汽化,50656,42467,qì huà,1,
41780,稍息,50662,42468,shào xī,1,
41781,奴性,50663,42469,nú xìng,1,
41782,狂饮,50664,42470,kuáng yǐn,1,
41783,流布,50665,42471,liú bù,1,
41784,词序,50668,42472,cí xù,1,
41785,毡子,50669,42473,zhān zi,1,
41786,请功,50673,42474,qǐng gōng,1,
41787,清浊,50674,42475,qīng zhuó,1,
41788,搭伙,50675,42476,dā huǒ,1,
41789,合度,50677,42477,hé dù,1,
41790,松针,50678,42478,sōng zhēn,1,
41791,胖墩儿,50680,42479,pàng dūn er,1,
41792,娇声,50681,42480,jiāo shēng,1,
41793,提灌,50684,42481,tí guàn,1,
41794,挑食,50687,42482,tiāo shí,1,
41795,见谅,50689,42483,jiàn liàng,1,
41796,文化垃圾,50692,42484,wén huà lā jī,1,
41797,恶念,50694,42485,è niàn,1,
41798,称羡,50698,42486,chēng xiàn,1,
41799,曲高和寡,50699,42487,qǔ gāo hè guǎ,1,
41800,挂号信,50703,42488,guà hào xìn,1,
41801,蓝藻,50705,42489,lán zǎo,1,
41802,幽门,50706,42490,yōu mén,1,
41803,怒发冲冠,50707,42491,nù fà chōng guān,1,
41804,凝眸,50709,42492,níng móu,1,
41805,手足之情,50711,42493,shǒu zú zhī qíng,1,
41806,倒悬,50712,42494,dào xuán,1,
41807,滥觞,50713,42495,làn shāng,1,
41808,洗煤,50714,42496,xǐ méi,1,
41809,一箭双雕,50715,42497,yī jiàn shuāng diāo,1,
41810,品题,50717,42498,pǐn tí,1,
41811,拒贿,50718,42499,jù huì,1,
41812,船老大,50719,42500,chuán lǎo dà,1,
41813,黄杨,50720,42501,huáng yáng,1,
41814,宅第,50721,42502,zhái dì,1,
41815,乐极生悲,50723,42503,lè jí shēng bēi,1,
41816,坐卧不安,50725,42504,zuò wò bù ān,1,
41817,社队企业,50726,42505,shè duì qǐ yè,1,
41818,依此类推,50729,42506,yī cǐ lèi tuī,1,
41819,马齿苋,50732,42507,mǎ chǐ xiàn,1,
41820,尊姓大名,50733,42508,zūn xìng dà míng,1,
41821,龙争虎斗,50735,42509,lóng zhēng hǔ dòu,1,
41822,间接选举,50737,42510,jiàn jiē xuǎn jǔ,1,
41823,流水作业,50739,42511,liú shuǐ zuò yè,1,
41824,一马平川,50740,42512,yī mǎ píng chuān,1,
41825,金石为开,50742,42513,jīn shí wéi kāi,1,
41826,耳聪目明,50743,42514,ěr cōng mù míng,1,
41827,顺服,50744,42515,shùn fú,1,
41828,删减,50745,42516,shān jiǎn,1,
41829,盼头,50749,42517,pàn tou,1,
41830,色鬼,50751,42518,sè guǐ,1,
41831,振幅,50753,42519,zhèn fú,1,
41832,竹节,50754,42520,zhú jié,1,
41833,焦煤,50755,42521,jiāo méi,1,
41834,飞蝗,50756,42522,fēi huáng,1,
41835,逐客令,50758,42523,zhú kè lìng,1,
41836,列祖列宗,50759,42524,liè zǔ liè zōng,1,
41837,交战国,50762,42525,jiāo zhàn guó,1,
41838,肄业,50764,42526,yì yè,1,
41839,拆台,50765,42527,chāi tái,1,
41840,壮锦,50766,42528,zhuàng jǐn,1,
41841,人丹,50767,42529,rén dān,1,
41842,辩才,50770,42530,biàn cái,1,
41843,嚷叫,50771,42531,rǎng jiào,1,
41844,桩子,50772,42532,zhuāng zi,1,
41845,兵舰,50773,42533,bīng jiàn,1,
41846,亡友,50774,42534,wáng yǒu,1,
41847,内弟,50775,42535,nèi dì,1,
41848,凌霄,50776,42536,líng xiāo,1,
41849,号头,50779,42537,hào tóu,1,
41850,听写,50783,42538,tīng xiě,1,
41851,干货,50784,42539,gān huò,1,
41852,网子,50785,42540,wǎng zi,1,
41853,守约,50786,42541,shǒu yuē,1,
41854,曲牌,50787,42542,qǔ pái,1,
41855,南戏,50791,42543,nán xì,1,
41856,斜射,50793,42544,xié shè,1,
41857,商请,50796,42545,shāng qǐng,1,
41858,主根,50797,42546,zhǔ gēn,1,
41859,涵闸,50798,42547,hán zhá,1,
41860,骑楼,50801,42548,qí lóu,1,
41861,宰人,50802,42549,zǎi rén,1,
41862,反戈,50805,42550,fǎn gē,1,
41863,滑嫩,50806,42551,huá nèn,1,
41864,偏移,50807,42552,piān yí,1,
41865,级任,50809,42553,jí rèn,1,
41866,殿试,50810,42554,diàn shì,1,
41867,观览,50813,42555,guān lǎn,1,
41868,暑天,50815,42556,shǔ tiān,1,
41869,犹自,50816,42557,yóu zì,1,
41870,电灌,50817,42558,diàn guàn,1,
41871,蛇行,50819,42559,shé xíng,1,
41872,赛点,50820,42560,sài diǎn,1,
41873,地亩,50822,42561,dì mǔ,1,
41874,墨竹,50826,42562,mò zhú,1,
41875,机巧,50827,42563,jī qiǎo,1,
41876,罗织,50828,42564,luó zhī,1,
41877,晋职,50829,42565,jìn zhí,1,
41878,粪坑,50830,42566,fèn kēng,1,
41879,誓愿,50831,42567,shì yuàn,1,
41880,豆面,50832,42568,dòu miàn,1,
41881,娘胎,50833,42569,niáng tāi,1,
41882,小照,50834,42570,xiǎo zhào,1,
41883,茭白,50835,42571,jiāo bái,1,
41884,童男,50836,42572,tóng nán,1,
41885,吞服,50838,42573,tūn fú,1,
41886,萧索,50839,42574,xiāo suǒ,1,
41887,言状,50840,42575,yán zhuàng,1,
41888,叩拜,50842,42576,kòu bài,1,
41889,夜阑,50844,42577,yè lán,1,
41890,回还,50846,42578,huí huán,1,
41891,河汉,50849,42579,hé hàn,1,
41892,横暴,50850,42580,hèng bào,1,
41893,坯布,50851,42581,pī bù,1,
41894,牛痘,50854,42582,niú dòu,1,
41895,内耳,50856,42583,nèi ěr,1,
41896,判分,50857,42584,pàn fēn,1,
41897,武戏,50859,42585,wǔ xì,1,
41898,聘礼,50860,42586,pìn lǐ,1,
41899,长官意志,50862,42587,zhǎng guān yì zhì,1,
41900,坐吃山空,50863,42588,zuò chī shān kōng,1,
41901,量体裁衣,50864,42589,liàng tǐ cái yī,1,
41902,形神兼备,50865,42590,xíng shén jiān bèi,1,
41903,文山会海,50866,42591,wén shān huì hǎi,1,
41904,铲车,50867,42592,chǎn chē,1,
41905,一了百了,50868,42593,yī liǎo bǎi liǎo,1,
41906,以此类推,50869,42594,yǐ cǐ lèi tuī,1,
41907,大器晚成,50873,42595,dà qì wǎn chéng,1,
41908,当不起,50875,42596,dāng bu qǐ,1,
41909,通信兵,50877,42597,tōng xìn bīng,1,
41910,立体图,50878,42598,lì tǐ tú,1,
41911,金刚钻,50882,42599,jīn gāng zuàn,1,
41912,讲价钱,50883,42600,jiǎng jià qián,1,
41913,老搭档,50884,42601,lǎo dā dàng,1,
41914,乱纷纷,50887,42602,luàn fēn fēn,1,
41915,负离子,50893,42603,fù lí zǐ,1,
41916,交际花,50895,42604,jiāo jì huā,1,
41917,多一半,50896,42605,duō yī bàn,1,
41918,流窜犯,50897,42606,liú cuàn fàn,1,
41919,老当益壮,50898,42607,lǎo dāng yì zhuàng,1,
41920,触类旁通,50899,42608,chù lèi páng tōng,1,
41921,真凭实据,50901,42609,zhēn píng shí jù,1,
41922,机器翻译,50902,42610,jī qì fān yì,1,
41923,学有专长,50906,42611,xué yǒu zhuān cháng,1,
41924,分秒必争,50910,42612,fēn miǎo bì zhēng,1,
41925,仁至义尽,50911,42613,rén zhì yì jìn,1,
41926,望洋兴叹,50912,42614,wàng yáng xīng tàn,1,
41927,春小麦,50915,42615,chūn xiǎo mài,1,
41928,坐像,50916,42616,zuò xiàng,1,
41929,剑麻,50917,42617,jiàn má,1,
41930,无可指责,50918,42618,wú kě zhǐ zé,1,
41931,处身,50923,42619,chǔ shēn,1,
41932,麻线,50924,42620,má xiàn,1,
41933,禅学,50926,42621,chán xué,1,
41934,咸肉,50927,42622,xián ròu,1,
41935,喁喁,50928,42623,yóng yóng,1,
41936,酸涩,50929,42624,suān sè,1,
41937,足月,50937,42625,zú yuè,1,
41938,号兵,50940,42626,hào bīng,1,
41939,环行,50941,42627,huán xíng,1,
41940,脚力,50942,42628,jiǎo lì,1,
41941,代偿,50943,42629,dài cháng,1,
41942,归西,50944,42630,guī xī,1,
41943,报修,50946,42631,bào xiū,1,
41944,节礼,50947,42632,jié lǐ,1,
41945,腐竹,50949,42633,fǔ zhú,1,
41946,花蜜,50951,42634,huā mì,1,
41947,气息奄奄,50952,42635,qì xī yǎn yǎn,1,
41948,小字辈,50953,42636,xiǎo zì bèi,1,
41949,壮健,50954,42637,zhuàng jiàn,1,
41950,直书,50957,42638,zhí shū,1,
41951,女车,50958,42639,nǚ chē,1,
41952,地球仪,50963,42640,dì qiú yí,1,
41953,矿脉,50964,42641,kuàng mài,1,
41954,血尿,50965,42642,xuè niào,1,
41955,空阔,50967,42643,kōng kuò,1,
41956,松脂,50972,42644,sōng zhī,1,
41957,绝色,50973,42645,jué sè,1,
41958,宽幅,50975,42646,kuān fú,1,
41959,蹄筋,50976,42647,tí jīn,1,
41960,海沟,50977,42648,hǎi gōu,1,
41961,复排,50979,42649,fù pái,1,
41962,药补,50980,42650,yào bǔ,1,
41963,韭黄,50981,42651,jiǔ huáng,1,
41964,污渍,50982,42652,wū zì,1,
41965,花籽儿,50984,42653,huā zǐ er,1,
41966,存款单,50985,42654,cún kuǎn dān,1,
41967,出镜,50986,42655,chū jìng,1,
41968,去岁,50989,42656,qù suì,1,
41969,闹情绪,50991,42657,nào qíng xù,1,
41970,箱体,50996,42658,xiāng tǐ,1,
41971,经济舱,50998,42659,jīng jì cāng,1,
41972,夹心,50999,42660,jiā xīn,1,
41973,瓷窑,51001,42661,cí yáo,1,
41974,周遍,51003,42662,zhōu biàn,1,
41975,镊子,51005,42663,niè zi,1,
41976,眼尖,51007,42664,yǎn jiān,1,
41977,蒿草,51008,42665,hāo cǎo,1,
41978,泡桐,51012,42666,pāo tóng,1,
41979,姘头,51015,42667,pīn tou,1,
41980,舱位,51017,42668,cāng wèi,1,
41981,微雕,51018,42669,wēi diāo,1,
41982,妥帖,51019,42670,tuǒ tiē,1,
41983,毛丫头,51022,42671,máo yā tou,1,
41984,河北梆子,51023,42672,hé běi bāng zi,1,
41985,定向培养,51025,42673,dìng xiàng péi yǎng,1,
41986,交通信号,51026,42674,jiāo tōng xìn hào,1,
41987,好说歹说,51028,42675,hǎo shuō dǎi shuō,1,
41988,言之有物,51030,42676,yán zhī yǒu wù,1,
41989,角膜炎,51031,42677,jiǎo mó yán,1,
41990,恬不知耻,51034,42678,tián bù zhī chǐ,1,
41991,门户之见,51038,42679,mén hù zhī jiàn,1,
41992,一决雌雄,51039,42680,yī jué cí xióng,1,
41993,先知先觉,51040,42681,xiān zhī xiān jué,1,
41994,不可知论,51045,42682,bù kě zhī lùn,1,
41995,风烛残年,51046,42683,fēng zhú cán nián,1,
41996,缠绵悱恻,51048,42684,chán mián fěi cè,1,
41997,后会有期,51050,42685,hòu huì yǒu qī,1,
41998,曲径通幽,51055,42686,qū jìng tōng yōu,1,
41999,家庭影院,51056,42687,jiā tíng yǐng yuàn,1,
42000,病入膏肓,51058,42688,bìng rù gāo huāng,1,
42001,秘传,51060,42689,mì chuán,1,
42002,黧黑,51062,42690,lí hēi,1,
42003,入籍,51063,42691,rù jí,1,
42004,死硬,51064,42692,sǐ yìng,1,
42005,颠倒是非,51067,42693,diān dǎo shì fēi,1,
42006,樊篱,51068,42694,fán lí,1,
42007,诗抄,51069,42695,shī chāo,1,
42008,豪饮,51070,42696,háo yǐn,1,
42009,落英,51071,42697,luò yīng,1,
42010,蓊郁,51075,42698,wěng yù,1,
42011,稍候,51078,42699,shāo hòu,1,
42012,校史,51080,42700,xiào shǐ,1,
42013,老辣,51082,42701,lǎo là,1,
42014,圆熟,51083,42702,yuán shú,1,
42015,伙夫,51087,42703,huǒ fū,1,
42016,急性子,51089,42704,jí xìng zi,1,
42017,轮牧,51090,42705,lún mù,1,
42018,籽棉,51091,42706,zǐ mián,1,
42019,露一手,51092,42707,lòu yī shǒu,1,
42020,答词,51093,42708,dá cí,1,
42021,撑持,51094,42709,chēng chí,1,
42022,炮仗,51096,42710,pào zhang,1,
42023,屈死,51097,42711,qū sǐ,1,
42024,春华秋实,51100,42712,chūn huá qiū shí,1,
42025,蕴蓄,51101,42713,yùn xù,1,
42026,窥测,51103,42714,kuī cè,1,
42027,冲印,51107,42715,chōng yìn,1,
42028,移花接木,51108,42716,yí huā jiē mù,1,
42029,内亲,51113,42717,nèi qīn,1,
42030,挡板,51114,42718,dǎng bǎn,1,
42031,因祸得福,51115,42719,yīn huò dé fú,1,
42032,孩子王,51116,42720,hái zi wáng,1,
42033,挟带,51117,42721,xié dài,1,
42034,奇绝,51120,42722,qí jué,1,
42035,眷念,51124,42723,juàn niàn,1,
42036,翻领,51126,42724,fān lǐng,1,
42037,摸高,51127,42725,mō gāo,1,
42038,贝雷帽,51128,42726,bèi léi mào,1,
42039,罩子,51130,42727,zhào zi,1,
42040,另册,51131,42728,lìng cè,1,
42041,寻开心,51132,42729,xún kāi xīn,1,
42042,老古董,51134,42730,lǎo gǔ dǒng,1,
42043,铁交椅,51137,42731,tiě jiāo yǐ,1,
42044,友邻,51139,42732,yǒu lín,1,
42045,狗崽子,51141,42733,gǒu zǎi zi,1,
42046,第三人称,51142,42734,dì sān rén chēng,1,
42047,歌舞升平,51145,42735,gē wǔ shēng píng,1,
42048,选载,51149,42736,xuǎn zǎi,1,
42049,国丧,51150,42737,guó sāng,1,
42050,幽禁,51151,42738,yōu jìn,1,
42051,化干戈为玉帛,51153,42739,huà gān gē wéi yù bó,1,
42052,鞍子,51155,42740,ān zi,1,
42053,知心话,51156,42741,zhī xīn huà,1,
42054,二进制,51158,42742,èr jìn zhì,1,
42055,拍发,51162,42743,pāi fā,1,
42056,腮腺,51163,42744,sāi xiàn,1,
42057,臆造,51164,42745,yì zào,1,
42058,水榭,51165,42746,shuǐ xiè,1,
42059,急先锋,51166,42747,jí xiān fēng,1,
42060,备料,51171,42748,bèi liào,1,
42061,不求甚解,51172,42749,bù qiú shèn jiě,1,
42062,亡命之徒,51174,42750,wáng mìng zhī tú,1,
42063,闲言碎语,51176,42751,xián yán suì yǔ,1,
42064,回光返照,51178,42752,huí guāng fǎn zhào,1,
42065,短少,51179,42753,duǎn shǎo,1,
42066,家徒四壁,51181,42754,jiā tú sì bì,1,
42067,含糊其词,51183,42755,hán hú qí cí,1,
42068,犒劳,51186,42756,kào láo,1,
42069,一见倾心,51188,42757,yī jiàn qīng xīn,1,
42070,洋式,51189,42758,yáng shì,1,
42071,探幽,51190,42759,tàn yōu,1,
42072,三秋,51191,42760,sān qiū,1,
42073,六艺,51192,42761,liù yì,1,
42074,贺年片,51194,42762,hè nián piàn,1,
42075,去势,51197,42763,qù shì,1,
42076,骁将,51199,42764,xiāo jiàng,1,
42077,药膳,51201,42765,yào shàn,1,
42078,改扮,51203,42766,gǎi bàn,1,
42079,热肠,51204,42767,rè cháng,1,
42080,余孽,51206,42768,yú niè,1,
42081,偷换,51207,42769,tōu huàn,1,
42082,鱼雷艇,51210,42770,yú léi tǐng,1,
42083,玻璃纸,51211,42771,bō li zhǐ,1,
42084,犯不上,51213,42772,fàn bu shàng,1,
42085,著作等身,51216,42773,zhù zuò děng shēn,1,
42086,遮阳帽,51218,42774,zhē yáng mào,1,
42087,明细表,51223,42775,míng xì biǎo,1,
42088,叫苦连天,51231,42776,jiào kǔ lián tiān,1,
42089,治外法权,51232,42777,zhì wài fǎ quán,1,
42090,两院制,51234,42778,liǎng yuàn zhì,1,
42091,断路,51235,42779,duàn lù,1,
42092,磁头,51236,42780,cí tóu,1,
42093,草菇,51238,42781,cǎo gū,1,
42094,延揽,51239,42782,yán lǎn,1,
42095,头昏脑胀,51240,42783,tóu hūn nǎo zhàng,1,
42096,拉杆,51242,42784,lā gān,1,
42097,余威,51243,42785,yú wēi,1,
42098,仇怨,51244,42786,chóu yuàn,1,
42099,凋落,51245,42787,diāo luò,1,
42100,情景交融,51247,42788,qíng jǐng jiāo róng,1,
42101,刨根问底,51248,42789,páo gēn wèn dǐ,1,
42102,法盲,51249,42790,fǎ máng,1,
42103,航拍,51251,42791,háng pāi,1,
42104,细究,51253,42792,xì jiū,1,
42105,兀立,51255,42793,wù lì,1,
42106,脸子,51257,42794,liǎn zi,1,
42107,照拂,51258,42795,zhào fú,1,
42108,压延,51261,42796,yā yán,1,
42109,照本宣科,51262,42797,zhào běn xuān kē,1,
42110,叉烧,51266,42798,chā shāo,1,
42111,银屏,51268,42799,yín píng,1,
42112,甜品,51269,42800,tián pǐn,1,
42113,挑头,51270,42801,tiǎo tóu,1,
42114,诲人不倦,51272,42802,huì rén bù juàn,1,
42115,合刊,51274,42803,hé kān,1,
42116,行军床,51275,42804,xíng jūn chuáng,1,
42117,淫欲,51278,42805,yín yù,1,
42118,弹词,51282,42806,tán cí,1,
42119,油桐,51283,42807,yóu tóng,1,
42120,盲肠,51284,42808,máng cháng,1,
42121,主项,51285,42809,zhǔ xiàng,1,
42122,锄地,51287,42810,chú dì,1,
42123,叔祖,51289,42811,shū zǔ,1,
42124,交班,51295,42812,jiāo bān,1,
42125,酸麻,51297,42813,suān má,1,
42126,汇展,51298,42814,huì zhǎn,1,
42127,发虚,51300,42815,fā xū,1,
42128,色狼,51301,42816,sè láng,1,
42129,套裙,51303,42817,tào qún,1,
42130,星号,51304,42818,xīng hào,1,
42131,一码事,51305,42819,yī mǎ shì,1,
42132,唯命是从,51308,42820,wéi mìng shì cóng,1,
42133,愁绪,51310,42821,chóu xù,1,
42134,削发,51311,42822,xuē fà,1,
42135,树阴,51315,42823,shù yīn,1,
42136,欧姆,51316,42824,ōu mǔ,1,
42137,十字街头,51318,42825,shí zì jiē tóu,1,
42138,寄放,51320,42826,jì fàng,1,
42139,渡槽,51321,42827,dù cáo,1,
42140,无可奉告,51322,42828,wú kě fèng gào,1,
42141,部类,51323,42829,bù lèi,1,
42142,底薪,51324,42830,dǐ xīn,1,
42143,生涩,51325,42831,shēng sè,1,
42144,惹是生非,51326,42832,rě shì shēng fēi,1,
42145,线衣,51327,42833,xiàn yī,1,
42146,精要,51331,42834,jīng yào,1,
42147,特辑,51332,42835,tè jí,1,
42148,旧账,51336,42836,jiù zhàng,1,
42149,清寒,51339,42837,qīng hán,1,
42150,自便,51341,42838,zì biàn,1,
42151,奸夫,51343,42839,jiān fū,1,
42152,纲纪,51346,42840,gāng jì,1,
42153,翻查,51347,42841,fān chá,1,
42154,装相,51348,42842,zhuāng xiàng,1,
42155,五七干校,51349,42843,wǔ qī gàn xiào,1,
42156,北头,51354,42844,běi tóu,1,
42157,怒号,51356,42845,nù háo,1,
42158,考期,51357,42846,kǎo qī,1,
42159,内出血,51363,42847,nèi chū xuè,1,
42160,屠户,51364,42848,tú hù,1,
42161,偶或,51365,42849,ǒu huò,1,
42162,崩盘,51369,42850,bēng pán,1,
42163,龙虎斗,51370,42851,lóng hǔ dòu,1,
42164,富国强兵,51371,42852,fù guó qiáng bīng,1,
42165,面议,51373,42853,miàn yì,1,
42166,老窝,51374,42854,lǎo wō,1,
42167,法场,51378,42855,fǎ chǎng,1,
42168,不好惹,51379,42856,bù hǎo rě,1,
42169,接缝,51382,42857,jiē fèng,1,
42170,麦芽糖,51383,42858,mài yá táng,1,
42171,瘤子,51387,42859,liú zi,1,
42172,胡搅,51389,42860,hú jiǎo,1,
42173,黄酱,51391,42861,huáng jiàng,1,
42174,尸骸,51392,42862,shī hái,1,
42175,椰枣,51393,42863,yē zǎo,1,
42176,乖僻,51397,42864,guāi pì,1,
42177,送气,51398,42865,sòng qì,1,
42178,讽喻,51399,42866,fěng yù,1,
42179,插科打诨,51400,42867,chā kē dǎ hùn,1,
42180,密码箱,51403,42868,mì mǎ xiāng,1,
42181,线团,51404,42869,xiàn tuán,1,
42182,感慨系之,51406,42870,gǎn kǎi xì zhī,1,
42183,安全门,51408,42871,ān quán mén,1,
42184,洋洋大观,51409,42872,yáng yáng dà guān,1,
42185,批条子,51410,42873,pī tiáo zi,1,
42186,预产期,51411,42874,yù chǎn qī,1,
42187,喇嘛教,51412,42875,lǎ ma jiào,1,
42188,游医,51413,42876,yóu yī,1,
42189,脚腕,51418,42877,jiǎo wàn,1,
42190,醉眼,51419,42878,zuì yǎn,1,
42191,投缘,51420,42879,tóu yuán,1,
42192,常春藤,51421,42880,cháng chūn téng,1,
42193,江河日下,51423,42881,jiāng hé rì xià,1,
42194,拼合,51424,42882,pīn hé,1,
42195,常礼,51427,42883,cháng lǐ,1,
42196,谷雨,51428,42884,gǔ yǔ,1,
42197,选收,51429,42885,xuǎn shōu,1,
42198,衬里,51430,42886,chèn lǐ,1,
42199,下脚料,51432,42887,xià jiǎo liào,1,
42200,夏布,51433,42888,xià bù,1,
42201,系铃人,51434,42889,xì líng rén,1,
42202,忠烈,51439,42890,zhōng liè,1,
42203,兵卒,51440,42891,bīng zú,1,
42204,熟菜,51443,42892,shú cài,1,
42205,气不过,51445,42893,qì bù guò,1,
42206,帅才,51446,42894,shuài cái,1,
42207,着慌,51447,42895,zháo huāng,1,
42208,备马,51448,42896,bèi mǎ,1,
42209,片头,51449,42897,piàn tóu,1,
42210,惯犯,51450,42898,guàn fàn,1,
42211,落发,51452,42899,luò fà,1,
42212,花鼓戏,51454,42900,huā gǔ xì,1,
42213,标准件,51455,42901,biāo zhǔn jiàn,1,
42214,劝诱,51457,42902,quàn yòu,1,
42215,圆规,51459,42903,yuán guī,1,
42216,恋歌,51460,42904,liàn gē,1,
42217,悼亡,51467,42905,dào wáng,1,
42218,受冤,51471,42906,shòu yuān,1,
42219,胸腺,51473,42907,xiōng xiàn,1,
42220,炕席,51476,42908,kàng xí,1,
42221,各别,51478,42909,gè bié,1,
42222,打歼灭战,51479,42910,dǎ jiān miè zhàn,1,
42223,助纣为虐,51480,42911,zhù zhòu wéi nüè,1,
42224,忧愤,51482,42912,yōu fèn,1,
42225,佃农,51483,42913,diàn nóng,1,
42226,拉纤,51485,42914,lā qiàn,1,
42227,内画,51486,42915,nèi huà,1,
42228,国产片,51488,42916,guó chǎn piàn,1,
42229,感恩戴德,51489,42917,gǎn ēn dài dé,1,
42230,泡沫塑料,51490,42918,pào mò sù liào,1,
42231,修读,51491,42919,xiū dú,1,
42232,洁癖,51492,42920,jié pǐ,1,
42233,僧多粥少,51493,42921,sēng duō zhōu shǎo,1,
42234,心肌梗死,51495,42922,xīn jī gěng sǐ,1,
42235,饮水思源,51496,42923,yǐn shuǐ sī yuán,1,
42236,包养,51500,42924,bāo yǎng,1,
42237,嬉笑怒骂,51502,42925,xī xiào nù mà,1,
42238,灶王爷,51504,42926,zào wáng yé,1,
42239,汗腺,51505,42927,hàn xiàn,1,
42240,俄罗斯族,51506,42928,é luó sī zú,1,
42241,佩刀,51508,42929,pèi dāo,1,
42242,竖井,51512,42930,shù jǐng,1,
42243,碎步,51513,42931,suì bù,1,
42244,萍水相逢,51515,42932,píng shuǐ xiāng féng,1,
42245,温酒,51516,42933,wēn jiǔ,1,
42246,电弧,51517,42934,diàn hú,1,
42247,鼻头,51518,42935,bí tóu,1,
42248,追根究底,51521,42936,zhuī gēn jiū dǐ,1,
42249,酒器,51522,42937,jiǔ qì,1,
42250,回马枪,51523,42938,huí mǎ qiāng,1,
42251,待考,51525,42939,dài kǎo,1,
42252,阴风,51526,42940,yīn fēng,1,
42253,压力锅,51527,42941,yā lì guō,1,
42254,钻牛角尖,51529,42942,zuān niú jiǎo jiān,1,
42255,笼屉,51530,42943,lóng tì,1,
42256,怀乡,51534,42944,huái xiāng,1,
42257,匪帮,51535,42945,fěi bāng,1,
42258,干鲜果品,51536,42946,gān xiān guǒ pǐn,1,
42259,褥疮,51538,42947,rù chuāng,1,
42260,过礼,51539,42948,guò lǐ,1,
42261,艄公,51540,42949,shāo gōng,1,
42262,海涂,51541,42950,hǎi tú,1,
42263,吃皇粮,51542,42951,chī huáng liáng,1,
42264,采录,51543,42952,cǎi lù,1,
42265,脱臼,51546,42953,tuō jiù,1,
42266,陶陶,51551,42954,táo táo,1,
42267,归期,51552,42955,guī qī,1,
42268,旧宅,51553,42956,jiù zhái,1,
42269,汉语水平考试,51558,42957,hàn yǔ shuǐ píng kǎo shì,1,
42270,正剧,51560,42958,zhèng jù,1,
42271,粟米,51561,42959,sù mǐ,1,
42272,临空,51563,42960,lín kōng,1,
42273,慈眉善目,51564,42961,cí méi shàn mù,1,
42274,五谷杂粮,51565,42962,wǔ gǔ zá liáng,1,
42275,畏途,51568,42963,wèi tú,1,
42276,膨大,51570,42964,péng dà,1,
42277,薄饼,51571,42965,báo bǐng,1,
42278,晚景,51572,42966,wǎn jǐng,1,
42279,以毒攻毒,51573,42967,yǐ dú gōng dú,1,
42280,拱顶,51574,42968,gǒng dǐng,1,
42281,血友病,51576,42969,xuè yǒu bìng,1,
42282,塔吊,51577,42970,tǎ diào,1,
42283,息怒,51580,42971,xī nù,1,
42284,老本行,51586,42972,lǎo běn háng,1,
42285,人防工程,51587,42973,rén fáng gōng chéng,1,
42286,论敌,51588,42974,lùn dí,1,
42287,复业,51589,42975,fù yè,1,
42288,略胜一筹,51590,42976,lüè shèng yī chóu,1,
42289,眼袋,51592,42977,yǎn dài,1,
42290,意见箱,51595,42978,yì jiàn xiāng,1,
42291,别有风味,51596,42979,bié yǒu fēng wèi,1,
42292,癞子,51597,42980,lài zi,1,
42293,金丝雀,51598,42981,jīn sī què,1,
42294,哭鼻子,51602,42982,kū bí zi,1,
42295,补遗,51603,42983,bǔ yí,1,
42296,退席,51607,42984,tuì xí,1,
42297,山毛榉,51608,42985,shān máo jǔ,1,
42298,驯兽,51609,42986,xùn shòu,1,
42299,散佚,51610,42987,sàn yì,1,
42300,射流,51611,42988,shè liú,1,
42301,覆舟,51613,42989,fù zhōu,1,
42302,原形毕露,51616,42990,yuán xíng bì lù,1,
42303,秒表,51617,42991,miǎo biǎo,1,
42304,别具匠心,51618,42992,bié jù jiàng xīn,1,
42305,温湿,51619,42993,wēn shī,1,
42306,炉台,51621,42994,lú tái,1,
42307,正误,51622,42995,zhèng wù,1,
42308,血证,51623,42996,xuè zhèng,1,
42309,顺情,51624,42997,shùn qíng,1,
42310,泥瓦匠,51627,42998,ní wǎ jiàng,1,
42311,小葱,51629,42999,xiǎo cōng,1,
42312,独出心裁,51630,43000,dú chū xīn cái,1,
42313,奉公守法,51632,43001,fèng gōng shǒu fǎ,1,
42314,恶俗,51633,43002,è sú,1,
42315,舟楫,51634,43003,zhōu jí,1,
42316,佝偻病,51637,43004,gōu lóu bìng,1,
42317,闭锁,51638,43005,bì suǒ,1,
42318,专名,51639,43006,zhuān míng,1,
42319,停播,51640,43007,tíng bō,1,
42320,准星,51641,43008,zhǔn xīng,1,
42321,星团,51643,43009,xīng tuán,1,
42322,挨整,51644,43010,ái zhěng,1,
42323,妙招,51645,43011,miào zhāo,1,
42324,头重脚轻,51649,43012,tóu zhòng jiǎo qīng,1,
42325,作践,51651,43013,zuò jian,1,
42326,博雅,51652,43014,bó yǎ,1,
42327,清库,51653,43015,qīng kù,1,
42328,滴水成冰,51654,43016,dī shuǐ chéng bīng,1,
42329,巡夜,51655,43017,xún yè,1,
42330,狂涛,51657,43018,kuáng tāo,1,
42331,断根,51658,43019,duàn gēn,1,
42332,远祖,51659,43020,yuǎn zǔ,1,
42333,故伎重演,51660,43021,gù jì chóng yǎn,1,
42334,翕动,51661,43022,xī dòng,1,
42335,起皱,51662,43023,qǐ zhòu,1,
42336,魂不守舍,51663,43024,hún bù shǒu shè,1,
42337,冬令营,51666,43025,dōng lìng yíng,1,
42338,大智若愚,51667,43026,dà zhì ruò yú,1,
42339,麦浪,51668,43027,mài làng,1,
42340,天条,51669,43028,tiān tiáo,1,
42341,丑八怪,51671,43029,chǒu bā guài,1,
42342,散养,51672,43030,sǎn yǎng,1,
42343,从一而终,51674,43031,cóng yī ér zhōng,1,
42344,廊子,51676,43032,láng zi,1,
42345,灯市,51677,43033,dēng shì,1,
42346,深仇大恨,51679,43034,shēn chóu dà hèn,1,
42347,地方主义,51680,43035,dì fāng zhǔ yì,1,
42348,矫捷,51681,43036,jiǎo jié,1,
42349,退走,51683,43037,tuì zǒu,1,
42350,举兵,51685,43038,jǔ bīng,1,
42351,昏乱,51688,43039,hūn luàn,1,
42352,归依,51690,43040,guī yī,1,
42353,春宫,51693,43041,chūn gōng,1,
42354,嫩黄,51698,43042,nèn huáng,1,
42355,冰镇,51701,43043,bīng zhèn,1,
42356,电力线,51702,43044,diàn lì xiàn,1,
42357,臂力,51703,43045,bì lì,1,
42358,挺括,51705,43046,tǐng kuò,1,
42359,天王星,51707,43047,tiān wáng xīng,1,
42360,橡皮筋,51708,43048,xiàng pí jīn,1,
42361,窖藏,51709,43049,jiào cáng,1,
42362,超低温,51711,43050,chāo dī wēn,1,
42363,活见鬼,51714,43051,huó jiàn guǐ,1,
42364,家天下,51715,43052,jiā tiān xià,1,
42365,诊断书,51716,43053,zhěn duàn shū,1,
42366,官能症,51717,43054,guān néng zhèng,1,
42367,二郎腿,51718,43055,èr láng tuǐ,1,
42368,红霉素,51720,43056,hóng méi sù,1,
42369,紧巴巴,51722,43057,jǐn bā bā,1,
42370,血肉横飞,51726,43058,xuè ròu héng fēi,1,
42371,自我解嘲,51729,43059,zì wǒ jiě cháo,1,
42372,犬牙交错,51730,43060,quǎn yá jiāo cuò,1,
42373,立锥之地,51732,43061,lì zhuī zhī dì,1,
42374,乌七八糟,51733,43062,wū qī bā zāo,1,
42375,概莫能外,51735,43063,gài mò néng wài,1,
42376,利令智昏,51737,43064,lì lìng zhì hūn,1,
42377,吃败仗,51738,43065,chī bài zhàng,1,
42378,自选商场,51739,43066,zì xuǎn shāng chǎng,1,
42379,明察秋毫,51741,43067,míng chá qiū háo,1,
42380,自来水笔,51743,43068,zì lái shuǐ bǐ,1,
42381,吞云吐雾,51744,43069,tūn yún tǔ wù,1,
42382,化学分析,51745,43070,huà xué fēn xī,1,
42383,娇嗔,51746,43071,jiāo chēn,1,
42384,而况,51747,43072,ér kuàng,1,
42385,香案,51754,43073,xiāng àn,1,
42386,纷杂,51755,43074,fēn zá,1,
42387,犯事,51757,43075,fàn shì,1,
42388,绝热,51758,43076,jué rè,1,
42389,千卡,51759,43077,qiān kǎ,1,
42390,乳臭,51761,43078,rǔ xiù,1,
42391,诤友,51762,43079,zhèng yǒu,1,
42392,翘楚,51769,43080,qiáo chǔ,1,
42393,贤士,51772,43081,xián shì,1,
42394,美人计,51773,43082,měi rén jì,1,
42395,丧尽天良,51774,43083,sàng jìn tiān liáng,1,
42396,发刊,51779,43084,fā kān,1,
42397,迤逦,51780,43085,yǐ lǐ,1,
42398,奋笔疾书,51782,43086,fèn bǐ jí shū,1,
42399,嗜血,51784,43087,shì xuè,1,
42400,机关刊物,51785,43088,jī guān kān wù,1,
42401,雹灾,51787,43089,báo zāi,1,
42402,雏菊,51791,43090,chú jú,1,
42403,独角戏,51793,43091,dú jiǎo xì,1,
42404,回礼,51794,43092,huí lǐ,1,
42405,沙坑,51796,43093,shā kēng,1,
42406,剪切,51797,43094,jiǎn qiē,1,
42407,晃眼,51798,43095,huǎng yǎn,1,
42408,人造革,51801,43096,rén zào gé,1,
42409,骨碌碌,51802,43097,gū lù lù,1,
42410,敕令,51804,43098,chì lìng,1,
42411,吹吹打打,51805,43099,chuī chuī dǎ dǎ,1,
42412,旷工,51806,43100,kuàng gōng,1,
42413,灯台,51807,43101,dēng tái,1,
42414,娇贵,51808,43102,jiāo guì,1,
42415,罗致,51810,43103,luó zhì,1,
42416,拓印,51812,43104,tà yìn,1,
42417,通存通兑,51814,43105,tōng cún tōng duì,1,
42418,逃散,51816,43106,táo sàn,1,
42419,救命稻草,51817,43107,jiù mìng dào cǎo,1,
42420,老花眼,51818,43108,lǎo huā yǎn,1,
42421,茅坑,51820,43109,máo kēng,1,
42422,大白话,51822,43110,dà bái huà,1,
42423,驼铃,51824,43111,tuó líng,1,
42424,弦子,51826,43112,xián zi,1,
42425,升力,51830,43113,shēng lì,1,
42426,密约,51832,43114,mì yuē,1,
42427,嘴馋,51833,43115,zuǐ chán,1,
42428,思谋,51834,43116,sī móu,1,
42429,插销,51838,43117,chā xiāo,1,
42430,半生不熟,51840,43118,bàn shēng bù shú,1,
42431,游艺机,51842,43119,yóu yì jī,1,
42432,占线,51844,43120,zhàn xiàn,1,
42433,逢凶化吉,51846,43121,féng xiōng huà jí,1,
42434,垂落,51847,43122,chuí luò,1,
42435,鸿篇巨制,51848,43123,hóng piān jù zhì,1,
42436,防旱,51849,43124,fáng hàn,1,
42437,忽冷忽热,51850,43125,hū lěng hū rè,1,
42438,手生,51851,43126,shǒu shēng,1,
42439,沟谷,51852,43127,gōu gǔ,1,
42440,毛毛虫,51853,43128,máo mao chóng,1,
42441,儒将,51854,43129,rú jiàng,1,
42442,龙袍,51856,43130,lóng páo,1,
42443,纵谈,51859,43131,zòng tán,1,
42444,待办,51860,43132,dài bàn,1,
42445,光荣榜,51862,43133,guāng róng bǎng,1,
42446,断喝,51863,43134,duàn hè,1,
42447,鱼饵,51864,43135,yú ěr,1,
42448,水葫芦,51869,43136,shuǐ hú lu,1,
42449,覆亡,51870,43137,fù wáng,1,
42450,抱养,51873,43138,bào yǎng,1,
42451,荧幕,51875,43139,yíng mù,1,
42452,食不果腹,51876,43140,shí bù guǒ fù,1,
42453,面包房,51877,43141,miàn bāo fáng,1,
42454,骑虎难下,51879,43142,qí hǔ nán xià,1,
42455,气鼓鼓,51882,43143,qì gǔ gǔ,1,
42456,跛脚,51883,43144,bǒ jiǎo,1,
42457,云际,51884,43145,yún jì,1,
42458,捉刀,51886,43146,zhuō dāo,1,
42459,耗材,51888,43147,hào cái,1,
42460,广开言路,51890,43148,guǎng kāi yán lù,1,
42461,补剂,51893,43149,bǔ jì,1,
42462,使坏,51898,43150,shǐ huài,1,
42463,方块字,51899,43151,fāng kuài zì,1,
42464,启禀,51903,43152,qǐ bǐng,1,
42465,酒具,51905,43153,jiǔ jù,1,
42466,发疼,51907,43154,fā téng,1,
42467,衣扣,51909,43155,yī kòu,1,
42468,占星术,51911,43156,zhān xīng shù,1,
42469,眼快,51913,43157,yǎn kuài,1,
42470,赌局,51914,43158,dǔ jú,1,
42471,塞子,51915,43159,sāi zi,1,
42472,生色,51918,43160,shēng sè,1,
42473,口腹,51920,43161,kǒu fù,1,
42474,杀人灭口,51923,43162,shā rén miè kǒu,1,
42475,宝蓝,51925,43163,bǎo lán,1,
42476,奸计,51926,43164,jiān jì,1,
42477,立户,51929,43165,lì hù,1,
42478,自怨自艾,51931,43166,zì yuàn zì yì,1,
42479,黄莺,51932,43167,huáng yīng,1,
42480,寿衣,51933,43168,shòu yī,1,
42481,面汤,51934,43169,miàn tāng,1,
42482,授命,51937,43170,shòu mìng,1,
42483,预习,51940,43171,yù xí,1,
42484,一哄而散,51941,43172,yī hòng ér sàn,1,
42485,揽客,51942,43173,lǎn kè,1,
42486,烧荒,51943,43174,shāo huāng,1,
42487,滑腻,51944,43175,huá nì,1,
42488,照护,51945,43176,zhào hù,1,
42489,艳情,51949,43177,yàn qíng,1,
42490,立柜,51950,43178,lì guì,1,
42491,道袍,51951,43179,dào páo,1,
42492,丧身,51952,43180,sàng shēn,1,
42493,乐句,51954,43181,yuè jù,1,
42494,饮弹,51955,43182,yǐn dàn,1,
42495,拉丁字母,51957,43183,lā dīng zì mǔ,1,
42496,窝心,51958,43184,wō xīn,1,
42497,节录,51959,43185,jié lù,1,
42498,药械,51965,43186,yào xiè,1,
42499,自测,51966,43187,zì cè,1,
42500,内勤,51967,43188,nèi qín,1,
42501,兵源,51968,43189,bīng yuán,1,
42502,陈醋,51969,43190,chén cù,1,
42503,枝杈,51970,43191,zhī chà,1,
42504,清火,51972,43192,qīng huǒ,1,
42505,书皮,51973,43193,shū pí,1,
42506,意气用事,51975,43194,yì qì yòng shì,1,
42507,复转,51976,43195,fù zhuǎn,1,
42508,串珠,51977,43196,chuàn zhū,1,
42509,交通量,51980,43197,jiāo tōng liàng,1,
42510,飞花,51982,43198,fēi huā,1,
42511,宦海,51985,43199,huàn hǎi,1,
42512,咬嘴,51989,43200,yǎo zuǐ,1,
42513,枪榴弹,51991,43201,qiāng liú dàn,1,
42514,硬任务,51992,43202,yìng rèn wù,1,
42515,不忿,51993,43203,bù fèn,1,
42516,照明弹,51994,43204,zhào míng dàn,1,
42517,邪魔,51996,43205,xié mó,1,
42518,见机行事,51998,43206,jiàn jī xíng shì,1,
42519,拉票,51999,43207,lā piào,1,
42520,尖锐化,52002,43208,jiān ruì huà,1,
42521,逗号,52004,43209,dòu hào,1,
42522,宽绰,52005,43210,kuān chuo,1,
42523,见微知著,52007,43211,jiàn wēi zhī zhù,1,
42524,虫卵,52013,43212,chóng luǎn,1,
42525,一念之差,52014,43213,yī niàn zhī chā,1,
42526,卡其,52015,43214,kǎ qí,1,
42527,浴衣,52016,43215,yù yī,1,
42528,结怨,52017,43216,jié yuàn,1,
42529,杂七杂八,52019,43217,zá qī zá bā,1,
42530,罪该万死,52021,43218,zuì gāi wàn sǐ,1,
42531,好逸恶劳,52022,43219,hào yì wù láo,1,
42532,煽风点火,52031,43220,shān fēng diǎn huǒ,1,
42533,目不斜视,52032,43221,mù bù xié shì,1,
42534,咄咄怪事,52036,43222,duō duō guài shì,1,
42535,心肌炎,52037,43223,xīn jī yán,1,
42536,恕罪,52042,43224,shù zuì,1,
42537,封门,52043,43225,fēng mén,1,
42538,小睡,52046,43226,xiǎo shuì,1,
42539,市斤,52048,43227,shì jīn,1,
42540,执罚,52050,43228,zhí fá,1,
42541,水红,52051,43229,shuǐ hóng,1,
42542,超绝,52052,43230,chāo jué,1,
42543,兜兜,52056,43231,dōu dou,1,
42544,面馆,52057,43232,miàn guǎn,1,
42545,透辟,52058,43233,tòu pì,1,
42546,无轨电车,52059,43234,wú guǐ diàn chē,1,
42547,蔓生,52061,43235,màn shēng,1,
42548,文戏,52063,43236,wén xì,1,
42549,硬拼,52065,43237,yìng pīn,1,
42550,弓形,52066,43238,gōng xíng,1,
42551,喑哑,52070,43239,yīn yǎ,1,
42552,洗涮,52075,43240,xǐ shuàn,1,
42553,相商,52076,43241,xiāng shāng,1,
42554,店东,52077,43242,diàn dōng,1,
42555,活似,52080,43243,huó sì,1,
42556,隔行,52081,43244,gé háng,1,
42557,傲骨,52083,43245,ào gǔ,1,
42558,好吃懒做,52084,43246,hào chī lǎn zuò,1,
42559,庇护所,52085,43247,bì hù suǒ,1,
42560,验光,52086,43248,yàn guāng,1,
42561,默祷,52087,43249,mò dǎo,1,
42562,留步,52089,43250,liú bù,1,
42563,破五,52090,43251,pò wǔ,1,
42564,古拙,52092,43252,gǔ zhuō,1,
42565,续弦,52094,43253,xù xián,1,
42566,堑壕,52095,43254,qiàn háo,1,
42567,斗气,52096,43255,dòu qì,1,
42568,乳罩,52098,43256,rǔ zhào,1,
42569,清冽,52101,43257,qīng liè,1,
42570,喉结,52103,43258,hóu jié,1,
42571,活宝,52104,43259,huó bǎo,1,
42572,逞凶,52106,43260,chěng xiōng,1,
42573,听便,52107,43261,tīng biàn,1,
42574,报晓,52110,43262,bào xiǎo,1,
42575,块根,52111,43263,kuài gēn,1,
42576,划拳,52114,43264,huá quán,1,
42577,园圃,52116,43265,yuán pǔ,1,
42578,顾惜,52118,43266,gù xī,1,
42579,拗口,52119,43267,ào kǒu,1,
42580,花花世界,52120,43268,huā huā shì jiè,1,
42581,推延,52121,43269,tuī yán,1,
42582,网眼,52122,43270,wǎng yǎn,1,
42583,辉光,52123,43271,huī guāng,1,
42584,钢窗,52124,43272,gāng chuāng,1,
42585,君子协定,52129,43273,jūn zǐ xié dìng,1,
42586,如雷贯耳,52131,43274,rú léi guàn ěr,1,
42587,挂不住,52137,43275,guà bu zhù,1,
42588,换汤不换药,52138,43276,huàn tāng bù huàn yào,1,
42589,走老路,52139,43277,zǒu lǎo lù,1,
42590,转子,52142,43278,zhuàn zǐ,1,
42591,航测,52143,43279,háng cè,1,
42592,悲泣,52144,43280,bēi qì,1,
42593,赔不是,52145,43281,péi bù shi,1,
42594,杂品,52146,43282,zá pǐn,1,
42595,侦察卫星,52150,43283,zhēn chá wèi xīng,1,
42596,笔误,52151,43284,bǐ wù,1,
42597,雾凇,52154,43285,wù sōng,1,
42598,墨笔,52155,43286,mò bǐ,1,
42599,载波,52156,43287,zài bō,1,
42600,玩物丧志,52160,43288,wán wù sàng zhì,1,
42601,庸才,52161,43289,yōng cái,1,
42602,水酒,52162,43290,shuǐ jiǔ,1,
42603,大慈大悲,52168,43291,dà cí dà bēi,1,
42604,直来直去,52169,43292,zhí lái zhí qù,1,
42605,芳龄,52170,43293,fāng líng,1,
42606,破镜重圆,52171,43294,pò jìng chóng yuán,1,
42607,才略,52173,43295,cái lüè,1,
42608,凄怆,52174,43296,qī chuàng,1,
42609,思慕,52177,43297,sī mù,1,
42610,光面,52178,43298,guāng miàn,1,
42611,金不换,52179,43299,jīn bu huàn,1,
42612,服丧,52180,43300,fú sāng,1,
42613,竭泽而渔,52181,43301,jié zé ér yú,1,
42614,猪排,52182,43302,zhū pái,1,
42615,伤风败俗,52183,43303,shāng fēng bài sú,1,
42616,兴兵,52185,43304,xīng bīng,1,
42617,套鞋,52187,43305,tào xié,1,
42618,没奈何,52188,43306,mò nài hé,1,
42619,自成一体,52190,43307,zì chéng yī tǐ,1,
42620,光驱,52191,43308,guāng qū,1,
42621,寒蝉,52194,43309,hán chán,1,
42622,号哭,52195,43310,háo kū,1,
42623,五线谱,52196,43311,wǔ xiàn pǔ,1,
42624,气门,52197,43312,qì mén,1,
42625,欲盖弥彰,52199,43313,yù gài mí zhāng,1,
42626,植物纤维,52202,43314,zhí wù xiān wéi,1,
42627,白熊,52205,43315,bái xióng,1,
42628,习艺,52206,43316,xí yì,1,
42629,困守,52207,43317,kùn shǒu,1,
42630,去粗取精,52208,43318,qù cū qǔ jīng,1,
42631,毛毛雨,52209,43319,máo mao yǔ,1,
42632,肃毒,52210,43320,sù dú,1,
42633,投亲靠友,52211,43321,tóu qīn kào yǒu,1,
42634,雕凿,52212,43322,diāo záo,1,
42635,打情骂俏,52213,43323,dǎ qíng mà qiào,1,
42636,佛典,52214,43324,fó diǎn,1,
42637,路卡,52215,43325,lù qiǎ,1,
42638,汞柱,52216,43326,gǒng zhù,1,
42639,静脉曲张,52218,43327,jìng mài qū zhāng,1,
42640,乌木,52219,43328,wū mù,1,
42641,蛆虫,52220,43329,qū chóng,1,
42642,河渠,52221,43330,hé qú,1,
42643,翻弄,52225,43331,fān nòng,1,
42644,吟哦,52226,43332,yín é,1,
42645,相敬如宾,52227,43333,xiāng jìng rú bīn,1,
42646,布票,52228,43334,bù piào,1,
42647,牧羊犬,52229,43335,mù yáng quǎn,1,
42648,奖掖,52230,43336,jiǎng yè,1,
42649,星散,52231,43337,xīng sàn,1,
42650,纳罕,52232,43338,nà hǎn,1,
42651,风声鹤唳,52233,43339,fēng shēng hè lì,1,
42652,特遣部队,52234,43340,tè qiǎn bù duì,1,
42653,枕巾,52237,43341,zhěn jīn,1,
42654,书脊,52239,43342,shū jǐ,1,
42655,离合器,52241,43343,lí hé qì,1,
42656,入场式,52242,43344,rù chǎng shì,1,
42657,体温计,52243,43345,tǐ wēn jì,1,
42658,金本位,52245,43346,jīn běn wèi,1,
42659,典型化,52246,43347,diǎn xíng huà,1,
42660,汗珠子,52247,43348,hàn zhū zi,1,
42661,铁观音,52248,43349,tiě guān yīn,1,
42662,开口子,52250,43350,kāi kǒu zi,1,
42663,朝朝暮暮,52252,43351,zhāo zhāo mù mù,1,
42664,救生筏,52254,43352,jiù shēng fá,1,
42665,蔚为大观,52258,43353,wèi wéi dà guān,1,
42666,灯芯绒,52259,43354,dēng xīn róng,1,
42667,片约,52260,43355,piàn yuē,1,
42668,盖碗,52261,43356,gài wǎn,1,
42669,纸醉金迷,52265,43357,zhǐ zuì jīn mí,1,
42670,闪念,52266,43358,shǎn niàn,1,
42671,简评,52267,43359,jiǎn píng,1,
42672,简写,52270,43360,jiǎn xiě,1,
42673,心算,52271,43361,xīn suàn,1,
42674,烦忧,52272,43362,fán yōu,1,
42675,莫逆之交,52274,43363,mò nì zhī jiāo,1,
42676,包修,52275,43364,bāo xiū,1,
42677,誓不罢休,52278,43365,shì bù bà xiū,1,
42678,珍馐,52280,43366,zhēn xiū,1,
42679,同喜,52283,43367,tóng xǐ,1,
42680,莴苣,52284,43368,wō jù,1,
42681,痱子,52289,43369,fèi zi,1,
42682,坐商,52291,43370,zuò shāng,1,
42683,轻看,52292,43371,qīng kàn,1,
42684,幼芽,52293,43372,yòu yá,1,
42685,轻软,52295,43373,qīng ruǎn,1,
42686,脑室,52296,43374,nǎo shì,1,
42687,大煞风景,52297,43375,dà shā fēng jǐng,1,
42688,暖色,52298,43376,nuǎn sè,1,
42689,名满天下,52299,43377,míng mǎn tiān xià,1,
42690,净重,52300,43378,jìng zhòng,1,
42691,由表及里,52302,43379,yóu biǎo jí lǐ,1,
42692,打卡,52303,43380,dǎ kǎ,1,
42693,编演,52307,43381,biān yǎn,1,
42694,称兄道弟,52308,43382,chēng xiōng dào dì,1,
42695,估测,52309,43383,gū cè,1,
42696,百思不解,52311,43384,bǎi sī bù jiě,1,
42697,履新,52312,43385,lǚ xīn,1,
42698,无事生非,52313,43386,wú shì shēng fēi,1,
42699,赶尽杀绝,52315,43387,gǎn jìn shā jué,1,
42700,转门,52316,43388,zhuàn mén,1,
42701,腋窝,52317,43389,yè wō,1,
42702,语流,52318,43390,yǔ liú,1,
42703,拜物教,52319,43391,bài wù jiào,1,
42704,默写,52320,43392,mò xiě,1,
42705,良医,52322,43393,liáng yī,1,
42706,奉还,52326,43394,fèng huán,1,
42707,造次,52327,43395,zào cì,1,
42708,保举,52330,43396,bǎo jǔ,1,
42709,擢升,52331,43397,zhuó shēng,1,
42710,特体,52332,43398,tè tǐ,1,
42711,有机玻璃,52333,43399,yǒu jī bō li,1,
42712,乳剂,52334,43400,rǔ jì,1,
42713,长门,52335,43401,zhǎng mén,1,
42714,仁政,52336,43402,rén zhèng,1,
42715,贤弟,52338,43403,xián dì,1,
42716,麦酒,52340,43404,mài jiǔ,1,
42717,新正,52341,43405,xīn zhēng,1,
42718,玄奥,52342,43406,xuán ào,1,
42719,党政工团,52343,43407,dǎng zhèng gōng tuán,1,
42720,赘言,52344,43408,zhuì yán,1,
42721,夹具,52345,43409,jiā jù,1,
42722,严师,52346,43410,yán shī,1,
42723,胸围,52347,43411,xiōng wéi,1,
42724,单句,52348,43412,dān jù,1,
42725,草滩,52349,43413,cǎo tān,1,
42726,指甲油,52351,43414,zhǐ jia yóu,1,
42727,篮筐,52352,43415,lán kuāng,1,
42728,品貌,52353,43416,pǐn mào,1,
42729,渔火,52354,43417,yú huǒ,1,
42730,初犯,52356,43418,chū fàn,1,
42731,换马,52357,43419,huàn mǎ,1,
42732,鳞甲,52358,43420,lín jiǎ,1,
42733,舌根,52359,43421,shé gēn,1,
42734,叩击,52360,43422,kòu jī,1,
42735,阴曹,52361,43423,yīn cáo,1,
42736,烟鬼,52362,43424,yān guǐ,1,
42737,绝命,52364,43425,jué mìng,1,
42738,参照物,52365,43426,cān zhào wù,1,
42739,胡麻,52369,43427,hú má,1,
42740,冷枪,52372,43428,lěng qiāng,1,
42741,衰颓,52375,43429,shuāi tuí,1,
42742,冤情,52376,43430,yuān qíng,1,
42743,漆皮,52377,43431,qī pí,1,
42744,抓点,52378,43432,zhuā diǎn,1,
42745,小坐,52379,43433,xiǎo zuò,1,
42746,意态,52380,43434,yì tài,1,
42747,传热,52382,43435,chuán rè,1,
42748,学舌,52383,43436,xué shé,1,
42749,好玩儿,52384,43437,hǎo wán er,1,
42750,以泪洗面,52385,43438,yǐ lèi xǐ miàn,1,
42751,鱼虫,52386,43439,yú chóng,1,
42752,漏电,52387,43440,lòu diàn,1,
42753,平行线,52390,43441,píng xíng xiàn,1,
42754,毛巾被,52392,43442,máo jīn bèi,1,
42755,剃光头,52394,43443,tì guāng tóu,1,
42756,管乐队,52397,43444,guǎn yuè duì,1,
42757,形单影只,52398,43445,xíng dān yǐng zhī,1,
42758,红小豆,52399,43446,hóng xiǎo dòu,1,
42759,金蝉脱壳,52400,43447,jīn chán tuō qiào,1,
42760,仿生学,52401,43448,fǎng shēng xué,1,
42761,光灿灿,52403,43449,guāng càn càn,1,
42762,链霉素,52405,43450,liàn méi sù,1,
42763,素色,52407,43451,sù sè,1,
42764,杨桃,52408,43452,yáng táo,1,
42765,谦称,52414,43453,qiān chēng,1,
42766,螺旋体,52416,43454,luó xuán tǐ,1,
42767,棉线,52418,43455,mián xiàn,1,
42768,热狗,52420,43456,rè gǒu,1,
42769,新闻片,52421,43457,xīn wén piàn,1,
42770,坐而论道,52423,43458,zuò ér lùn dào,1,
42771,版权页,52424,43459,bǎn quán yè,1,
42772,社交圈,52427,43460,shè jiāo quān,1,
42773,踢踏舞,52428,43461,tī tà wǔ,1,
42774,偷鸡摸狗,52431,43462,tōu jī mō gǒu,1,
42775,伴音,52433,43463,bàn yīn,1,
42776,隔扇,52436,43464,gé shan,1,
42777,泥塘,52437,43465,ní táng,1,
42778,晶状体,52439,43466,jīng zhuàng tǐ,1,
42779,抢拍,52441,43467,qiǎng pāi,1,
42780,口臭,52442,43468,kǒu chòu,1,
42781,怄气,52443,43469,òu qì,1,
42782,打擂台,52444,43470,dǎ lèi tái,1,
42783,洗练,52446,43471,xǐ liàn,1,
42784,肠衣,52447,43472,cháng yī,1,
42785,遁世,52448,43473,dùn shì,1,
42786,唱本,52449,43474,chàng běn,1,
42787,严办,52451,43475,yán bàn,1,
42788,苍龙,52452,43476,cāng lóng,1,
42789,花房,52453,43477,huā fáng,1,
42790,帘幕,52455,43478,lián mù,1,
42791,苍鹰,52458,43479,cāng yīng,1,
42792,军徽,52462,43480,jūn huī,1,
42793,账册,52464,43481,zhàng cè,1,
42794,卧具,52465,43482,wò jù,1,
42795,累加,52467,43483,lěi jiā,1,
42796,菜点,52469,43484,cài diǎn,1,
42797,秉笔,52470,43485,bǐng bǐ,1,
42798,走水,52471,43486,zǒu shuǐ,1,
42799,声腔,52472,43487,shēng qiāng,1,
42800,羔子,52474,43488,gāo zi,1,
42801,蜂群,52475,43489,fēng qún,1,
42802,单传,52476,43490,dān chuán,1,
42803,铺户,52477,43491,pù hù,1,
42804,神效,52480,43492,shén xiào,1,
42805,过厅,52484,43493,guò tīng,1,
42806,黑店,52485,43494,hēi diàn,1,
42807,油子,52486,43495,yóu zi,1,
42808,半路出家,52487,43496,bàn lù chū jiā,1,
42809,知根知底,52488,43497,zhī gēn zhī dǐ,1,
42810,敖包,52492,43498,áo bāo,1,
42811,手令,52494,43499,shǒu lìng,1,
42812,义捐,52495,43500,yì juān,1,
42813,当头棒喝,52496,43501,dāng tóu bàng hè,1,
42814,党徽,52497,43502,dǎng huī,1,
42815,喉炎,52498,43503,hóu yán,1,
42816,先斩后奏,52499,43504,xiān zhǎn hòu zòu,1,
42817,好自为之,52500,43505,hǎo zì wéi zhī,1,
42818,抽丝,52502,43506,chōu sī,1,
42819,争风吃醋,52503,43507,zhēng fēng chī cù,1,
42820,呈文,52504,43508,chéng wén,1,
42821,悬垂,52506,43509,xuán chuí,1,
42822,寄售,52507,43510,jì shòu,1,
42823,前所未闻,52509,43511,qián suǒ wèi wén,1,
42824,耍花招,52510,43512,shuǎ huā zhāo,1,
42825,绿松石,52512,43513,lǜ sōng shí,1,
42826,保险丝,52513,43514,bǎo xiǎn sī,1,
42827,安贫乐道,52514,43515,ān pín lè dào,1,
42828,酒徒,52516,43516,jiǔ tú,1,
42829,自由王国,52521,43517,zì yóu wáng guó,1,
42830,煞车,52526,43518,shā chē,1,
42831,补票,52530,43519,bǔ piào,1,
42832,苟安,52531,43520,gǒu ān,1,
42833,壮志未酬,52532,43521,zhuàng zhì wèi chóu,1,
42834,指挥若定,52533,43522,zhǐ huī ruò dìng,1,
42835,吊儿郎当,52534,43523,diào er láng dāng,1,
42836,席面,52537,43524,xí miàn,1,
42837,弹尽粮绝,52539,43525,dàn jìn liáng jué,1,
42838,巡行,52544,43526,xún xíng,1,
42839,达斡尔族,52545,43527,dá wò ěr zú,1,
42840,发愤图强,52547,43528,fā fèn tú qiáng,1,
42841,餐巾纸,52548,43529,cān jīn zhǐ,1,
42842,翻涌,52549,43530,fān yǒng,1,
42843,牌局,52553,43531,pái jú,1,
42844,验明正身,52554,43532,yàn míng zhèng shēn,1,
42845,套红,52555,43533,tào hóng,1,
42846,响尾蛇,52556,43534,xiǎng wěi shé,1,
42847,吊带,52559,43535,diào dài,1,
42848,俳句,52560,43536,pái jù,1,
42849,吧嗒,52561,43537,bā dā,1,
42849,吧嗒,52561,43538,bā da,2,
42850,伤怀,52566,43539,shāng huái,1,
42851,陪侍,52570,43540,péi shì,1,
42852,双学位,52572,43541,shuāng xué wèi,1,
42853,除恶务尽,52575,43542,chú è wù jìn,1,
42854,横排,52576,43543,héng pái,1,
42855,水房,52577,43544,shuǐ fáng,1,
42856,曙色,52580,43545,shǔ sè,1,
42857,托名,52581,43546,tuō míng,1,
42858,丰茂,52582,43547,fēng mào,1,
42859,解酒,52583,43548,jiě jiǔ,1,
42860,笔筒,52585,43549,bǐ tǒng,1,
42861,关系户,52587,43550,guān xi hù,1,
42862,疟原虫,52588,43551,nüè yuán chóng,1,
42863,不归路,52589,43552,bù guī lù,1,
42864,斗拱,52592,43553,dǒu gǒng,1,
42865,枪膛,52593,43554,qiāng táng,1,
42866,藏龙卧虎,52596,43555,cáng lóng wò hǔ,1,
42867,洋味儿,52597,43556,yáng wèi er,1,
42868,疏朗,52599,43557,shū lǎng,1,
42869,旱烟袋,52603,43558,hàn yān dài,1,
42870,岁首,52604,43559,suì shǒu,1,
42871,白汤,52605,43560,bái tāng,1,
42872,毛裤,52606,43561,máo kù,1,
42873,观象台,52608,43562,guān xiàng tái,1,
42874,撒播,52610,43563,sǎ bō,1,
42875,鼓词,52612,43564,gǔ cí,1,
42876,雕虫小技,52615,43565,diāo chóng xiǎo jì,1,
42877,气头上,52618,43566,qì tóu shang,1,
42878,简谱,52620,43567,jiǎn pǔ,1,
42879,怀鬼胎,52621,43568,huái guǐ tāi,1,
42880,结缔组织,52625,43569,jié dì zǔ zhī,1,
42881,剧终,52626,43570,jù zhōng,1,
42882,干电池,52627,43571,gān diàn chí,1,
42883,鞋帮,52629,43572,xié bāng,1,
42884,灼痛,52630,43573,zhuó tòng,1,
42885,滑竿,52633,43574,huá gān,1,
42886,内廷,52635,43575,nèi tíng,1,
42887,磷光,52636,43576,lín guāng,1,
42888,柔滑,52638,43577,róu huá,1,
42889,小熊猫,52639,43578,xiǎo xióng māo,1,
42890,平权,52640,43579,píng quán,1,
42891,洒泪,52641,43580,sǎ lèi,1,
42892,拿一把,52642,43581,ná yī bǎ,1,
42893,繁密,52643,43582,fán mì,1,
42894,橡皮艇,52644,43583,xiàng pí tǐng,1,
42895,上轨道,52645,43584,shàng guǐ dào,1,
42896,放像机,52646,43585,fàng xiàng jī,1,
42897,钱柜,52647,43586,qián guì,1,
42898,诗境,52649,43587,shī jìng,1,
42899,录取线,52651,43588,lù qǔ xiàn,1,
42900,出洋相,52652,43589,chū yáng xiàng,1,
42901,麦客,52653,43590,mài kè,1,
42902,具结,52655,43591,jù jié,1,
42903,雷霆万钧,52656,43592,léi tíng wàn jūn,1,
42904,祝捷,52658,43593,zhù jié,1,
42905,柱头,52660,43594,zhù tóu,1,
42906,顺气,52664,43595,shùn qì,1,
42907,潜行,52669,43596,qián xíng,1,
42908,青灯,52674,43597,qīng dēng,1,
42909,灰泥,52675,43598,huī ní,1,
42910,埋单,52677,43599,mái dān,1,
42911,棉球,52680,43600,mián qiú,1,
42912,尘嚣,52681,43601,chén xiāo,1,
42913,拔节,52683,43602,bá jié,1,
42914,娃娃鱼,52688,43603,wá wa yú,1,
42915,防弹衣,52690,43604,fáng dàn yī,1,
42916,卫星云图,52691,43605,wèi xīng yún tú,1,
42917,买账,52694,43606,mǎi zhàng,1,
42918,喝西北风,52695,43607,hē xī běi fēng,1,
42919,苛捐杂税,52696,43608,kē juān zá shuì,1,
42920,脱靶,52699,43609,tuō bǎ,1,
42921,家祠,52703,43610,jiā cí,1,
42922,又红又专,52706,43611,yòu hóng yòu zhuān,1,
42923,公了,52707,43612,gōng liǎo,1,
42924,四边形,52708,43613,sì biān xíng,1,
42925,本籍,52709,43614,běn jí,1,
42926,摩擦力,52712,43615,mó cā lì,1,
42927,白饭,52715,43616,bái fàn,1,
42928,第二课堂,52717,43617,dì èr kè táng,1,
42929,御花园,52718,43618,yù huā yuán,1,
42930,袖筒,52721,43619,xiù tǒng,1,
42931,宇航服,52722,43620,yǔ háng fú,1,
42932,调档,52725,43621,diào dàng,1,
42933,看青,52726,43622,kān qīng,1,
42934,肺活量,52729,43623,fèi huó liàng,1,
42935,点种,52732,43624,diǎn zhòng,1,
42935,点种,52732,43625,diǎn zhǒng,2,
42936,翻耕,52733,43626,fān gēng,1,
42937,首恶,52734,43627,shǒu è,1,
42938,武士道,52737,43628,wǔ shì dào,1,
42939,大钞,52739,43629,dà chāo,1,
42940,挑花,52742,43630,tiǎo huā,1,
42941,仁义道德,52747,43631,rén yì dào dé,1,
42942,一争高低,52750,43632,yī zhēng gāo dī,1,
42943,尿频,52751,43633,niào pín,1,
42944,引火烧身,52753,43634,yǐn huǒ shāo shēn,1,
42945,戎马倥偬,52754,43635,róng mǎ kǒng zǒng,1,
42946,骨刺,52757,43636,gǔ cì,1,
42947,明知故问,52758,43637,míng zhī gù wèn,1,
42948,密级,52759,43638,mì jí,1,
42949,朝不保夕,52761,43639,zhāo bù bǎo xī,1,
42950,鸡犬不宁,52764,43640,jī quǎn bù níng,1,
42951,算话,52767,43641,suàn huà,1,
42952,翻江倒海,52769,43642,fān jiāng dǎo hǎi,1,
42953,畏首畏尾,52770,43643,wèi shǒu wèi wěi,1,
42954,雪梨,52771,43644,xuě lí,1,
42955,物极必反,52772,43645,wù jí bì fǎn,1,
42956,字母表,52773,43646,zì mǔ biǎo,1,
42957,胎死腹中,52774,43647,tāi sǐ fù zhōng,1,
42958,高保真,52775,43648,gāo bǎo zhēn,1,
42959,少东家,52777,43649,shào dōng jia,1,
42960,塌落,52778,43650,tā luò,1,
42961,自顾不暇,52781,43651,zì gù bù xiá,1,
42962,仰卧起坐,52784,43652,yǎng wò qǐ zuò,1,
42963,腹背受敌,52786,43653,fù bèi shòu dí,1,
42964,众叛亲离,52790,43654,zhòng pàn qīn lí,1,
42965,顺风耳,52791,43655,shùn fēng ěr,1,
42966,妖言,52795,43656,yāo yán,1,
42967,奸贼,52799,43657,jiān zéi,1,
42968,奸人,52800,43658,jiān rén,1,
42969,热饮,52801,43659,rè yǐn,1,
42970,素日,52803,43660,sù rì,1,
42971,露天矿,52804,43661,lù tiān kuàng,1,
42972,榛子,52805,43662,zhēn zi,1,
42973,虹膜,52806,43663,hóng mó,1,
42974,冰释,52812,43664,bīng shì,1,
42975,雨势,52814,43665,yǔ shì,1,
42976,花苞,52819,43666,huā bāo,1,
42977,蒙医,52821,43667,měng yī,1,
42978,灶神,52823,43668,zào shén,1,
42979,磁疗,52826,43669,cí liáo,1,
42980,花卷,52827,43670,huā juǎn,1,
42981,阙如,52829,43671,quē rú,1,
42982,拟作,52831,43672,nǐ zuò,1,
42983,插班,52833,43673,chā bān,1,
42984,号脉,52834,43674,hào mài,1,
42985,集刊,52836,43675,jí kān,1,
42986,谐趣,52837,43676,xié qù,1,
42987,残生,52838,43677,cán shēng,1,
42988,还俗,52840,43678,huán sú,1,
42989,书亭,52841,43679,shū tíng,1,
42990,拆装,52843,43680,chāi zhuāng,1,
42991,尺牍,52847,43681,chǐ dú,1,
42992,杀青,52849,43682,shā qīng,1,
42993,消愁,52850,43683,xiāo chóu,1,
42994,煞住,52856,43684,shā zhù,1,
42995,铺板,52857,43685,pù bǎn,1,
42996,蝉翼,52858,43686,chán yì,1,
42997,倒胃口,52860,43687,dǎo wèi kǒu,1,
42998,手技,52862,43688,shǒu jì,1,
42999,碑铭,52864,43689,bēi míng,1,
43000,水蜜桃,52865,43690,shuǐ mì táo,1,
43001,凿子,52866,43691,záo zi,1,
43002,涡轮机,52867,43692,wō lún jī,1,
43003,黄灿灿,52870,43693,huáng càn càn,1,
43004,落汤鸡,52871,43694,luò tāng jī,1,
43005,征粮,52872,43695,zhēng liáng,1,
43006,通敌,52873,43696,tōng dí,1,
43007,动肝火,52875,43697,dòng gān huǒ,1,
43008,驯顺,52876,43698,xùn shùn,1,
43009,转呈,52877,43699,zhuǎn chéng,1,
43010,丰足,52879,43700,fēng zú,1,
43011,浮屠,52880,43701,fú tú,1,
43012,穷愁,52881,43702,qióng chóu,1,
43013,可视性,52885,43703,kě shì xìng,1,
43014,配属,52890,43704,pèi shǔ,1,
43015,探察,52892,43705,tàn chá,1,
43016,日全食,52893,43706,rì quán shí,1,
43017,吊扇,52894,43707,diào shàn,1,
43018,刨食,52896,43708,páo shí,1,
43019,想得开,52897,43709,xiǎng de kāi,1,
43020,早恋,52898,43710,zǎo liàn,1,
43021,圈占,52899,43711,quān zhàn,1,
43022,出溜,52900,43712,chū liu,1,
43023,灶间,52901,43713,zào jiān,1,
43024,风斗,52905,43714,fēng dǒu,1,
43025,角钢,52906,43715,jiǎo gāng,1,
43026,茶炉,52907,43716,chá lú,1,
43027,赤脚医生,52910,43717,chì jiǎo yī shēng,1,
43028,兵不血刃,52911,43718,bīng bù xuè rèn,1,
43029,平炉,52913,43719,píng lú,1,
43030,夺杯,52915,43720,duó bēi,1,
43031,语料,52918,43721,yǔ liào,1,
43032,平步青云,52919,43722,píng bù qīng yún,1,
43033,担待,52920,43723,dān dài,1,
43034,风致,52924,43724,fēng zhì,1,
43035,蠢动,52925,43725,chǔn dòng,1,
43036,短训,52927,43726,duǎn xùn,1,
43037,毒刺,52928,43727,dú cì,1,
43038,快手,52930,43728,kuài shǒu,1,
43039,退热,52931,43729,tuì rè,1,
43040,沉潜,52932,43730,chén qián,1,
43041,悻然,52933,43731,xìng rán,1,
43042,骑警,52934,43732,qí jǐng,1,
43043,落第,52936,43733,luò dì,1,
43044,蜡纸,52940,43734,là zhǐ,1,
43045,苛责,52941,43735,kē zé,1,
43046,对焦,52943,43736,duì jiāo,1,
43047,省视,52944,43737,xǐng shì,1,
43048,昭彰,52945,43738,zhāo zhāng,1,
43049,下里巴人,52946,43739,xià lǐ bā rén,1,
43050,贤德,52948,43740,xián dé,1,
43051,山嘴,52949,43741,shān zuǐ,1,
43052,正极,52950,43742,zhèng jí,1,
43053,秘藏,52951,43743,mì cáng,1,
43054,摇把,52952,43744,yáo bà,1,
43055,边锋,52955,43745,biān fēng,1,
43056,认负,52956,43746,rèn fù,1,
43057,芡实,52958,43747,qiàn shí,1,
43058,快当,52960,43748,kuài dang,1,
43059,根绝,52962,43749,gēn jué,1,
43060,警容,52965,43750,jǐng róng,1,
43061,复壮,52966,43751,fù zhuàng,1,
43062,狠辣,52967,43752,hěn là,1,
43063,清炖,52969,43753,qīng dùn,1,
43064,海况,52971,43754,hǎi kuàng,1,
43065,催办,52973,43755,cuī bàn,1,
43066,誊写,52974,43756,téng xiě,1,
43067,针管,52976,43757,zhēn guǎn,1,
43068,官气,52980,43758,guān qì,1,
43069,观察室,52981,43759,guān chá shì,1,
43070,第二梯队,52982,43760,dì èr tī duì,1,
43071,无所不为,52984,43761,wú suǒ bù wéi,1,
43072,没事人,52987,43762,méi shì rén,1,
43073,绕圈子,52989,43763,rào quān zi,1,
43074,闷声不响,52990,43764,mēn shēng bù xiǎng,1,
43075,西部片,52992,43765,xī bù piàn,1,
43076,冷光,52994,43766,lěng guāng,1,
43077,白话诗,52995,43767,bái huà shī,1,
43078,穷期,52999,43768,qióng qī,1,
43079,皮包公司,53000,43769,pí bāo gōng sī,1,
43080,岂肯,53003,43770,qǐ kěn,1,
43081,不时之需,53006,43771,bù shí zhī xū,1,
43082,红眼病,53007,43772,hóng yǎn bìng,1,
43083,习惯法,53008,43773,xí guàn fǎ,1,
43084,紫丁香,53009,43774,zǐ dīng xiāng,1,
43085,后晌,53011,43775,hòu shǎng,1,
43086,常例,53014,43776,cháng lì,1,
43087,错漏,53015,43777,cuò lòu,1,
43088,血雨腥风,53016,43778,xuè yǔ xīng fēng,1,
43089,国破家亡,53017,43779,guó pò jiā wáng,1,
43090,先行官,53019,43780,xiān xíng guān,1,
43091,粗枝大叶,53020,43781,cū zhī dà yè,1,
43092,蜻蜓点水,53021,43782,qīng tíng diǎn shuǐ,1,
43093,发夹,53022,43783,fà jiā,1,
43094,肥硕,53023,43784,féi shuò,1,
43095,濡湿,53024,43785,rú shī,1,
43096,雄文,53025,43786,xióng wén,1,
43097,蛮缠,53027,43787,mán chán,1,
43098,确当,53029,43788,què dàng,1,
43099,皮黄,53030,43789,pí huáng,1,
43100,缓坡,53031,43790,huǎn pō,1,
43101,北极光,53033,43791,běi jí guāng,1,
43102,校阅,53037,43792,jiào yuè,1,
43103,穿衣镜,53038,43793,chuān yī jìng,1,
43104,怨不得,53044,43794,yuàn bu de,1,
43105,抖颤,53047,43795,dǒu chàn,1,
43106,有头有脸,53048,43796,yǒu tóu yǒu liǎn,1,
43107,腥风血雨,53050,43797,xīng fēng xuè yǔ,1,
43108,溃堤,53052,43798,kuì dī,1,
43109,喟然,53055,43799,kuì rán,1,
43110,棚圈,53057,43800,péng juàn,1,
43111,派任,53058,43801,pài rèn,1,
43112,叹惜,53060,43802,tàn xī,1,
43113,猜拳,53063,43803,cāi quán,1,
43114,江米,53065,43804,jiāng mǐ,1,
43115,呈正,53066,43805,chéng zhèng,1,
43116,鸿毛,53067,43806,hóng máo,1,
43117,契税,53068,43807,qì shuì,1,
43118,毛呢,53069,43808,máo ní,1,
43119,地久天长,53070,43809,dì jiǔ tiān cháng,1,
43120,邪乎,53073,43810,xié hu,1,
43121,派饭,53077,43811,pài fàn,1,
43122,派定,53079,43812,pài dìng,1,
43123,籽粒,53080,43813,zǐ lì,1,
43124,铁锚,53081,43814,tiě máo,1,
43125,家兔,53085,43815,jiā tù,1,
43126,反绑,53086,43816,fǎn bǎng,1,
43127,屁话,53087,43817,pì huà,1,
43128,功成身退,53089,43818,gōng chéng shēn tuì,1,
43129,日久天长,53092,43819,rì jiǔ tiān cháng,1,
43130,浅见,53093,43820,qiǎn jiàn,1,
43131,鸡眼,53096,43821,jī yǎn,1,
43132,坐骨,53097,43822,zuò gǔ,1,
43133,棋友,53098,43823,qí yǒu,1,
43134,畏缩不前,53099,43824,wèi suō bù qián,1,
43135,灵异,53100,43825,líng yì,1,
43136,做寿,53102,43826,zuò shòu,1,
43137,屈就,53104,43827,qū jiù,1,
43138,离愁,53105,43828,lí chóu,1,
43139,贱货,53108,43829,jiàn huò,1,
43140,奋飞,53109,43830,fèn fēi,1,
43141,刁民,53110,43831,diāo mín,1,
43142,蜡笔,53111,43832,là bǐ,1,
43143,入殓,53112,43833,rù liàn,1,
43144,甘醇,53114,43834,gān chún,1,
43145,犯傻,53115,43835,fàn shǎ,1,
43146,夜壶,53116,43836,yè hú,1,
43147,铆钉,53118,43837,mǎo dīng,1,
43148,炮艇,53120,43838,pào tǐng,1,
43149,大姓,53122,43839,dà xìng,1,
43150,讨生活,53124,43840,tǎo shēng huó,1,
43151,跑外,53127,43841,pǎo wài,1,
43152,佳期,53128,43842,jiā qī,1,
43153,警号,53129,43843,jǐng hào,1,
43154,飘移,53131,43844,piāo yí,1,
43155,拾取,53133,43845,shí qǔ,1,
43156,慑服,53134,43846,shè fú,1,
43157,茶汤,53137,43847,chá tāng,1,
43158,权臣,53140,43848,quán chén,1,
43159,别体,53143,43849,bié tǐ,1,
43160,秫秸,53144,43850,shú jiē,1,
43161,月终,53145,43851,yuè zhōng,1,
43162,倘或,53148,43852,tǎng huò,1,
43163,过载,53150,43853,guò zài,1,
43164,倒扣,53151,43854,dào kòu,1,
43165,柯尔克孜族,53152,43855,kē ěr kè zī zú,1,
43166,积贫积弱,53154,43856,jī pín jī ruò,1,
43167,强击机,53157,43857,qiáng jī jī,1,
43168,本本主义,53158,43858,běn běn zhǔ yì,1,
43169,统属,53160,43859,tǒng shǔ,1,
43170,令堂,53161,43860,lìng táng,1,
43171,净水器,53162,43861,jìng shuǐ qì,1,
43172,出列,53164,43862,chū liè,1,
43173,拨冗,53165,43863,bō rǒng,1,
43174,单轨,53168,43864,dān guǐ,1,
43175,工作餐,53170,43865,gōng zuò cān,1,
43176,业师,53172,43866,yè shī,1,
43177,闷雷,53174,43867,mèn léi,1,
43178,胆管,53176,43868,dǎn guǎn,1,
43179,兵船,53177,43869,bīng chuán,1,
43180,清场,53182,43870,qīng chǎng,1,
43181,袖管,53183,43871,xiù guǎn,1,
43182,结膜炎,53184,43872,jié mó yán,1,
43183,空勤,53186,43873,kōng qín,1,
43184,长镜头,53188,43874,cháng jìng tóu,1,
43185,俯拾即是,53189,43875,fǔ shí jí shì,1,
43186,手谈,53192,43876,shǒu tán,1,
43187,相乘,53193,43877,xiāng chéng,1,
43188,奇秀,53195,43878,qí xiù,1,
43189,袅娜,53197,43879,niǎo nuó,1,
43190,眼影,53198,43880,yǎn yǐng,1,
43191,恋慕,53202,43881,liàn mù,1,
43192,奖优罚劣,53203,43882,jiǎng yōu fá liè,1,
43193,密密层层,53205,43883,mì mi céng céng,1,
43194,荼毒,53206,43884,tú dú,1,
43195,少管所,53207,43885,shào guǎn suǒ,1,
43196,陨星,53208,43886,yǔn xīng,1,
43197,蠢人,53209,43887,chǔn rén,1,
43198,玉簪,53212,43888,yù zān,1,
43199,单相思,53213,43889,dān xiāng sī,1,
43200,妙算,53215,43890,miào suàn,1,
43201,调羹,53218,43891,tiáo gēng,1,
43202,豪壮,53220,43892,háo zhuàng,1,
43203,洋槐,53221,43893,yáng huái,1,
43204,值当,53222,43894,zhí dàng,1,
43205,斥骂,53225,43895,chì mà,1,
43206,编列,53226,43896,biān liè,1,
43207,倒买倒卖,53227,43897,dǎo mǎi dǎo mài,1,
43208,万寿无疆,53228,43898,wàn shòu wú jiāng,1,
43209,罢市,53229,43899,bà shì,1,
43210,路考,53230,43900,lù kǎo,1,
43211,双数,53232,43901,shuāng shù,1,
43212,乳猪,53235,43902,rǔ zhū,1,
43213,管段,53238,43903,guǎn duàn,1,
43214,攻守同盟,53239,43904,gōng shǒu tóng méng,1,
43215,笙歌,53240,43905,shēng gē,1,
43216,膀臂,53242,43906,bǎng bì,1,
43217,全科医生,53244,43907,quán kē yī shēng,1,
43218,蛋卷儿,53247,43908,dàn juǎn er,1,
43219,马裤,53248,43909,mǎ kù,1,
43220,顽劣,53253,43910,wán liè,1,
43221,肌理,53254,43911,jī lǐ,1,
43222,平滑肌,53256,43912,píng huá jī,1,
43223,莽原,53257,43913,mǎng yuán,1,
43224,凤梨,53258,43914,fèng lí,1,
43225,事到临头,53259,43915,shì dào lín tóu,1,
43226,灵台,53260,43916,líng tái,1,
43227,编年体,53261,43917,biān nián tǐ,1,
43228,幽冥,53264,43918,yōu míng,1,
43229,火力点,53266,43919,huǒ lì diǎn,1,
43230,错时,53268,43920,cuò shí,1,
43231,倨傲,53270,43921,jù ào,1,
43232,劝架,53271,43922,quàn jià,1,
43233,条桌,53273,43923,tiáo zhuō,1,
43234,豪雨,53275,43924,háo yǔ,1,
43235,备荒,53276,43925,bèi huāng,1,
43236,待批,53277,43926,dài pī,1,
43237,后步,53278,43927,hòu bù,1,
43238,光斑,53279,43928,guāng bān,1,
43239,安全阀,53280,43929,ān quán fá,1,
43240,茸毛,53282,43930,róng máo,1,
43241,咣当,53284,43931,guāng dāng,1,
43242,禅房,53288,43932,chán fáng,1,
43243,指画,53291,43933,zhǐ huà,1,
43244,焦渴,53292,43934,jiāo kě,1,
43245,荤腥,53295,43935,hūn xīng,1,
43246,外功,53297,43936,wài gōng,1,
43247,伏线,53299,43937,fú xiàn,1,
43248,地峡,53301,43938,dì xiá,1,
43249,月令,53303,43939,yuè lìng,1,
43250,揽储,53304,43940,lǎn chǔ,1,
43251,逼债,53306,43941,bī zhài,1,
43252,水蛇,53307,43942,shuǐ shé,1,
43253,尘肺,53311,43943,chén fèi,1,
43254,卷心菜,53312,43944,juǎn xīn cài,1,
43255,耳坠,53314,43945,ěr zhuì,1,
43256,豆汁,53315,43946,dòu zhī,1,
43257,神探,53317,43947,shén tàn,1,
43258,降将,53318,43948,xiáng jiàng,1,
43259,墙基,53322,43949,qiáng jī,1,
43260,敌特,53323,43950,dí tè,1,
43261,口头文学,53324,43951,kǒu tóu wén xué,1,
43262,卡宾枪,53326,43952,kǎ bīn qiāng,1,
43263,班期,53331,43953,bān qī,1,
43264,引语,53332,43954,yǐn yǔ,1,
43265,火性,53333,43955,huǒ xìng,1,
43266,绞杀,53335,43956,jiǎo shā,1,
43267,缙绅,53336,43957,jìn shēn,1,
43268,冻疮,53337,43958,dòng chuāng,1,
43269,挑眼,53339,43959,tiāo yǎn,1,
43270,雾蒙蒙,53340,43960,wù méng méng,1,
43271,行尸走肉,53343,43961,xíng shī zǒu ròu,1,
43272,半身像,53346,43962,bàn shēn xiàng,1,
43273,利齿,53350,43963,lì chǐ,1,
43274,杀一儆百,53355,43964,shā yī jǐng bǎi,1,
43275,碍手碍脚,53357,43965,ài shǒu ài jiǎo,1,
43276,吃不准,53359,43966,chī bu zhǔn,1,
43277,复命,53360,43967,fù mìng,1,
43278,诱捕,53362,43968,yòu bǔ,1,
43279,提纲挈领,53363,43969,tí gāng qiè lǐng,1,
43280,蔗农,53365,43970,zhè nóng,1,
43281,吭哧,53366,43971,kēng chi,1,
43282,反霸,53367,43972,fǎn bà,1,
43283,步话机,53371,43973,bù huà jī,1,
43284,出迎,53374,43974,chū yíng,1,
43285,空言,53380,43975,kōng yán,1,
43286,食不甘味,53382,43976,shí bù gān wèi,1,
43287,见风使舵,53387,43977,jiàn fēng shǐ duò,1,
43288,日甚一日,53388,43978,rì shèn yī rì,1,
43289,告竣,53389,43979,gào jùn,1,
43290,无的放矢,53390,43980,wú dì fàng shǐ,1,
43291,民族自决权,53392,43981,mín zú zì jué quán,1,
43292,奸恶,53394,43982,jiān è,1,
43293,投枪,53400,43983,tóu qiāng,1,
43294,朝三暮四,53401,43984,zhāo sān mù sì,1,
43295,银燕,53403,43985,yín yàn,1,
43296,一潭死水,53404,43986,yī tán sǐ shuǐ,1,
43297,切望,53406,43987,qiè wàng,1,
43298,玉兔,53407,43988,yù tù,1,
43299,即食,53412,43989,jí shí,1,
43300,旁及,53413,43990,páng jí,1,
43301,床架,53414,43991,chuáng jià,1,
43302,表里如一,53416,43992,biǎo lǐ rú yī,1,
43303,空疏,53419,43993,kōng shū,1,
43304,液氮,53421,43994,yè dàn,1,
43305,贬谪,53422,43995,biǎn zhé,1,
43306,训诲,53423,43996,xùn huì,1,
43307,肺脏,53424,43997,fèi zàng,1,
43308,纸版,53425,43998,zhǐ bǎn,1,
43309,泼皮,53427,43999,pō pí,1,
43310,躬耕,53430,44000,gōng gēng,1,
43311,飞转,53431,44001,fēi zhuàn,1,
43312,缺勤,53433,44002,quē qín,1,
43313,冰片,53436,44003,bīng piàn,1,
43314,路条,53437,44004,lù tiáo,1,
43315,杂家,53440,44005,zá jiā,1,
43316,跨年度,53441,44006,kuà nián dù,1,
43317,跳神,53442,44007,tiào shén,1,
43318,继业,53444,44008,jì yè,1,
43319,驱策,53446,44009,qū cè,1,
43320,竹筏,53448,44010,zhú fá,1,
43321,酵母菌,53449,44011,jiào mǔ jūn,1,
43322,呱呱叫,53450,44012,guā guā jiào,1,
43323,粗笨,53451,44013,cū bèn,1,
43324,闹笑话,53452,44014,nào xiào hua,1,
43325,协理员,53453,44015,xié lǐ yuán,1,
43326,干瞪眼,53454,44016,gān dèng yǎn,1,
43327,便帽,53455,44017,biàn mào,1,
43328,打哈哈,53457,44018,dǎ hā ha,1,
43329,鼓书,53458,44019,gǔ shū,1,
43330,通关节,53459,44020,tōng guān jié,1,
43331,商港,53460,44021,shāng gǎng,1,
43332,过山车,53461,44022,guò shān chē,1,
43333,扣帽子,53463,44023,kòu mào zi,1,
43334,走形式,53464,44024,zǒu xíng shì,1,
43335,票额,53467,44025,piào é,1,
43336,背运,53468,44026,bèi yùn,1,
43337,摇篮曲,53470,44027,yáo lán qǔ,1,
43338,保育员,53472,44028,bǎo yù yuán,1,
43339,伸懒腰,53474,44029,shēn lǎn yāo,1,
43340,热带鱼,53475,44030,rè dài yú,1,
43341,愚人节,53476,44031,yú rén jié,1,
43342,阴惨,53478,44032,yīn cǎn,1,
43343,指骨,53479,44033,zhǐ gǔ,1,
43344,老汤,53485,44034,lǎo tāng,1,
43345,参透,53494,44035,cān tòu,1,
43346,内外交困,53496,44036,nèi wài jiāo kùn,1,
43347,马尾松,53501,44037,mǎ wěi sōng,1,
43348,水轮机,53503,44038,shuǐ lún jī,1,
43349,公使馆,53505,44039,gōng shǐ guǎn,1,
43350,珞巴族,53508,44040,luò bā zú,1,
43351,千刀万剐,53512,44041,qiān dāo wàn guǎ,1,
43352,星火燎原,53513,44042,xīng huǒ liáo yuán,1,
43353,京族,53514,44043,jīng zú,1,
43354,离情,53517,44044,lí qíng,1,
43355,穴头,53518,44045,xué tóu,1,
43356,一文不名,53519,44046,yī wén bù míng,1,
43357,来日方长,53520,44047,lái rì fāng cháng,1,
43358,颠三倒四,53523,44048,diān sān dǎo sì,1,
43359,大寒,53524,44049,dà hán,1,
43360,硕果仅存,53526,44050,shuò guǒ jǐn cún,1,
43361,铁板一块,53527,44051,tiě bǎn yī kuài,1,
43362,隔靴搔痒,53529,44052,gé xuē sāo yǎng,1,
43363,草木皆兵,53531,44053,cǎo mù jiē bīng,1,
43364,奇装异服,53532,44054,qí zhuāng yì fú,1,
43365,欺人太甚,53533,44055,qī rén tài shèn,1,
43366,浑水摸鱼,53536,44056,hún shuǐ mō yú,1,
43367,导轨,53538,44057,dǎo guǐ,1,
43368,好好先生,53539,44058,hǎo hǎo xiān sheng,1,
43369,成年累月,53540,44059,chéng nián lěi yuè,1,
43370,没话找话,53542,44060,méi huà zhǎo huà,1,
43371,天造地设,53545,44061,tiān zào dì shè,1,
43372,私心杂念,53546,44062,sī xīn zá niàn,1,
43373,焚书坑儒,53548,44063,fén shū kēng rú,1,
43374,满腹经纶,53549,44064,mǎn fù jīng lún,1,
43375,脂油,53551,44065,zhī yóu,1,
43376,驳杂,53552,44066,bó zá,1,
43377,丹桂,53553,44067,dān guì,1,
43378,沙眼,53555,44068,shā yǎn,1,
43379,问诊,53556,44069,wèn zhěn,1,
43380,华族,53558,44070,huá zú,1,
43381,后景,53560,44071,hòu jǐng,1,
43382,出奔,53562,44072,chū bēn,1,
43383,对换,53563,44073,duì huàn,1,
43384,失准,53564,44074,shī zhǔn,1,
43385,画匠,53565,44075,huà jiàng,1,
43386,卓见,53566,44076,zhuó jiàn,1,
43387,落聘,53567,44077,luò pìn,1,
43388,招集,53568,44078,zhāo jí,1,
43389,兄嫂,53569,44079,xiōng sǎo,1,
43390,花斑,53570,44080,huā bān,1,
43391,蛇形,53571,44081,shé xíng,1,
43392,败军,53572,44082,bài jūn,1,
43393,羽化,53574,44083,yǔ huà,1,
43394,诱拐,53575,44084,yòu guǎi,1,
43395,袭用,53576,44085,xí yòng,1,
43396,无所不用其极,53580,44086,wú suǒ bù yòng qí jí,1,
43397,围猎,53581,44087,wéi liè,1,
43398,仇外,53584,44088,chóu wài,1,
43399,钟鼎,53585,44089,zhōng dǐng,1,
43400,桥栏,53587,44090,qiáo lán,1,
43401,溶血,53588,44091,róng xuè,1,
43402,荆条,53589,44092,jīng tiáo,1,
43403,爽利,53592,44093,shuǎng lì,1,
43404,硬顶,53593,44094,yìng dǐng,1,
43405,酬报,53594,44095,chóu bào,1,
43406,单名,53595,44096,dān míng,1,
43407,青果,53596,44097,qīng guǒ,1,
43408,西菜,53598,44098,xī cài,1,
43409,枭雄,53599,44099,xiāo xióng,1,
43410,码子,53600,44100,mǎ zi,1,
43411,骄矜,53601,44101,jiāo jīn,1,
43412,敷药,53603,44102,fū yào,1,
43413,失盗,53604,44103,shī dào,1,
43414,烟霞,53605,44104,yān xiá,1,
43415,再议,53611,44105,zài yì,1,
43416,飞吻,53612,44106,fēi wěn,1,
43417,标量,53614,44107,biāo liàng,1,
43418,氧吧,53615,44108,yǎng bā,1,
43419,凄迷,53616,44109,qī mí,1,
43420,松脆,53617,44110,sōng cuì,1,
43421,灭门,53618,44111,miè mén,1,
43422,翻斗,53622,44112,fān dǒu,1,
43423,护持,53623,44113,hù chí,1,
43424,撑死,53625,44114,chēng sǐ,1,
43425,官运亨通,53626,44115,guān yùn hēng tōng,1,
43426,趋时,53627,44116,qū shí,1,
43427,独吞,53629,44117,dú tūn,1,
43428,数理统计,53631,44118,shù lǐ tǒng jì,1,
43429,笑纳,53632,44119,xiào nà,1,
43430,合辙,53634,44120,hé zhé,1,
43431,宽窄,53635,44121,kuān zhǎi,1,
43432,猪崽,53636,44122,zhū zǎi,1,
43433,中文信息处理,53637,44123,zhōng wén xìn xī chǔ lǐ,1,
43434,跑冒滴漏,53640,44124,pǎo mào dī lòu,1,
43435,歪打正着,53641,44125,wāi dǎ zhèng zháo,1,
43436,美言,53642,44126,měi yán,1,
43437,噼里啪啦,53645,44127,pī li pā lā,1,
43438,认生,53646,44128,rèn shēng,1,
43439,酥软,53647,44129,sū ruǎn,1,
43440,朴质,53651,44130,pǔ zhì,1,
43441,大马哈鱼,53652,44131,dà mǎ hā yú,1,
43442,初会,53653,44132,chū huì,1,
43443,赘肉,53655,44133,zhuì ròu,1,
43444,红杏出墙,53659,44134,hóng xìng chū qiáng,1,
43445,名利场,53664,44135,míng lì chǎng,1,
43446,大票,53668,44136,dà piào,1,
43447,脑电图,53671,44137,nǎo diàn tú,1,
43448,救火车,53672,44138,jiù huǒ chē,1,
43449,台柱子,53673,44139,tái zhù zi,1,
43450,坝地,53676,44140,bà dì,1,
43451,超豪华,53677,44141,chāo háo huá,1,
43452,安歇,53679,44142,ān xiē,1,
43453,两点论,53681,44143,liǎng diǎn lùn,1,
43454,刨花板,53682,44144,bào huā bǎn,1,
43455,彩纸,53684,44145,cǎi zhǐ,1,
43456,大换血,53686,44146,dà huàn xiě,1,
43457,刻毒,53689,44147,kè dú,1,
43458,嫩滑,53692,44148,nèn huá,1,
43459,幽闭,53697,44149,yōu bì,1,
43460,初晴,53698,44150,chū qíng,1,
43461,相悦,53699,44151,xiāng yuè,1,
43462,反照,53700,44152,fǎn zhào,1,
43463,有始有终,53701,44153,yǒu shǐ yǒu zhōng,1,
43464,鱼肚白,53703,44154,yú dù bái,1,
43465,五里雾,53704,44155,wǔ lǐ wù,1,
43466,训示,53706,44156,xùn shì,1,
43467,肥缺,53707,44157,féi quē,1,
43468,探病,53710,44158,tàn bìng,1,
43469,祸心,53711,44159,huò xīn,1,
43470,土包子,53712,44160,tǔ bāo zi,1,
43471,温控,53713,44161,wēn kòng,1,
43472,斜照,53714,44162,xié zhào,1,
43473,飞沙走石,53716,44163,fēi shā zǒu shí,1,
43474,碰钉子,53717,44164,pèng dīng zi,1,
43475,出栏率,53721,44165,chū lán lǜ,1,
43476,未老先衰,53724,44166,wèi lǎo xiān shuāi,1,
43477,草民,53725,44167,cǎo mín,1,
43478,讹误,53729,44168,é wù,1,
43479,冲凉,53731,44169,chōng liáng,1,
43480,太息,53733,44170,tài xī,1,
43481,干结,53735,44171,gān jié,1,
43482,巡检,53736,44172,xún jiǎn,1,
43483,惨笑,53739,44173,cǎn xiào,1,
43484,魔方,53740,44174,mó fāng,1,
43485,钢锭,53742,44175,gāng dìng,1,
43486,小偷小摸,53743,44176,xiǎo tōu xiǎo mō,1,
43487,余烬,53746,44177,yú jìn,1,
43488,降尘,53747,44178,jiàng chén,1,
43489,彻查,53751,44179,chè chá,1,
43490,烈风,53752,44180,liè fēng,1,
43491,翠鸟,53754,44181,cuì niǎo,1,
43492,趣话,53756,44182,qù huà,1,
43493,停学,53758,44183,tíng xué,1,
43494,发窘,53759,44184,fā jiǒng,1,
43495,嫡传,53761,44185,dí chuán,1,
43496,趾甲,53762,44186,zhǐ jiǎ,1,
43497,上款,53764,44187,shàng kuǎn,1,
43498,斥力,53765,44188,chì lì,1,
43499,事过境迁,53769,44189,shì guò jìng qiān,1,
43500,哀怜,53773,44190,āi lián,1,
43501,春装,53777,44191,chūn zhuāng,1,
43502,外路,53778,44192,wài lù,1,
43503,汽缸,53779,44193,qì gāng,1,
43504,线呢,53780,44194,xiàn ní,1,
43505,功败垂成,53781,44195,gōng bài chuí chéng,1,
43506,深耕,53783,44196,shēn gēng,1,
43507,筋脉,53784,44197,jīn mài,1,
43508,冰花,53787,44198,bīng huā,1,
43509,主祭,53789,44199,zhǔ jì,1,
43510,浅析,53793,44200,qiǎn xī,1,
43511,摹写,53795,44201,mó xiě,1,
43512,推究,53798,44202,tuī jiū,1,
43513,毛织品,53803,44203,máo zhī pǐn,1,
43514,射精,53804,44204,shè jīng,1,
43515,鲜丽,53808,44205,xiān lì,1,
43516,闲饭,53809,44206,xián fàn,1,
43517,波形,53813,44207,bō xíng,1,
43518,血肿,53815,44208,xuè zhǒng,1,
43519,设色,53817,44209,shè sè,1,
43520,分子式,53821,44210,fēn zǐ shì,1,
43521,租约,53822,44211,zū yuē,1,
43522,突审,53823,44212,tū shěn,1,
43523,新异,53824,44213,xīn yì,1,
43524,氯霉素,53825,44214,lǜ méi sù,1,
43525,回肠荡气,53826,44215,huí cháng dàng qì,1,
43526,黄花菜,53827,44216,huáng huā cài,1,
43527,激变,53828,44217,jī biàn,1,
43528,折光,53829,44218,zhé guāng,1,
43529,红缨枪,53830,44219,hóng yīng qiāng,1,
43530,赏脸,53833,44220,shǎng liǎn,1,
43531,飞红,53835,44221,fēi hóng,1,
43532,舟车,53837,44222,zhōu chē,1,
43533,借势,53839,44223,jiè shì,1,
43534,浸渍,53840,44224,jìn zì,1,
43535,开后门,53842,44225,kāi hòu mén,1,
43536,骄奢淫逸,53846,44226,jiāo shē yín yì,1,
43537,生皮,53848,44227,shēng pí,1,
43538,完璧归赵,53849,44228,wán bì guī zhào,1,
43539,悲愁,53850,44229,bēi chóu,1,
43540,倒装,53852,44230,dào zhuāng,1,
43541,照付,53853,44231,zhào fù,1,
43542,晕车,53854,44232,yùn chē,1,
43543,警徽,53855,44233,jǐng huī,1,
43544,马槽,53856,44234,mǎ cáo,1,
43545,待查,53857,44235,dài chá,1,
43546,鸡肋,53859,44236,jī lèi,1,
43547,洪量,53861,44237,hóng liàng,1,
43548,流注,53865,44238,liú zhù,1,
43549,强人所难,53866,44239,qiǎng rén suǒ nán,1,
43550,戏园子,53867,44240,xì yuán zi,1,
43551,自戕,53869,44241,zì qiāng,1,
43552,文化衫,53873,44242,wén huà shān,1,
43553,站柜台,53874,44243,zhàn guì tái,1,
43554,贪杯,53875,44244,tān bēi,1,
43555,媚笑,53876,44245,mèi xiào,1,
43556,领水,53877,44246,lǐng shuǐ,1,
43557,十八般武艺,53879,44247,shí bā bān wǔ yì,1,
43558,髋关节,53881,44248,kuān guān jié,1,
43559,簪子,53883,44249,zān zi,1,
43560,城市贫民,53885,44250,chéng shì pín mín,1,
43561,同心圆,53887,44251,tóng xīn yuán,1,
43562,强心针,53888,44252,qiáng xīn zhēn,1,
43563,制热,53892,44253,zhì rè,1,
43564,伴娘,53896,44254,bàn niáng,1,
43565,狡狯,53897,44255,jiǎo kuài,1,
43566,封航,53900,44256,fēng háng,1,
43567,生灵涂炭,53901,44257,shēng líng tú tàn,1,
43568,细布,53902,44258,xì bù,1,
43569,相托,53903,44259,xiāng tuō,1,
43570,初露锋芒,53904,44260,chū lù fēng máng,1,
43571,林莽,53905,44261,lín mǎng,1,
43572,跳脚,53906,44262,tiào jiǎo,1,
43573,字模,53907,44263,zì mú,1,
43574,水肥,53908,44264,shuǐ féi,1,
43575,一团和气,53910,44265,yī tuán hé qì,1,
43576,寿诞,53911,44266,shòu dàn,1,
43577,法兰绒,53914,44267,fǎ lán róng,1,
43578,荷包蛋,53916,44268,hé bāo dàn,1,
43579,绿茵茵,53919,44269,lǜ yīn yīn,1,
43580,翩跹,53921,44270,piān xiān,1,
43581,因小失大,53922,44271,yīn xiǎo shī dà,1,
43582,传技,53923,44272,chuán jì,1,
43583,预防针,53924,44273,yù fáng zhēn,1,
43584,针脚,53927,44274,zhēn jiao,1,
43585,胸卡,53928,44275,xiōng kǎ,1,
43586,强辩,53930,44276,qiǎng biàn,1,
43587,挥戈,53931,44277,huī gē,1,
43588,老亲,53934,44278,lǎo qīn,1,
43589,断代史,53935,44279,duàn dài shǐ,1,
43590,硅片,53937,44280,guī piàn,1,
43591,畜养,53938,44281,xù yǎng,1,
43592,苦尽甘来,53940,44282,kǔ jìn gān lái,1,
43593,一表人才,53943,44283,yī biǎo rén cái,1,
43594,打胎,53944,44284,dǎ tāi,1,
43595,炭黑,53945,44285,tàn hēi,1,
43596,绢花,53947,44286,juàn huā,1,
43597,赞佩,53951,44287,zàn pèi,1,
43598,面目一新,53954,44288,miàn mù yī xīn,1,
43599,峻峭,53956,44289,jùn qiào,1,
43600,矾土,53957,44290,fán tǔ,1,
43601,婶母,53959,44291,shěn mǔ,1,
43602,借光,53961,44292,jiè guāng,1,
43603,软膏,53962,44293,ruǎn gāo,1,
43604,粉皮,53963,44294,fěn pí,1,
43605,诚邀,53964,44295,chéng yāo,1,
43606,搓揉,53965,44296,cuō róu,1,
43607,小酌,53966,44297,xiǎo zhuó,1,
43608,无关痛痒,53970,44298,wú guān tòng yǎng,1,
43609,门岗,53971,44299,mén gǎng,1,
43610,恭请,53972,44300,gōng qǐng,1,
43611,附送,53974,44301,fù sòng,1,
43612,习字,53975,44302,xí zì,1,
43613,纳贡,53978,44303,nà gòng,1,
43614,开镰,53979,44304,kāi lián,1,
43615,瑶池,53980,44305,yáo chí,1,
43616,旧年,53982,44306,jiù nián,1,
43617,香波,53983,44307,xiāng bō,1,
43618,枉费心机,53985,44308,wǎng fèi xīn jī,1,
43619,支渠,53989,44309,zhī qú,1,
43620,绵亘,53992,44310,mián gèn,1,
43621,本命年,53997,44311,běn mìng nián,1,
43622,爆棚,54001,44312,bào péng,1,
43623,推挤,54002,44313,tuī jǐ,1,
43624,五倍子,54004,44314,wǔ bèi zǐ,1,
43625,催逼,54005,44315,cuī bī,1,
43626,珠帘,54007,44316,zhū lián,1,
43627,教龄,54008,44317,jiào líng,1,
43628,佚名,54009,44318,yì míng,1,
43629,功德圆满,54010,44319,gōng dé yuán mǎn,1,
43630,洗心革面,54011,44320,xǐ xīn gé miàn,1,
43631,散架,54015,44321,sǎn jià,1,
43632,正字,54016,44322,zhèng zì,1,
43633,荣升,54017,44323,róng shēng,1,
43634,奋然,54019,44324,fèn rán,1,
43635,主婚,54021,44325,zhǔ hūn,1,
43636,照登,54023,44326,zhào dēng,1,
43637,明后天,54029,44327,míng hòu tiān,1,
43638,地下工厂,54030,44328,dì xià gōng chǎng,1,
43639,期票,54032,44329,qī piào,1,
43640,难兄难弟,54033,44330,nàn xiōng nàn dì,1,
43640,难兄难弟,54033,44331,nán xiōng nán dì,2,
43641,鱼刺,54039,44332,yú cì,1,
43642,老骥伏枥,54040,44333,lǎo jì fú lì,1,
43643,开天窗,54041,44334,kāi tiān chuāng,1,
43644,斩草除根,54043,44335,zhǎn cǎo chú gēn,1,
43645,尽先,54047,44336,jǐn xiān,1,
43646,数典忘祖,54049,44337,shǔ diǎn wàng zǔ,1,
43647,为民请命,54050,44338,wèi mín qǐng mìng,1,
43648,朱笔,54051,44339,zhū bǐ,1,
43649,心如刀割,54052,44340,xīn rú dāo gē,1,
43650,青春痘,54054,44341,qīng chūn dòu,1,
43651,童星,54055,44342,tóng xīng,1,
43652,临阵脱逃,54056,44343,lín zhèn tuō táo,1,
43653,器质性,54057,44344,qì zhì xìng,1,
43654,垂涎欲滴,54058,44345,chuí xián yù dī,1,
43655,平野,54060,44346,píng yě,1,
43656,琴瑟,54066,44347,qín sè,1,
43657,放射源,54069,44348,fàng shè yuán,1,
43658,风口浪尖,54070,44349,fēng kǒu làng jiān,1,
43659,割除,54071,44350,gē chú,1,
43660,猪食,54072,44351,zhū shí,1,
43661,闯关东,54074,44352,chuǎng guān dōng,1,
43662,垂帘听政,54075,44353,chuí lián tīng zhèng,1,
43663,糊涂虫,54076,44354,hú tu chóng,1,
43664,五雷轰顶,54077,44355,wǔ léi hōng dǐng,1,
43665,倾谈,54079,44356,qīng tán,1,
43666,话柄,54080,44357,huà bǐng,1,
43667,拉祜族,54081,44358,lā hù zú,1,
43668,奉养,54082,44359,fèng yǎng,1,
43669,献演,54084,44360,xiàn yǎn,1,
43670,列兵,54086,44361,liè bīng,1,
43671,保险系数,54087,44362,bǎo xiǎn xì shù,1,
43672,沧海横流,54088,44363,cāng hǎi héng liú,1,
43673,盖印,54090,44364,gài yìn,1,
43674,迷魂阵,54092,44365,mí hún zhèn,1,
43675,仰首,54093,44366,yǎng shǒu,1,
43676,逆时针,54094,44367,nì shí zhēn,1,
43677,萤石,54099,44368,yíng shí,1,
43678,凡例,54100,44369,fán lì,1,
43679,半点儿,54102,44370,bàn diǎn er,1,
43680,头彩,54103,44371,tóu cǎi,1,
43681,命门,54105,44372,mìng mén,1,
43682,凝目,54107,44373,níng mù,1,
43683,水剂,54109,44374,shuǐ jì,1,
43684,经纬度,54112,44375,jīng wěi dù,1,
43685,芒刺,54114,44376,máng cì,1,
43686,惊风,54115,44377,jīng fēng,1,
43687,金龟子,54116,44378,jīn guī zǐ,1,
43688,打棍子,54117,44379,dǎ gùn zi,1,
43689,消气,54119,44380,xiāo qì,1,
43690,穷棒子,54123,44381,qióng bàng zi,1,
43691,衣锦还乡,54126,44382,yī jǐn huán xiāng,1,
43692,操行,54127,44383,cāo xíng,1,
43693,少言寡语,54131,44384,shǎo yán guǎ yǔ,1,
43694,以强凌弱,54132,44385,yǐ qiáng líng ruò,1,
43695,瞧得起,54134,44386,qiáo de qǐ,1,
43696,婶娘,54135,44387,shěn niáng,1,
43697,遮阳伞,54136,44388,zhē yáng sǎn,1,
43698,愚妄,54137,44389,yú wàng,1,
43699,眉批,54139,44390,méi pī,1,
43700,胡搅蛮缠,54140,44391,hú jiǎo mán chán,1,
43701,远客,54142,44392,yuǎn kè,1,
43702,大而无当,54144,44393,dà ér wú dàng,1,
43703,山洼,54145,44394,shān wā,1,
43704,筹借,54152,44395,chóu jiè,1,
43705,柔润,54153,44396,róu rùn,1,
43706,雅量,54155,44397,yǎ liàng,1,
43707,三下五除二,54156,44398,sān xià wǔ chú èr,1,
43708,见异思迁,54158,44399,jiàn yì sī qiān,1,
43709,一言九鼎,54160,44400,yī yán jiǔ dǐng,1,
43710,章回小说,54161,44401,zhāng huí xiǎo shuō,1,
43711,抗凝,54162,44402,kàng níng,1,
43712,乡思,54163,44403,xiāng sī,1,
43713,自讨没趣,54164,44404,zì tǎo méi qù,1,
43714,常备不懈,54167,44405,cháng bèi bù xiè,1,
43715,乖张,54169,44406,guāi zhāng,1,
43716,咕隆,54170,44407,gū lōng,1,
43717,血盆大口,54173,44408,xuè pén dà kǒu,1,
43718,嘀嗒,54178,44409,dī dā,1,
43719,一息尚存,54179,44410,yī xī shàng cún,1,
43720,隙缝,54180,44411,xì fèng,1,
43721,有谱儿,54181,44412,yǒu pǔ er,1,
43722,稀巴烂,54182,44413,xī bā làn,1,
43723,暖水瓶,54184,44414,nuǎn shuǐ píng,1,
43724,寒舍,54185,44415,hán shè,1,
43725,诗韵,54186,44416,shī yùn,1,
43726,光导纤维,54187,44417,guāng dǎo xiān wéi,1,
43727,鱼肝油,54188,44418,yú gān yóu,1,
43728,守财奴,54190,44419,shǒu cái nú,1,
43729,克勤克俭,54192,44420,kè qín kè jiǎn,1,
43730,针头线脑,54196,44421,zhēn tóu xiàn nǎo,1,
43731,当路,54197,44422,dāng lù,1,
43732,音乐喷泉,54198,44423,yīn yuè pēn quán,1,
43733,炮眼,54200,44424,pào yǎn,1,
43734,理屈,54201,44425,lǐ qū,1,
43735,网卡,54203,44426,wǎng kǎ,1,
43736,百分数,54206,44427,bǎi fēn shù,1,
43737,圈椅,54207,44428,quān yǐ,1,
43738,统编,54208,44429,tǒng biān,1,
43739,硬通货,54210,44430,yìng tōng huò,1,
43740,唱对台戏,54215,44431,chàng duì tái xì,1,
43741,官印,54216,44432,guān yìn,1,
43742,中稻,54218,44433,zhōng dào,1,
43743,心宽,54222,44434,xīn kuān,1,
43744,算式,54223,44435,suàn shì,1,
43745,纯毛,54224,44436,chún máo,1,
43746,梢头,54225,44437,shāo tóu,1,
43747,熨烫,54228,44438,yùn tàng,1,
43748,裁并,54229,44439,cái bìng,1,
43749,出圈,54232,44440,chū juàn,1,
43750,洞房花烛,54233,44441,dòng fáng huā zhú,1,
43751,花托,54242,44442,huā tuō,1,
43752,板眼,54243,44443,bǎn yǎn,1,
43753,有盼,54247,44444,yǒu pàn,1,
43754,在聘,54249,44445,zài pìn,1,
43755,狂草,54252,44446,kuáng cǎo,1,
43756,快书,54253,44447,kuài shū,1,
43757,两便,54254,44448,liǎng biàn,1,
43758,船籍,54256,44449,chuán jí,1,
43759,僵蚕,54258,44450,jiāng cán,1,
43760,凉台,54259,44451,liáng tái,1,
43761,少林拳,54264,44452,shào lín quán,1,
43762,孤掌难鸣,54266,44453,gū zhǎng nán míng,1,
43763,言欢,54268,44454,yán huān,1,
43764,过磅,54271,44455,guò bàng,1,
43765,内宅,54273,44456,nèi zhái,1,
43766,苟且偷生,54275,44457,gǒu qiě tōu shēng,1,
43767,愠色,54280,44458,yùn sè,1,
43768,入戏,54283,44459,rù xì,1,
43769,遗诏,54286,44460,yí zhào,1,
43770,烟道,54287,44461,yān dào,1,
43771,素油,54288,44462,sù yóu,1,
43772,开快车,54289,44463,kāi kuài chē,1,
43773,陶工,54291,44464,táo gōng,1,
43774,货栈,54292,44465,huò zhàn,1,
43775,粉白,54294,44466,fěn bái,1,
43776,油橄榄,54296,44467,yóu gǎn lǎn,1,
43777,降半旗,54297,44468,jiàng bàn qí,1,
43778,清道夫,54298,44469,qīng dào fū,1,
43779,恶贯满盈,54299,44470,è guàn mǎn yíng,1,
43780,酌量,54301,44471,zhuó liáng,1,
43781,寒微,54302,44472,hán wēi,1,
43782,轻忽,54303,44473,qīng hū,1,
43783,村野,54304,44474,cūn yě,1,
43784,防锈,54306,44475,fáng xiù,1,
43785,外孙子,54309,44476,wài sūn zi,1,
43786,速算,54312,44477,sù suàn,1,
43787,决心书,54313,44478,jué xīn shū,1,
43788,见称,54314,44479,jiàn chēng,1,
43789,贺岁片,54315,44480,hè suì piàn,1,
43790,陈尸,54316,44481,chén shī,1,
43791,垒砌,54320,44482,lěi qì,1,
43792,田畴,54321,44483,tián chóu,1,
43793,既往不咎,54326,44484,jì wǎng bù jiù,1,
43794,背风,54328,44485,bèi fēng,1,
43795,拼音字母,54329,44486,pīn yīn zì mǔ,1,
43796,心子,54330,44487,xīn zi,1,
43797,伤号,54331,44488,shāng hào,1,
43798,自说自话,54332,44489,zì shuō zì huà,1,
43799,资材,54333,44490,zī cái,1,
43800,一团漆黑,54334,44491,yī tuán qī hēi,1,
43801,曲终人散,54339,44492,qǔ zhōng rén sàn,1,
43802,给面子,54340,44493,gěi miàn zi,1,
43803,心黑,54341,44494,xīn hēi,1,
43804,归心似箭,54342,44495,guī xīn sì jiàn,1,
43805,齐步走,54344,44496,qí bù zǒu,1,
43806,反戈一击,54349,44497,fǎn gē yī jī,1,
43807,发明权,54350,44498,fā míng quán,1,
43808,知人论世,54351,44499,zhī rén lùn shì,1,
43809,带菌,54359,44500,dài jūn,1,
43810,吹灯,54360,44501,chuī dēng,1,
43811,打炮,54362,44502,dǎ pào,1,
43812,学富五车,54366,44503,xué fù wǔ chē,1,
43813,顾影自怜,54367,44504,gù yǐng zì lián,1,
43814,怀想,54368,44505,huái xiǎng,1,
43815,局子,54371,44506,jú zi,1,
43816,涤棉,54374,44507,dí mián,1,
43817,石臼,54375,44508,shí jiù,1,
43818,气哼哼,54376,44509,qì hēng hēng,1,
43819,竹叶青,54377,44510,zhú yè qīng,1,
43820,细声细气,54383,44511,xì shēng xì qì,1,
43821,落地窗,54385,44512,luò dì chuāng,1,
43822,贴水,54387,44513,tiē shuǐ,1,
43823,殉葬品,54388,44514,xùn zàng pǐn,1,
43824,吃老本,54389,44515,chī lǎo běn,1,
43825,狗腿子,54393,44516,gǒu tuǐ zi,1,
43826,媚态,54396,44517,mèi tài,1,
43827,跌跤,54398,44518,diē jiāo,1,
43828,通共,54399,44519,tōng gòng,1,
43829,推却,54401,44520,tuī què,1,
43830,空载,54402,44521,kōng zài,1,
43831,众星捧月,54403,44522,zhòng xīng pěng yuè,1,
43832,辞谢,54404,44523,cí xiè,1,
43833,思恋,54406,44524,sī liàn,1,
43834,恩将仇报,54407,44525,ēn jiāng chóu bào,1,
43835,开心果,54409,44526,kāi xīn guǒ,1,
43836,验关,54410,44527,yàn guān,1,
43837,枝蔓,54411,44528,zhī màn,1,
43838,入镜,54412,44529,rù jìng,1,
43839,门扉,54413,44530,mén fēi,1,
43840,管账,54418,44531,guǎn zhàng,1,
43841,忤逆,54419,44532,wǔ nì,1,
43842,犯禁,54420,44533,fàn jìn,1,
43843,列阵,54421,44534,liè zhèn,1,
43844,女角,54422,44535,nǚ jué,1,
43845,细水长流,54427,44536,xì shuǐ cháng liú,1,
43846,体貌,54429,44537,tǐ mào,1,
43847,遗臭万年,54430,44538,yí chòu wàn nián,1,
43848,钦羡,54431,44539,qīn xiàn,1,
43849,菁菁,54432,44540,jīng jīng,1,
43850,颂词,54434,44541,sòng cí,1,
43851,枣核,54436,44542,zǎo hé,1,
43852,报账,54438,44543,bào zhàng,1,
43853,格式化,54439,44544,gé shì huà,1,
43854,画具,54440,44545,huà jù,1,
43855,煤耗,54441,44546,méi hào,1,
43856,出脱,54444,44547,chū tuō,1,
43857,杠杠,54445,44548,gàng gang,1,
43858,蜜枣,54446,44549,mì zǎo,1,
43859,下半旗,54447,44550,xià bàn qí,1,
43860,悬索桥,54448,44551,xuán suǒ qiáo,1,
43861,穷山恶水,54449,44552,qióng shān è shuǐ,1,
43862,哐啷,54450,44553,kuāng lāng,1,
43863,弧光,54455,44554,hú guāng,1,
43864,求雨,54456,44555,qiú yǔ,1,
43865,还情,54457,44556,huán qíng,1,
43866,凡间,54458,44557,fán jiān,1,
43867,穷乏,54459,44558,qióng fá,1,
43868,棕黑,54460,44559,zōng hēi,1,
43869,钢枪,54461,44560,gāng qiāng,1,
43870,隔离室,54466,44561,gé lí shì,1,
43871,家庭副业,54468,44562,jiā tíng fù yè,1,
43872,冰清玉洁,54469,44563,bīng qīng yù jié,1,
43873,近道,54471,44564,jìn dào,1,
43874,修脚,54473,44565,xiū jiǎo,1,
43875,广而告之,54477,44566,guǎng ér gào zhī,1,
43876,揭不开锅,54478,44567,jiē bu kāi guō,1,
43877,食料,54479,44568,shí liào,1,
43878,索还,54480,44569,suǒ huán,1,
43879,奸雄,54488,44570,jiān xióng,1,
43880,用膳,54489,44571,yòng shàn,1,
43881,长物,54491,44572,cháng wù,1,
43882,做贼心虚,54494,44573,zuò zéi xīn xū,1,
43883,妙手回春,54495,44574,miào shǒu huí chūn,1,
43884,永志不忘,54496,44575,yǒng zhì bù wàng,1,
43885,幽居,54502,44576,yōu jū,1,
43886,抱佛脚,54503,44577,bào fó jiǎo,1,
43887,一砖一瓦,54504,44578,yī zhuān yī wǎ,1,
43888,好高骛远,54507,44579,hào gāo wù yuǎn,1,
43889,眉来眼去,54509,44580,méi lái yǎn qù,1,
43890,心衰,54510,44581,xīn shuāi,1,
43891,攀越,54512,44582,pān yuè,1,
43892,谷氨酸,54519,44583,gǔ ān suān,1,
43893,气吞山河,54523,44584,qì tūn shān hé,1,
43894,腊肠,54526,44585,là cháng,1,
43895,净产值,54529,44586,jìng chǎn zhí,1,
43896,邻接,54531,44587,lín jiē,1,
43897,人造丝,54533,44588,rén zào sī,1,
43898,童山,54534,44589,tóng shān,1,
43899,蛋品,54537,44590,dàn pǐn,1,
43900,没心没肺,54540,44591,méi xīn méi fèi,1,
43901,虚言,54541,44592,xū yán,1,
43902,私方,54544,44593,sī fāng,1,
43903,横蛮,54548,44594,hèng mán,1,
43904,服色,54550,44595,fú sè,1,
43905,吞灭,54553,44596,tūn miè,1,
43906,利口,54556,44597,lì kǒu,1,
43907,涤荡,54558,44598,dí dàng,1,
43908,滴翠,54559,44599,dī cuì,1,
43909,通同,54560,44600,tōng tóng,1,
43910,发神经,54561,44601,fā shén jīng,1,
43911,蛇毒,54565,44602,shé dú,1,
43912,哀告,54566,44603,āi gào,1,
43913,宏旨,54570,44604,hóng zhǐ,1,
43914,发际,54572,44605,fà jì,1,
43915,外货,54573,44606,wài huò,1,
43916,芳容,54575,44607,fāng róng,1,
43917,待价而沽,54576,44608,dài jià ér gū,1,
43918,搅拌机,54577,44609,jiǎo bàn jī,1,
43919,死有余辜,54578,44610,sǐ yǒu yú gū,1,
43920,铸工,54580,44611,zhù gōng,1,
43921,包孕,54581,44612,bāo yùn,1,
43922,事假,54584,44613,shì jià,1,
43923,婚书,54585,44614,hūn shū,1,
43924,干白,54586,44615,gān bái,1,
43925,军犬,54589,44616,jūn quǎn,1,
43926,艺林,54594,44617,yì lín,1,
43927,铁幕,54595,44618,tiě mù,1,
43928,板条,54597,44619,bǎn tiáo,1,
43929,冰室,54599,44620,bīng shì,1,
43930,踟蹰,54603,44621,chí chú,1,
43931,散曲,54604,44622,sǎn qǔ,1,
43932,囚笼,54605,44623,qiú lóng,1,
43933,阴囊,54606,44624,yīn náng,1,
43934,浅笑,54609,44625,qiǎn xiào,1,
43935,试手,54610,44626,shì shǒu,1,
43936,朱门,54611,44627,zhū mén,1,
43937,青云直上,54612,44628,qīng yún zhí shàng,1,
43938,车险,54614,44629,chē xiǎn,1,
43939,悔过自新,54615,44630,huǐ guò zì xīn,1,
43940,汗渍,54619,44631,hàn zì,1,
43941,等距离,54624,44632,děng jù lí,1,
43942,百里挑一,54626,44633,bǎi lǐ tiāo yī,1,
43943,比目鱼,54629,44634,bǐ mù yú,1,
43944,屠城,54630,44635,tú chéng,1,
43945,憨笑,54632,44636,hān xiào,1,
43946,膂力,54634,44637,lǚ lì,1,
43947,半斤八两,54635,44638,bàn jīn bā liǎng,1,
43948,补差,54636,44639,bǔ chā,1,
43949,手谕,54637,44640,shǒu yù,1,
43950,奔泻,54639,44641,bēn xiè,1,
43951,折叠式,54640,44642,zhé dié shì,1,
43952,徭役,54641,44643,yáo yì,1,
43953,猩红热,54645,44644,xīng hóng rè,1,
43954,伽马射线,54648,44645,gā mǎ shè xiàn,1,
43955,谷穗,54650,44646,gǔ suì,1,
43956,本册,54652,44647,běn cè,1,
43957,浮动工资,54653,44648,fú dòng gōng zī,1,
43958,押车,54659,44649,yā chē,1,
43959,圣手,54663,44650,shèng shǒu,1,
43960,大灶,54664,44651,dà zào,1,
43961,疯话,54668,44652,fēng huà,1,
43962,抽验,54672,44653,chōu yàn,1,
43963,叠合,54674,44654,dié hé,1,
43964,牌九,54675,44655,pái jiǔ,1,
43965,离宫,54679,44656,lí gōng,1,
43966,将错就错,54680,44657,jiāng cuò jiù cuò,1,
43967,逗引,54681,44658,dòu yǐn,1,
43968,狂想曲,54683,44659,kuáng xiǎng qǔ,1,
43969,主题词,54687,44660,zhǔ tí cí,1,
43970,疾恶如仇,54688,44661,jí è rú chóu,1,
43971,绛红,54691,44662,jiàng hóng,1,
43972,抚琴,54694,44663,fǔ qín,1,
43973,干才,54695,44664,gàn cái,1,
43974,草垫,54696,44665,cǎo diàn,1,
43975,肉泥,54697,44666,ròu ní,1,
43976,函告,54699,44667,hán gào,1,
43977,仙丹,54700,44668,xiān dān,1,
43978,白食,54703,44669,bái shí,1,
43979,反扒,54704,44670,fǎn pá,1,
43980,果盘,54705,44671,guǒ pán,1,
43981,启发式,54706,44672,qǐ fā shì,1,
43982,灶火,54707,44673,zào huǒ,1,
43983,便溺,54708,44674,biàn niào,1,
43984,婚姻介绍所,54712,44675,hūn yīn jiè shào suǒ,1,
43985,健旺,54713,44676,jiàn wàng,1,
43986,戍守,54714,44677,shù shǒu,1,
43987,探案,54716,44678,tàn àn,1,
43988,商调,54717,44679,shāng diào,1,
43989,传声筒,54719,44680,chuán shēng tǒng,1,
43990,孝廉,54725,44681,xiào lián,1,
43991,地衣,54726,44682,dì yī,1,
43992,弧圈球,54729,44683,hú quān qiú,1,
43993,扫平,54732,44684,sǎo píng,1,
43994,阳离子,54733,44685,yáng lí zǐ,1,
43995,护养,54735,44686,hù yǎng,1,
43996,藏污纳垢,54736,44687,cáng wū nà gòu,1,
43997,动作片,54739,44688,dòng zuò piàn,1,
43998,校歌,54740,44689,xiào gē,1,
43999,佚文,54741,44690,yì wén,1,
44000,谈锋,54742,44691,tán fēng,1,
44001,盐商,54743,44692,yán shāng,1,
44002,虚夸,54744,44693,xū kuā,1,
44003,过誉,54745,44694,guò yù,1,
44004,落水狗,54746,44695,luò shuǐ gǒu,1,
44005,教书匠,54748,44696,jiāo shū jiàng,1,
44006,异体字,54749,44697,yì tǐ zì,1,
44007,豪侠,54750,44698,háo xiá,1,
44008,守岁,54753,44699,shǒu suì,1,
44009,月历,54758,44700,yuè lì,1,
44010,紫铜,54759,44701,zǐ tóng,1,
44011,准尉,54762,44702,zhǔn wèi,1,
44012,灵牌,54763,44703,líng pái,1,
44013,飞报,54764,44704,fēi bào,1,
44014,至友,54765,44705,zhì yǒu,1,
44015,滑车,54775,44706,huá chē,1,
44016,后台老板,54778,44707,hòu tái lǎo bǎn,1,
44017,禅让,54779,44708,shàn ràng,1,
44018,清甜,54780,44709,qīng tián,1,
44019,四海为家,54781,44710,sì hǎi wéi jiā,1,
44020,回禀,54784,44711,huí bǐng,1,
44021,垫圈,54787,44712,diàn quān,1,
44021,垫圈,54787,44713,diàn juàn,2,
44022,曲曲弯弯,54788,44714,qū qū wān wān,1,
44023,延性,54790,44715,yán xìng,1,
44024,仓容,54791,44716,cāng róng,1,
44025,飞掠,54793,44717,fēi lüè,1,
44026,撑船,54794,44718,chēng chuán,1,
44027,别有洞天,54797,44719,bié yǒu dòng tiān,1,
44028,老拳,54798,44720,lǎo quán,1,
44029,轻贱,54799,44721,qīng jiàn,1,
44030,二重唱,54800,44722,èr chóng chàng,1,
44031,杀人越货,54801,44723,shā rén yuè huò,1,
44032,分而治之,54804,44724,fēn ér zhì zhī,1,
44033,赌债,54808,44725,dǔ zhài,1,
44034,通分,54811,44726,tōng fēn,1,
44035,太空垃圾,54812,44727,tài kōng lā jī,1,
44036,低纬度,54814,44728,dī wěi dù,1,
44037,甜丝丝,54816,44729,tián sī sī,1,
44038,陈酒,54818,44730,chén jiǔ,1,
44039,独院,54819,44731,dú yuàn,1,
44040,尉官,54820,44732,wèi guān,1,
44041,套曲,54824,44733,tào qǔ,1,
44042,学徒工,54825,44734,xué tú gōng,1,
44043,紫薇,54827,44735,zǐ wēi,1,
44044,缝线,54828,44736,féng xiàn,1,
44045,油棕,54829,44737,yóu zōng,1,
44046,满额,54830,44738,mǎn é,1,
44047,宿怨,54832,44739,sù yuàn,1,
44048,障眼法,54833,44740,zhàng yǎn fǎ,1,
44049,监守自盗,54835,44741,jiān shǒu zì dào,1,
44050,大盖帽,54836,44742,dà gài mào,1,
44051,踏空,54839,44743,tà kōng,1,
44052,城郭,54840,44744,chéng guō,1,
44053,夜猫子,54844,44745,yè māo zi,1,
44054,心猿意马,54849,44746,xīn yuán yì mǎ,1,
44055,金嗓子,54850,44747,jīn sǎng zi,1,
44056,正比例,54854,44748,zhèng bǐ lì,1,
44057,陈兵,54855,44749,chén bīng,1,
44058,岗子,54856,44750,gǎng zi,1,
44059,曾经沧海,54858,44751,céng jīng cāng hǎi,1,
44060,漆画,54865,44752,qī huà,1,
44061,便鞋,54867,44753,biàn xié,1,
44062,六畜,54868,44754,liù chù,1,
44063,织女星,54869,44755,zhī nǚ xīng,1,
44064,眼皮子,54872,44756,yǎn pí zi,1,
44065,遮羞布,54873,44757,zhē xiū bù,1,
44066,镁光灯,54874,44758,měi guāng dēng,1,
44067,应用文,54875,44759,yìng yòng wén,1,
44068,变色龙,54876,44760,biàn sè lóng,1,
44069,底端,54879,44761,dǐ duān,1,
44070,拨浪鼓,54880,44762,bō lang gǔ,1,
44071,凄切,54884,44763,qī qiè,1,
44072,鹰犬,54889,44764,yīng quǎn,1,
44073,精子库,54891,44765,jīng zǐ kù,1,
44074,世风日下,54892,44766,shì fēng rì xià,1,
44075,翻拍,54893,44767,fān pāi,1,
44076,公之于世,54897,44768,gōng zhī yú shì,1,
44077,断壁残垣,54898,44769,duàn bì cán yuán,1,
44078,天网恢恢,54899,44770,tiān wǎng huī huī,1,
44079,神不守舍,54900,44771,shén bù shǒu shè,1,
44080,含羞草,54902,44772,hán xiū cǎo,1,
44081,瓜熟蒂落,54903,44773,guā shú dì luò,1,
44082,表功,54906,44774,biǎo gōng,1,
44083,药农,54910,44775,yào nóng,1,
44084,猛子,54913,44776,měng zi,1,
44085,落潮,54915,44777,luò cháo,1,
44086,哄然,54921,44778,hōng rán,1,
44087,青虾,54922,44779,qīng xiā,1,
44088,书箱,54923,44780,shū xiāng,1,
44089,作速,54926,44781,zuò sù,1,
44090,碧草,54927,44782,bì cǎo,1,
44091,沙枣,54928,44783,shā zǎo,1,
44092,乌亮,54930,44784,wū liàng,1,
44093,仰脖,54933,44785,yǎng bó,1,
44094,辣手,54935,44786,là shǒu,1,
44095,洋灰,54936,44787,yáng huī,1,
44096,发闷,54937,44788,fā mēn,1,
44096,发闷,54937,44789,fā mèn,2,
44097,夜叉,54938,44790,yè chā,1,
44098,渡桥,54939,44791,dù qiáo,1,
44099,金童玉女,54940,44792,jīn tóng yù nǚ,1,
44100,骈文,54942,44793,pián wén,1,
44101,引桥,54943,44794,yǐn qiáo,1,
44102,差池,54944,44795,chā chí,1,
44103,倚赖,54945,44796,yǐ lài,1,
44104,血衣,54946,44797,xuè yī,1,
44105,冷盘,54949,44798,lěng pán,1,
44106,断炊,54950,44799,duàn chuī,1,
44107,丙纶,54951,44800,bǐng lún,1,
44108,弹压,54953,44801,tán yā,1,
44109,秧子,54954,44802,yāng zi,1,
44110,绝艺,54955,44803,jué yì,1,
44111,休耕,54957,44804,xiū gēng,1,
44112,反串,54958,44805,fǎn chuàn,1,
44113,财运,54959,44806,cái yùn,1,
44114,怪相,54961,44807,guài xiàng,1,
44115,桥身,54962,44808,qiáo shēn,1,
44116,热敷,54964,44809,rè fū,1,
44117,轮盘,54968,44810,lún pán,1,
44118,专页,54972,44811,zhuān yè,1,
44119,奶汁,54974,44812,nǎi zhī,1,
44120,粮饷,54976,44813,liáng xiǎng,1,
44121,加塞儿,54977,44814,jiā sāi er,1,
44122,寥廓,54978,44815,liáo kuò,1,
44123,漠漠,54983,44816,mò mò,1,
44124,山径,54984,44817,shān jìng,1,
44125,晓畅,54986,44818,xiǎo chàng,1,
44126,憩息,54987,44819,qì xī,1,
44127,绞索,54991,44820,jiǎo suǒ,1,
44128,织染,54992,44821,zhī rǎn,1,
44129,奉令,54993,44822,fèng lìng,1,
44130,紧忙,54994,44823,jǐn máng,1,
44131,与闻,54995,44824,yù wén,1,
44132,早泄,54999,44825,zǎo xiè,1,
